Arguments: 
  C:\Program Files\nodejs\node.exe C:\Users\User\AppData\Roaming\npm\node_modules\yarn\bin\yarn.js install

PATH: 
  C:\Windows\system32;C:\Windows;C:\Windows\System32\Wbem;C:\Windows\System32\WindowsPowerShell\v1.0\;C:\Windows\System32\OpenSSH\;C:\Program Files\Git\cmd;C:\Program Files\nodejs\;C:\Users\User\AppData\Local\Microsoft\WindowsApps;C:\Users\User\AppData\Local\Programs\Microsoft VS Code Insiders\bin;C:\Users\User\AppData\Roaming\npm

Yarn version: 
  1.22.19

Node version: 
  16.13.2

Platform: 
  win32 x64

Trace: 
  Error: http://172.16.0.199:8081/repository/npm-hosted/xml-js: Package 'xml-js' not found
      at Request.params.callback [as _callback] (C:\Users\User\AppData\Roaming\npm\node_modules\yarn\lib\cli.js:66145:18)
      at Request.self.callback (C:\Users\User\AppData\Roaming\npm\node_modules\yarn\lib\cli.js:140890:22)
      at Request.emit (node:events:390:28)
      at Request.<anonymous> (C:\Users\User\AppData\Roaming\npm\node_modules\yarn\lib\cli.js:141862:10)
      at Request.emit (node:events:390:28)
      at IncomingMessage.<anonymous> (C:\Users\User\AppData\Roaming\npm\node_modules\yarn\lib\cli.js:141784:12)
      at Object.onceWrapper (node:events:509:28)
      at IncomingMessage.emit (node:events:402:35)
      at endReadableNT (node:internal/streams/readable:1343:12)
      at processTicksAndRejections (node:internal/process/task_queues:83:21)

npm manifest: 
  {
    "name": "@zov-logic/composer",
    "version": "1.0.0",
    "description": "",
    "engines": {
      "node": ">=14.0.0"
    },
    "browserslist": [
      "chrome >= 80"
    ],
    "scripts": {
      "lint:type": "tsc --project ./src --noEmit --emitDeclarationOnly false",
      "lint:es": "../node_modules/.bin/cross-env NODE_ENV=production ../node_modules/.bin/eslint --fix --cache \"**/*.{js,ts,tsx}\"",
      "lint:css": "../node_modules/.bin/cross-env NODE_ENV=production ../node_modules/.bin/stylelint --fix --cache \"**/*.{css,less}\"",
      "lint:json": "prettier --write **/*.json",
      "test": "jest",
      "commit": "git-cz",
      "recommit": "git commit --amend --no-edit",
      "demote": "elux demote",
      "dev": "elux webpack-dev",
      "build": "elux webpack-build",
      "build:localhost": "cross-env APP_ENV=localhost elux webpack-build",
      "build:analyzer": "elux webpack-build -a",
      "build:mock": "tsc --project ./mock",
      "mock": "elux mock --watch",
      "start": "elux webpack-dev",
      "dist": "node ./dist/local/start.js",
      "demo": "run-p mock dist",
      "publish:test": "../node_modules/.bin/elux webpack-build test && node ./dist/test/publish.js",
      "publish:sit": "../node_modules/.bin/elux webpack-build sit && node ./dist/sit/publish.js",
      "install:y": "yarn install --modules-folder ../node_modules"
    },
    "config": {
      "commitizen": {
        "path": "cz-conventional-changelog"
      }
    },
    "lint-staged": {
      "*.{js,jsx,ts,tsx,vue}": "cross-env NODE_ENV=production eslint --fix --quiet --cache",
      "*.{css,less}": "cross-env NODE_ENV=production stylelint --fix --quiet --cache",
      "*.json": "prettier --write"
    },
    "bundledDependencies": [
      "moment",
      "@ant-design/icons"
    ],
    "dependencies": {
      "@zov-logic/core": "^2.0.0",
      "@zov-logic/components": "^2.0.0",
      "@elux/react-web": "^2.6.3",
      "react": "^18.0.0",
      "react-dom": "^18.0.0",
      "react-redux": "^8.0.0",
      "axios": "^1.3.0",
      "dayjs": "^1.11.0",
      "classnames": "^2.0.0",
      "lodash": "^4.0.0",
      "query-string": "^7.1.1",
      "path-to-regexp": "^6.2.0",
      "antd": "^5.0.0",
      "xml-js":"^1.6.11",
      "fast-xml-parser": "^4.3.2",
      "monaco-editor": "^0.45.0",
      "@monaco-editor/react": "^4.6.0",
      "copy-to-clipboard": "^3.0.0"
    },
    "devDependencies": {
      "@types/node": "^18.0.0",
      "@types/react": "^18.0.0",
      "@types/react-dom": "^18.0.0",
      "@types/lodash": "^4.0.0",
      "@types/jest": "*",
      "@elux/cli": "^2.5.2",
      "@elux/cli-utils": "^2.3.1",
      "@elux/cli-webpack": "^2.3.1",
      "@elux/cli-mock": "^2.1.0",
      "@elux/babel-preset": "^1.0.2",
      "@elux/eslint-plugin": "^1.2.2",
      "@elux/stylelint-config": "^1.1.1",
      "@commitlint/cli": "~12.1.1",
      "@commitlint/config-conventional": "~12.1.1",
      "monaco-editor-webpack-plugin": "^7.0.1",
      "jest": "*",
      "npm-run-all": "~4.1.5",
      "cross-env": "~7.0.0",
      "copyfiles": "~2.4.0",
      "typescript": "~4.8.0",
      "autoprefixer": "~10.4.0",
      "less": "~3.12.2",
      "less-loader": "~7.1.0",
      "lint-staged": "~10.5.4",
      "husky": "~4.3.8",
      "commitizen": "~4.2.3",
      "cz-conventional-changelog": "~3.3.0"
    }
  }

yarn manifest: 
  No manifest

Lockfile: 
  # THIS IS AN AUTOGENERATED FILE. DO NOT EDIT THIS FILE DIRECTLY.
  # yarn lockfile v1
  
  
  "@aashutoshrathi/word-wrap@^1.2.3":
    version "1.2.6"
    resolved "http://172.16.0.199:8081/repository/npm-hosted/@aashutoshrathi/word-wrap/-/word-wrap-1.2.6.tgz#bd9154aec9983f77b3a034ecaa015c2e4201f6cf"
    integrity sha1-vZFUrsmYP3ezoDTsqgFcLkIB9s8=
  
  "@ampproject/remapping@^2.2.0":
    version "2.2.0"
    resolved "http://172.16.0.199:8081/repository/npm-hosted/@ampproject/remapping/-/remapping-2.2.0.tgz#56c133824780de3174aed5ab6834f3026790154d"
    integrity sha1-VsEzgkeA3jF0rtWraDTzAmeQFU0=
    dependencies:
      "@jridgewell/gen-mapping" "^0.1.0"
      "@jridgewell/trace-mapping" "^0.3.9"
  
  "@ant-design/colors@^7.0.0":
    version "7.0.0"
    resolved "http://172.16.0.199:8081/repository/npm-hosted/@ant-design/colors/-/colors-7.0.0.tgz#eb7eecead124c3533aea05d61254f0a17f2b61b3"
    integrity sha1-637s6tEkw1M66gXWElTwoX8rYbM=
    dependencies:
      "@ctrl/tinycolor" "^3.4.0"
  
  "@ant-design/cssinjs@^1.17.2":
    version "1.17.2"
    resolved "http://172.16.0.199:8081/repository/npm-hosted/@ant-design/cssinjs/-/cssinjs-1.17.2.tgz#08e939cbe60e9e0e0f3f03cd53a52e4a7623ed1f"
    integrity sha1-COk5y+YOng4PPwPNU6UuSnYj7R8=
    dependencies:
      "@babel/runtime" "^7.11.1"
      "@emotion/hash" "^0.8.0"
      "@emotion/unitless" "^0.7.5"
      classnames "^2.3.1"
      csstype "^3.0.10"
      rc-util "^5.35.0"
      stylis "^4.0.13"
  
  "@ant-design/icons-svg@^4.3.0":
    version "4.3.1"
    resolved "http://172.16.0.199:8081/repository/npm-hosted/@ant-design/icons-svg/-/icons-svg-4.3.1.tgz#4b2f65a17d4d32b526baa6414aca2117382bf8da"
    integrity sha1-Sy9loX1NMrUmuqZBSsohFzgr+No=
  
  "@ant-design/icons@^5.2.6":
    version "5.2.6"
    resolved "http://172.16.0.199:8081/repository/npm-hosted/@ant-design/icons/-/icons-5.2.6.tgz#2d4a9a37f531eb2a20cebec01d6fb69cf593900d"
    integrity sha1-LUqaN/Ux6yogzr7AHW+2nPWTkA0=
    dependencies:
      "@ant-design/colors" "^7.0.0"
      "@ant-design/icons-svg" "^4.3.0"
      "@babel/runtime" "^7.11.2"
      classnames "^2.2.6"
      rc-util "^5.31.1"
  
  "@ant-design/react-slick@~1.0.2":
    version "1.0.2"
    resolved "http://172.16.0.199:8081/repository/npm-hosted/@ant-design/react-slick/-/react-slick-1.0.2.tgz#241bb412aeacf7ff5d50c61fa5db66773fde6b56"
    integrity sha1-JBu0Eq6s9/9dUMYfpdtmdz/ea1Y=
    dependencies:
      "@babel/runtime" "^7.10.4"
      classnames "^2.2.5"
      json2mq "^0.2.0"
      resize-observer-polyfill "^1.5.1"
      throttle-debounce "^5.0.0"
  
  "@antv/x6-common@^2.0.16":
    version "2.0.16"
    resolved "http://172.16.0.199:8081/repository/npm-hosted/@antv/x6-common/-/x6-common-2.0.16.tgz#f5b12c3eb7afd5736deb1c9bd899c83de08d77f3"
    integrity sha1-9bEsPrev1XNt6xyb2JnIPeCNd/M=
    dependencies:
      lodash-es "^4.17.15"
      utility-types "^3.10.0"
  
  "@antv/x6-geometry@^2.0.5":
    version "2.0.5"
    resolved "http://172.16.0.199:8081/repository/npm-hosted/@antv/x6-geometry/-/x6-geometry-2.0.5.tgz#c158317d74135bedd78c2fdeb76f9c7cfa0ef0aa"
    integrity sha1-wVgxfXQTW+3XjC/et2+cfPoO8Ko=
  
  "@antv/x6-plugin-keyboard@^2.0.0":
    version "2.2.1"
    resolved "http://172.16.0.199:8081/repository/npm-hosted/@antv/x6-plugin-keyboard/-/x6-plugin-keyboard-2.2.1.tgz#a6bf1d1dbec7b520ebb5090fdb275b2f4e3ea42e"
    integrity sha1-pr8dHb7HtSDrtQkP2ydbL04+pC4=
    dependencies:
      mousetrap "^1.6.5"
  
  "@antv/x6-plugin-scroller@^2.0.0":
    version "2.0.10"
    resolved "http://172.16.0.199:8081/repository/npm-hosted/@antv/x6-plugin-scroller/-/x6-plugin-scroller-2.0.10.tgz#bdd39d3530e469bbe72c5feca3b6787512232a3d"
    integrity sha1-vdOdNTDkabvnLF/so7Z4dRIjKj0=
  
  "@antv/x6-react-shape@^2.0.0":
    version "2.2.2"
    resolved "http://172.16.0.199:8081/repository/npm-hosted/@antv/x6-react-shape/-/x6-react-shape-2.2.2.tgz#b0caf31219fa3219b4e7a4960583e2c3affb870c"
    integrity sha1-sMrzEhn6Mhm056SWBYPiw6/7hww=
  
  "@antv/x6@^2.0.0":
    version "2.15.6"
    resolved "http://172.16.0.199:8081/repository/npm-hosted/@antv/x6/-/x6-2.15.6.tgz#bcc975629411c6da331e0f944672ba387a0aab69"
    integrity sha1-vMl1YpQRxtozHg+URnK6OHoKq2k=
    dependencies:
      "@antv/x6-common" "^2.0.16"
      "@antv/x6-geometry" "^2.0.5"
      utility-types "^3.10.0"
  
  "@babel/cli@~7.15.7":
    version "7.15.7"
    resolved "http://172.16.0.199:8081/repository/npm-hosted/@babel/cli/-/cli-7.15.7.tgz#62658abedb786d09c1f70229224b11a65440d7a1"
    integrity sha1-YmWKvtt4bQnB9wIpIksRplRA16E=
    dependencies:
      commander "^4.0.1"
      convert-source-map "^1.1.0"
      fs-readdir-recursive "^1.1.0"
      glob "^7.0.0"
      make-dir "^2.1.0"
      slash "^2.0.0"
      source-map "^0.5.0"
    optionalDependencies:
      "@nicolo-ribaudo/chokidar-2" "2.1.8-no-fsevents.3"
      chokidar "^3.4.0"
  
  "@babel/code-frame@^7.0.0", "@babel/code-frame@^7.10.4", "@babel/code-frame@^7.12.13", "@babel/code-frame@^7.15.8", "@babel/code-frame@^7.16.7", "@babel/code-frame@^7.21.4", "@babel/code-frame@^7.22.13", "@babel/code-frame@^7.22.5":
    version "7.22.13"
    resolved "http://172.16.0.199:8081/repository/npm-hosted/@babel/code-frame/-/code-frame-7.22.13.tgz#e3c1c099402598483b7a8c46a721d1038803755e"
    integrity sha1-48HAmUAlmEg7eoxGpyHRA4gDdV4=
    dependencies:
      "@babel/highlight" "^7.22.13"
      chalk "^2.4.2"
  
  "@babel/compat-data@^7.13.11", "@babel/compat-data@^7.15.0", "@babel/compat-data@^7.20.5":
    version "7.20.10"
    resolved "http://172.16.0.199:8081/repository/npm-hosted/@babel/compat-data/-/compat-data-7.20.10.tgz#9d92fa81b87542fff50e848ed585b4212c1d34ec"
    integrity sha1-nZL6gbh1Qv/1DoSO1YW0ISwdNOw=
  
  "@babel/compat-data@^7.22.9":
    version "7.23.3"
    resolved "http://172.16.0.199:8081/repository/npm-hosted/@babel/compat-data/-/compat-data-7.23.3.tgz#3febd552541e62b5e883a25eb3effd7c7379db11"
    integrity sha1-P+vVUlQeYrXog6Jes+/9fHN52xE=
  
  "@babel/core@^7.1.0", "@babel/core@^7.12.3", "@babel/core@^7.7.2", "@babel/core@^7.8.0":
    version "7.21.8"
    resolved "http://172.16.0.199:8081/repository/npm-hosted/@babel/core/-/core-7.21.8.tgz#2a8c7f0f53d60100ba4c32470ba0281c92aa9aa4"
    integrity sha1-Kox/D1PWAQC6TDJHC6AoHJKqmqQ=
    dependencies:
      "@ampproject/remapping" "^2.2.0"
      "@babel/code-frame" "^7.21.4"
      "@babel/generator" "^7.21.5"
      "@babel/helper-compilation-targets" "^7.21.5"
      "@babel/helper-module-transforms" "^7.21.5"
      "@babel/helpers" "^7.21.5"
      "@babel/parser" "^7.21.8"
      "@babel/template" "^7.20.7"
      "@babel/traverse" "^7.21.5"
      "@babel/types" "^7.21.5"
      convert-source-map "^1.7.0"
      debug "^4.1.0"
      gensync "^1.0.0-beta.2"
      json5 "^2.2.2"
      semver "^6.3.0"
  
  "@babel/core@~7.15.8":
    version "7.15.8"
    resolved "http://172.16.0.199:8081/repository/npm-hosted/@babel/core/-/core-7.15.8.tgz#195b9f2bffe995d2c6c159e72fe525b4114e8c10"
    integrity sha1-GVufK//pldLGwVnnL+UltBFOjBA=
    dependencies:
      "@babel/code-frame" "^7.15.8"
      "@babel/generator" "^7.15.8"
      "@babel/helper-compilation-targets" "^7.15.4"
      "@babel/helper-module-transforms" "^7.15.8"
      "@babel/helpers" "^7.15.4"
      "@babel/parser" "^7.15.8"
      "@babel/template" "^7.15.4"
      "@babel/traverse" "^7.15.4"
      "@babel/types" "^7.15.6"
      convert-source-map "^1.7.0"
      debug "^4.1.0"
      gensync "^1.0.0-beta.2"
      json5 "^2.1.2"
      semver "^6.3.0"
      source-map "^0.5.0"
  
  "@babel/eslint-parser@^7.15.8":
    version "7.19.1"
    resolved "http://172.16.0.199:8081/repository/npm-hosted/@babel/eslint-parser/-/eslint-parser-7.19.1.tgz#4f68f6b0825489e00a24b41b6a1ae35414ecd2f4"
    integrity sha1-T2j2sIJUieAKJLQbahrjVBTs0vQ=
    dependencies:
      "@nicolo-ribaudo/eslint-scope-5-internals" "5.1.1-v1"
      eslint-visitor-keys "^2.1.0"
      semver "^6.3.0"
  
  "@babel/generator@^7.15.8", "@babel/generator@^7.7.2":
    version "7.21.3"
    resolved "http://172.16.0.199:8081/repository/npm-hosted/@babel/generator/-/generator-7.21.3.tgz#232359d0874b392df04045d72ce2fd9bb5045fce"
    integrity sha1-IyNZ0IdLOS3wQEXXLOL9m7UEX84=
    dependencies:
      "@babel/types" "^7.21.3"
      "@jridgewell/gen-mapping" "^0.3.2"
      "@jridgewell/trace-mapping" "^0.3.17"
      jsesc "^2.5.1"
  
  "@babel/generator@^7.21.5", "@babel/generator@^7.23.3":
    version "7.23.3"
    resolved "http://172.16.0.199:8081/repository/npm-hosted/@babel/generator/-/generator-7.23.3.tgz#86e6e83d95903fbe7613f448613b8b319f330a8e"
    integrity sha1-huboPZWQP752E/RIYTuLMZ8zCo4=
    dependencies:
      "@babel/types" "^7.23.3"
      "@jridgewell/gen-mapping" "^0.3.2"
      "@jridgewell/trace-mapping" "^0.3.17"
      jsesc "^2.5.1"
  
  "@babel/helper-annotate-as-pure@^7.18.6":
    version "7.18.6"
    resolved "http://172.16.0.199:8081/repository/npm-hosted/@babel/helper-annotate-as-pure/-/helper-annotate-as-pure-7.18.6.tgz#eaa49f6f80d5a33f9a5dd2276e6d6e451be0a6bb"
    integrity sha1-6qSfb4DVoz+aXdInbm1uRRvgprs=
    dependencies:
      "@babel/types" "^7.18.6"
  
  "@babel/helper-annotate-as-pure@^7.22.5":
    version "7.22.5"
    resolved "http://172.16.0.199:8081/repository/npm-hosted/@babel/helper-annotate-as-pure/-/helper-annotate-as-pure-7.22.5.tgz#e7f06737b197d580a01edf75d97e2c8be99d3882"
    integrity sha1-5/BnN7GX1YCgHt912X4si+mdOII=
    dependencies:
      "@babel/types" "^7.22.5"
  
  "@babel/helper-builder-binary-assignment-operator-visitor@^7.22.15":
    version "7.22.15"
    resolved "http://172.16.0.199:8081/repository/npm-hosted/@babel/helper-builder-binary-assignment-operator-visitor/-/helper-builder-binary-assignment-operator-visitor-7.22.15.tgz#5426b109cf3ad47b91120f8328d8ab1be8b0b956"
    integrity sha1-VCaxCc861HuREg+DKNirG+iwuVY=
    dependencies:
      "@babel/types" "^7.22.15"
  
  "@babel/helper-compilation-targets@^7.13.0", "@babel/helper-compilation-targets@^7.15.4", "@babel/helper-compilation-targets@^7.20.7", "@babel/helper-compilation-targets@^7.21.5", "@babel/helper-compilation-targets@^7.22.15":
    version "7.22.15"
    resolved "http://172.16.0.199:8081/repository/npm-hosted/@babel/helper-compilation-targets/-/helper-compilation-targets-7.22.15.tgz#0698fc44551a26cf29f18d4662d5bf545a6cfc52"
    integrity sha1-Bpj8RFUaJs8p8Y1GYtW/VFps/FI=
    dependencies:
      "@babel/compat-data" "^7.22.9"
      "@babel/helper-validator-option" "^7.22.15"
      browserslist "^4.21.9"
      lru-cache "^5.1.1"
      semver "^6.3.1"
  
  "@babel/helper-create-class-features-plugin@^7.15.4", "@babel/helper-create-class-features-plugin@^7.18.6", "@babel/helper-create-class-features-plugin@^7.20.5", "@babel/helper-create-class-features-plugin@^7.20.7":
    version "7.20.12"
    resolved "http://172.16.0.199:8081/repository/npm-hosted/@babel/helper-create-class-features-plugin/-/helper-create-class-features-plugin-7.20.12.tgz#4349b928e79be05ed2d1643b20b99bb87c503819"
    integrity sha1-Q0m5KOeb4F7S0WQ7ILmbuHxQOBk=
    dependencies:
      "@babel/helper-annotate-as-pure" "^7.18.6"
      "@babel/helper-environment-visitor" "^7.18.9"
      "@babel/helper-function-name" "^7.19.0"
      "@babel/helper-member-expression-to-functions" "^7.20.7"
      "@babel/helper-optimise-call-expression" "^7.18.6"
      "@babel/helper-replace-supers" "^7.20.7"
      "@babel/helper-skip-transparent-expression-wrappers" "^7.20.0"
      "@babel/helper-split-export-declaration" "^7.18.6"
  
  "@babel/helper-create-regexp-features-plugin@^7.18.6", "@babel/helper-create-regexp-features-plugin@^7.20.5":
    version "7.20.5"
    resolved "http://172.16.0.199:8081/repository/npm-hosted/@babel/helper-create-regexp-features-plugin/-/helper-create-regexp-features-plugin-7.20.5.tgz#5ea79b59962a09ec2acf20a963a01ab4d076ccca"
    integrity sha1-XqebWZYqCewqzyCpY6AatNB2zMo=
    dependencies:
      "@babel/helper-annotate-as-pure" "^7.18.6"
      regexpu-core "^5.2.1"
  
  "@babel/helper-define-polyfill-provider@^0.2.2", "@babel/helper-define-polyfill-provider@^0.2.4":
    version "0.2.4"
    resolved "http://172.16.0.199:8081/repository/npm-hosted/@babel/helper-define-polyfill-provider/-/helper-define-polyfill-provider-0.2.4.tgz#8867aed79d3ea6cade40f801efb7ac5c66916b10"
    integrity sha1-iGeu150+psreQPgB77esXGaRaxA=
    dependencies:
      "@babel/helper-compilation-targets" "^7.13.0"
      "@babel/helper-module-imports" "^7.12.13"
      "@babel/helper-plugin-utils" "^7.13.0"
      "@babel/traverse" "^7.13.0"
      debug "^4.1.1"
      lodash.debounce "^4.0.8"
      resolve "^1.14.2"
      semver "^6.1.2"
  
  "@babel/helper-environment-visitor@^7.18.9", "@babel/helper-environment-visitor@^7.21.5":
    version "7.22.5"
    resolved "http://172.16.0.199:8081/repository/npm-hosted/@babel/helper-environment-visitor/-/helper-environment-visitor-7.22.5.tgz#f06dd41b7c1f44e1f8da6c4055b41ab3a09a7e98"
    integrity sha1-8G3UG3wfROH42mxAVbQas6Cafpg=
  
  "@babel/helper-environment-visitor@^7.22.20":
    version "7.22.20"
    resolved "http://172.16.0.199:8081/repository/npm-hosted/@babel/helper-environment-visitor/-/helper-environment-visitor-7.22.20.tgz#96159db61d34a29dba454c959f5ae4a649ba9167"
    integrity sha1-lhWdth00op26RUyVn1rkpkm6kWc=
  
  "@babel/helper-function-name@^7.19.0":
    version "7.19.0"
    resolved "http://172.16.0.199:8081/repository/npm-hosted/@babel/helper-function-name/-/helper-function-name-7.19.0.tgz#941574ed5390682e872e52d3f38ce9d1bef4648c"
    integrity sha1-lBV07VOQaC6HLlLT84zp0b70ZIw=
    dependencies:
      "@babel/template" "^7.18.10"
      "@babel/types" "^7.19.0"
  
  "@babel/helper-function-name@^7.21.0", "@babel/helper-function-name@^7.22.5", "@babel/helper-function-name@^7.23.0":
    version "7.23.0"
    resolved "http://172.16.0.199:8081/repository/npm-hosted/@babel/helper-function-name/-/helper-function-name-7.23.0.tgz#1f9a3cdbd5b2698a670c30d2735f9af95ed52759"
    integrity sha1-H5o829WyaYpnDDDSc1+a+V7VJ1k=
    dependencies:
      "@babel/template" "^7.22.15"
      "@babel/types" "^7.23.0"
  
  "@babel/helper-hoist-variables@^7.18.6":
    version "7.18.6"
    resolved "http://172.16.0.199:8081/repository/npm-hosted/@babel/helper-hoist-variables/-/helper-hoist-variables-7.18.6.tgz#d4d2c8fb4baeaa5c68b99cc8245c56554f926678"
    integrity sha1-1NLI+0uuqlxouZzIJFxWVU+SZng=
    dependencies:
      "@babel/types" "^7.18.6"
  
  "@babel/helper-hoist-variables@^7.22.5":
    version "7.22.5"
    resolved "http://172.16.0.199:8081/repository/npm-hosted/@babel/helper-hoist-variables/-/helper-hoist-variables-7.22.5.tgz#c01a007dac05c085914e8fb652b339db50d823bb"
    integrity sha1-wBoAfawFwIWRTo+2UrM521DYI7s=
    dependencies:
      "@babel/types" "^7.22.5"
  
  "@babel/helper-member-expression-to-functions@^7.20.7", "@babel/helper-member-expression-to-functions@^7.22.15":
    version "7.23.0"
    resolved "http://172.16.0.199:8081/repository/npm-hosted/@babel/helper-member-expression-to-functions/-/helper-member-expression-to-functions-7.23.0.tgz#9263e88cc5e41d39ec18c9a3e0eced59a3e7d366"
    integrity sha1-kmPojMXkHTnsGMmj4OztWaPn02Y=
    dependencies:
      "@babel/types" "^7.23.0"
  
  "@babel/helper-module-imports@^7.0.0", "@babel/helper-module-imports@^7.10.4", "@babel/helper-module-imports@^7.12.13", "@babel/helper-module-imports@^7.15.4", "@babel/helper-module-imports@^7.18.6", "@babel/helper-module-imports@^7.22.15":
    version "7.22.15"
    resolved "http://172.16.0.199:8081/repository/npm-hosted/@babel/helper-module-imports/-/helper-module-imports-7.22.15.tgz#16146307acdc40cc00c3b2c647713076464bdbf0"
    integrity sha1-FhRjB6zcQMwAw7LGR3EwdkZL2/A=
    dependencies:
      "@babel/types" "^7.22.15"
  
  "@babel/helper-module-transforms@^7.15.8", "@babel/helper-module-transforms@^7.18.6", "@babel/helper-module-transforms@^7.20.11":
    version "7.21.2"
    resolved "http://172.16.0.199:8081/repository/npm-hosted/@babel/helper-module-transforms/-/helper-module-transforms-7.21.2.tgz#160caafa4978ac8c00ac66636cb0fa37b024e2d2"
    integrity sha1-Fgyq+kl4rIwArGZjbLD6N7Ak4tI=
    dependencies:
      "@babel/helper-environment-visitor" "^7.18.9"
      "@babel/helper-module-imports" "^7.18.6"
      "@babel/helper-simple-access" "^7.20.2"
      "@babel/helper-split-export-declaration" "^7.18.6"
      "@babel/helper-validator-identifier" "^7.19.1"
      "@babel/template" "^7.20.7"
      "@babel/traverse" "^7.21.2"
      "@babel/types" "^7.21.2"
  
  "@babel/helper-module-transforms@^7.21.5", "@babel/helper-module-transforms@^7.23.3":
    version "7.23.3"
    resolved "http://172.16.0.199:8081/repository/npm-hosted/@babel/helper-module-transforms/-/helper-module-transforms-7.23.3.tgz#d7d12c3c5d30af5b3c0fcab2a6d5217773e2d0f1"
    integrity sha1-19EsPF0wr1s8D8qyptUhd3Pi0PE=
    dependencies:
      "@babel/helper-environment-visitor" "^7.22.20"
      "@babel/helper-module-imports" "^7.22.15"
      "@babel/helper-simple-access" "^7.22.5"
      "@babel/helper-split-export-declaration" "^7.22.6"
      "@babel/helper-validator-identifier" "^7.22.20"
  
  "@babel/helper-optimise-call-expression@^7.18.6":
    version "7.18.6"
    resolved "http://172.16.0.199:8081/repository/npm-hosted/@babel/helper-optimise-call-expression/-/helper-optimise-call-expression-7.18.6.tgz#9369aa943ee7da47edab2cb4e838acf09d290ffe"
    integrity sha1-k2mqlD7n2kftqyy06Dis8J0pD/4=
    dependencies:
      "@babel/types" "^7.18.6"
  
  "@babel/helper-optimise-call-expression@^7.22.5":
    version "7.22.5"
    resolved "http://172.16.0.199:8081/repository/npm-hosted/@babel/helper-optimise-call-expression/-/helper-optimise-call-expression-7.22.5.tgz#f21531a9ccbff644fdd156b4077c16ff0c3f609e"
    integrity sha1-8hUxqcy/9kT90Va0B3wW/ww/YJ4=
    dependencies:
      "@babel/types" "^7.22.5"
  
  "@babel/helper-plugin-utils@^7.0.0", "@babel/helper-plugin-utils@^7.10.4", "@babel/helper-plugin-utils@^7.12.13", "@babel/helper-plugin-utils@^7.13.0", "@babel/helper-plugin-utils@^7.14.5", "@babel/helper-plugin-utils@^7.16.7", "@babel/helper-plugin-utils@^7.18.6", "@babel/helper-plugin-utils@^7.18.9", "@babel/helper-plugin-utils@^7.19.0", "@babel/helper-plugin-utils@^7.20.2", "@babel/helper-plugin-utils@^7.8.0", "@babel/helper-plugin-utils@^7.8.3":
    version "7.20.2"
    resolved "http://172.16.0.199:8081/repository/npm-hosted/@babel/helper-plugin-utils/-/helper-plugin-utils-7.20.2.tgz#d1b9000752b18d0877cff85a5c376ce5c3121629"
    integrity sha1-0bkAB1KxjQh3z/haXDds5cMSFik=
  
  "@babel/helper-plugin-utils@^7.22.5":
    version "7.22.5"
    resolved "http://172.16.0.199:8081/repository/npm-hosted/@babel/helper-plugin-utils/-/helper-plugin-utils-7.22.5.tgz#dd7ee3735e8a313b9f7b05a773d892e88e6d7295"
    integrity sha1-3X7jc16KMTufewWnc9iS6I5tcpU=
  
  "@babel/helper-remap-async-to-generator@^7.18.9":
    version "7.22.20"
    resolved "http://172.16.0.199:8081/repository/npm-hosted/@babel/helper-remap-async-to-generator/-/helper-remap-async-to-generator-7.22.20.tgz#7b68e1cb4fa964d2996fd063723fb48eca8498e0"
    integrity sha1-e2jhy0+pZNKZb9Bjcj+0jsqEmOA=
    dependencies:
      "@babel/helper-annotate-as-pure" "^7.22.5"
      "@babel/helper-environment-visitor" "^7.22.20"
      "@babel/helper-wrap-function" "^7.22.20"
  
  "@babel/helper-replace-supers@^7.20.7", "@babel/helper-replace-supers@^7.22.20":
    version "7.22.20"
    resolved "http://172.16.0.199:8081/repository/npm-hosted/@babel/helper-replace-supers/-/helper-replace-supers-7.22.20.tgz#e37d367123ca98fe455a9887734ed2e16eb7a793"
    integrity sha1-4302cSPKmP5FWpiHc07S4W63p5M=
    dependencies:
      "@babel/helper-environment-visitor" "^7.22.20"
      "@babel/helper-member-expression-to-functions" "^7.22.15"
      "@babel/helper-optimise-call-expression" "^7.22.5"
  
  "@babel/helper-simple-access@^7.20.2":
    version "7.21.5"
    resolved "http://172.16.0.199:8081/repository/npm-hosted/@babel/helper-simple-access/-/helper-simple-access-7.21.5.tgz#d697a7971a5c39eac32c7e63c0921c06c8a249ee"
    integrity sha1-1penlxpcOerDLH5jwJIcBsiiSe4=
    dependencies:
      "@babel/types" "^7.21.5"
  
  "@babel/helper-simple-access@^7.22.5":
    version "7.22.5"
    resolved "http://172.16.0.199:8081/repository/npm-hosted/@babel/helper-simple-access/-/helper-simple-access-7.22.5.tgz#4938357dc7d782b80ed6dbb03a0fba3d22b1d5de"
    integrity sha1-STg1fcfXgrgO1tuwOg+6PSKx1d4=
    dependencies:
      "@babel/types" "^7.22.5"
  
  "@babel/helper-skip-transparent-expression-wrappers@^7.20.0", "@babel/helper-skip-transparent-expression-wrappers@^7.22.5":
    version "7.22.5"
    resolved "http://172.16.0.199:8081/repository/npm-hosted/@babel/helper-skip-transparent-expression-wrappers/-/helper-skip-transparent-expression-wrappers-7.22.5.tgz#007f15240b5751c537c40e77abb4e89eeaaa8847"
    integrity sha1-AH8VJAtXUcU3xA53q7TonuqqiEc=
    dependencies:
      "@babel/types" "^7.22.5"
  
  "@babel/helper-split-export-declaration@^7.18.6", "@babel/helper-split-export-declaration@^7.22.6":
    version "7.22.6"
    resolved "http://172.16.0.199:8081/repository/npm-hosted/@babel/helper-split-export-declaration/-/helper-split-export-declaration-7.22.6.tgz#322c61b7310c0997fe4c323955667f18fcefb91c"
    integrity sha1-MixhtzEMCZf+TDI5VWZ/GPzvuRw=
    dependencies:
      "@babel/types" "^7.22.5"
  
  "@babel/helper-string-parser@^7.22.5":
    version "7.22.5"
    resolved "http://172.16.0.199:8081/repository/npm-hosted/@babel/helper-string-parser/-/helper-string-parser-7.22.5.tgz#533f36457a25814cf1df6488523ad547d784a99f"
    integrity sha1-Uz82RXolgUzx32SIUjrVR9eEqZ8=
  
  "@babel/helper-validator-identifier@^7.19.1", "@babel/helper-validator-identifier@^7.22.20":
    version "7.22.20"
    resolved "http://172.16.0.199:8081/repository/npm-hosted/@babel/helper-validator-identifier/-/helper-validator-identifier-7.22.20.tgz#c4ae002c61d2879e724581d96665583dbc1dc0e0"
    integrity sha1-xK4ALGHSh55yRYHZZmVYPbwdwOA=
  
  "@babel/helper-validator-option@^7.14.5", "@babel/helper-validator-option@^7.16.7":
    version "7.18.6"
    resolved "http://172.16.0.199:8081/repository/npm-hosted/@babel/helper-validator-option/-/helper-validator-option-7.18.6.tgz#bf0d2b5a509b1f336099e4ff36e1a63aa5db4db8"
    integrity sha1-vw0rWlCbHzNgmeT/NuGmOqXbTbg=
  
  "@babel/helper-validator-option@^7.22.15":
    version "7.22.15"
    resolved "http://172.16.0.199:8081/repository/npm-hosted/@babel/helper-validator-option/-/helper-validator-option-7.22.15.tgz#694c30dfa1d09a6534cdfcafbe56789d36aba040"
    integrity sha1-aUww36HQmmU0zfyvvlZ4nTaroEA=
  
  "@babel/helper-wrap-function@^7.22.20":
    version "7.22.20"
    resolved "http://172.16.0.199:8081/repository/npm-hosted/@babel/helper-wrap-function/-/helper-wrap-function-7.22.20.tgz#15352b0b9bfb10fc9c76f79f6342c00e3411a569"
    integrity sha1-FTUrC5v7EPycdvefY0LADjQRpWk=
    dependencies:
      "@babel/helper-function-name" "^7.22.5"
      "@babel/template" "^7.22.15"
      "@babel/types" "^7.22.19"
  
  "@babel/helpers@^7.15.4", "@babel/helpers@^7.21.5":
    version "7.23.2"
    resolved "http://172.16.0.199:8081/repository/npm-hosted/@babel/helpers/-/helpers-7.23.2.tgz#2832549a6e37d484286e15ba36a5330483cac767"
    integrity sha1-KDJUmm431IQobhW6NqUzBIPKx2c=
    dependencies:
      "@babel/template" "^7.22.15"
      "@babel/traverse" "^7.23.2"
      "@babel/types" "^7.23.0"
  
  "@babel/highlight@^7.22.13":
    version "7.22.20"
    resolved "http://172.16.0.199:8081/repository/npm-hosted/@babel/highlight/-/highlight-7.22.20.tgz#4ca92b71d80554b01427815e06f2df965b9c1f54"
    integrity sha1-TKkrcdgFVLAUJ4FeBvLfllucH1Q=
    dependencies:
      "@babel/helper-validator-identifier" "^7.22.20"
      chalk "^2.4.2"
      js-tokens "^4.0.0"
  
  "@babel/parser@^7.1.0", "@babel/parser@^7.14.7", "@babel/parser@^7.15.8", "@babel/parser@^7.20.7", "@babel/parser@^7.21.5", "@babel/parser@^7.21.8", "@babel/parser@^7.22.15", "@babel/parser@^7.22.5", "@babel/parser@^7.23.3":
    version "7.23.3"
    resolved "http://172.16.0.199:8081/repository/npm-hosted/@babel/parser/-/parser-7.23.3.tgz#0ce0be31a4ca4f1884b5786057cadcb6c3be58f9"
    integrity sha1-DOC+MaTKTxiEtXhgV8rctsO+WPk=
  
  "@babel/plugin-bugfix-v8-spread-parameters-in-optional-chaining@^7.15.4":
    version "7.23.3"
    resolved "http://172.16.0.199:8081/repository/npm-hosted/@babel/plugin-bugfix-v8-spread-parameters-in-optional-chaining/-/plugin-bugfix-v8-spread-parameters-in-optional-chaining-7.23.3.tgz#f6652bb16b94f8f9c20c50941e16e9756898dc5d"
    integrity sha1-9mUrsWuU+PnCDFCUHhbpdWiY3F0=
    dependencies:
      "@babel/helper-plugin-utils" "^7.22.5"
      "@babel/helper-skip-transparent-expression-wrappers" "^7.22.5"
      "@babel/plugin-transform-optional-chaining" "^7.23.3"
  
  "@babel/plugin-proposal-async-generator-functions@^7.15.8":
    version "7.20.7"
    resolved "http://172.16.0.199:8081/repository/npm-hosted/@babel/plugin-proposal-async-generator-functions/-/plugin-proposal-async-generator-functions-7.20.7.tgz#bfb7276d2d573cb67ba379984a2334e262ba5326"
    integrity sha1-v7cnbS1XPLZ7o3mYSiM04mK6UyY=
    dependencies:
      "@babel/helper-environment-visitor" "^7.18.9"
      "@babel/helper-plugin-utils" "^7.20.2"
      "@babel/helper-remap-async-to-generator" "^7.18.9"
      "@babel/plugin-syntax-async-generators" "^7.8.4"
  
  "@babel/plugin-proposal-class-properties@^7.14.5":
    version "7.18.6"
    resolved "http://172.16.0.199:8081/repository/npm-hosted/@babel/plugin-proposal-class-properties/-/plugin-proposal-class-properties-7.18.6.tgz#b110f59741895f7ec21a6fff696ec46265c446a3"
    integrity sha1-sRD1l0GJX37CGm//aW7EYmXERqM=
    dependencies:
      "@babel/helper-create-class-features-plugin" "^7.18.6"
      "@babel/helper-plugin-utils" "^7.18.6"
  
  "@babel/plugin-proposal-class-static-block@^7.15.4":
    version "7.20.7"
    resolved "http://172.16.0.199:8081/repository/npm-hosted/@babel/plugin-proposal-class-static-block/-/plugin-proposal-class-static-block-7.20.7.tgz#92592e9029b13b15be0f7ce6a7aedc2879ca45a7"
    integrity sha1-klkukCmxOxW+D3zmp67cKHnKRac=
    dependencies:
      "@babel/helper-create-class-features-plugin" "^7.20.7"
      "@babel/helper-plugin-utils" "^7.20.2"
      "@babel/plugin-syntax-class-static-block" "^7.14.5"
  
  "@babel/plugin-proposal-decorators@~7.15.8":
    version "7.15.8"
    resolved "http://172.16.0.199:8081/repository/npm-hosted/@babel/plugin-proposal-decorators/-/plugin-proposal-decorators-7.15.8.tgz#eb2969abf8993f15289f09fed762bb1df1521bd5"
    integrity sha1-6ylpq/iZPxUonwn+12K7HfFSG9U=
    dependencies:
      "@babel/helper-create-class-features-plugin" "^7.15.4"
      "@babel/helper-plugin-utils" "^7.14.5"
      "@babel/plugin-syntax-decorators" "^7.14.5"
  
  "@babel/plugin-proposal-dynamic-import@^7.14.5":
    version "7.18.6"
    resolved "http://172.16.0.199:8081/repository/npm-hosted/@babel/plugin-proposal-dynamic-import/-/plugin-proposal-dynamic-import-7.18.6.tgz#72bcf8d408799f547d759298c3c27c7e7faa4d94"
    integrity sha1-crz41Ah5n1R9dZKYw8J8fn+qTZQ=
    dependencies:
      "@babel/helper-plugin-utils" "^7.18.6"
      "@babel/plugin-syntax-dynamic-import" "^7.8.3"
  
  "@babel/plugin-proposal-export-namespace-from@^7.14.5":
    version "7.18.9"
    resolved "http://172.16.0.199:8081/repository/npm-hosted/@babel/plugin-proposal-export-namespace-from/-/plugin-proposal-export-namespace-from-7.18.9.tgz#5f7313ab348cdb19d590145f9247540e94761203"
    integrity sha1-X3MTqzSM2xnVkBRfkkdUDpR2EgM=
    dependencies:
      "@babel/helper-plugin-utils" "^7.18.9"
      "@babel/plugin-syntax-export-namespace-from" "^7.8.3"
  
  "@babel/plugin-proposal-json-strings@^7.14.5":
    version "7.18.6"
    resolved "http://172.16.0.199:8081/repository/npm-hosted/@babel/plugin-proposal-json-strings/-/plugin-proposal-json-strings-7.18.6.tgz#7e8788c1811c393aff762817e7dbf1ebd0c05f0b"
    integrity sha1-foeIwYEcOTr/digX59vx69DAXws=
    dependencies:
      "@babel/helper-plugin-utils" "^7.18.6"
      "@babel/plugin-syntax-json-strings" "^7.8.3"
  
  "@babel/plugin-proposal-logical-assignment-operators@^7.14.5":
    version "7.20.7"
    resolved "http://172.16.0.199:8081/repository/npm-hosted/@babel/plugin-proposal-logical-assignment-operators/-/plugin-proposal-logical-assignment-operators-7.20.7.tgz#dfbcaa8f7b4d37b51e8bfb46d94a5aea2bb89d83"
    integrity sha1-37yqj3tNN7Uei/tG2Upa6iu4nYM=
    dependencies:
      "@babel/helper-plugin-utils" "^7.20.2"
      "@babel/plugin-syntax-logical-assignment-operators" "^7.10.4"
  
  "@babel/plugin-proposal-nullish-coalescing-operator@^7.14.5":
    version "7.18.6"
    resolved "http://172.16.0.199:8081/repository/npm-hosted/@babel/plugin-proposal-nullish-coalescing-operator/-/plugin-proposal-nullish-coalescing-operator-7.18.6.tgz#fdd940a99a740e577d6c753ab6fbb43fdb9467e1"
    integrity sha1-/dlAqZp0Dld9bHU6tvu0P9uUZ+E=
    dependencies:
      "@babel/helper-plugin-utils" "^7.18.6"
      "@babel/plugin-syntax-nullish-coalescing-operator" "^7.8.3"
  
  "@babel/plugin-proposal-numeric-separator@^7.14.5":
    version "7.18.6"
    resolved "http://172.16.0.199:8081/repository/npm-hosted/@babel/plugin-proposal-numeric-separator/-/plugin-proposal-numeric-separator-7.18.6.tgz#899b14fbafe87f053d2c5ff05b36029c62e13c75"
    integrity sha1-iZsU+6/ofwU9LF/wWzYCnGLhPHU=
    dependencies:
      "@babel/helper-plugin-utils" "^7.18.6"
      "@babel/plugin-syntax-numeric-separator" "^7.10.4"
  
  "@babel/plugin-proposal-object-rest-spread@^7.15.6":
    version "7.20.7"
    resolved "http://172.16.0.199:8081/repository/npm-hosted/@babel/plugin-proposal-object-rest-spread/-/plugin-proposal-object-rest-spread-7.20.7.tgz#aa662940ef425779c75534a5c41e9d936edc390a"
    integrity sha1-qmYpQO9CV3nHVTSlxB6dk27cOQo=
    dependencies:
      "@babel/compat-data" "^7.20.5"
      "@babel/helper-compilation-targets" "^7.20.7"
      "@babel/helper-plugin-utils" "^7.20.2"
      "@babel/plugin-syntax-object-rest-spread" "^7.8.3"
      "@babel/plugin-transform-parameters" "^7.20.7"
  
  "@babel/plugin-proposal-optional-catch-binding@^7.14.5":
    version "7.18.6"
    resolved "http://172.16.0.199:8081/repository/npm-hosted/@babel/plugin-proposal-optional-catch-binding/-/plugin-proposal-optional-catch-binding-7.18.6.tgz#f9400d0e6a3ea93ba9ef70b09e72dd6da638a2cb"
    integrity sha1-+UANDmo+qTup73CwnnLdbaY4oss=
    dependencies:
      "@babel/helper-plugin-utils" "^7.18.6"
      "@babel/plugin-syntax-optional-catch-binding" "^7.8.3"
  
  "@babel/plugin-proposal-optional-chaining@^7.14.5":
    version "7.20.7"
    resolved "http://172.16.0.199:8081/repository/npm-hosted/@babel/plugin-proposal-optional-chaining/-/plugin-proposal-optional-chaining-7.20.7.tgz#49f2b372519ab31728cc14115bb0998b15bfda55"
    integrity sha1-SfKzclGasxcozBQRW7CZixW/2lU=
    dependencies:
      "@babel/helper-plugin-utils" "^7.20.2"
      "@babel/helper-skip-transparent-expression-wrappers" "^7.20.0"
      "@babel/plugin-syntax-optional-chaining" "^7.8.3"
  
  "@babel/plugin-proposal-private-methods@^7.14.5":
    version "7.18.6"
    resolved "http://172.16.0.199:8081/repository/npm-hosted/@babel/plugin-proposal-private-methods/-/plugin-proposal-private-methods-7.18.6.tgz#5209de7d213457548a98436fa2882f52f4be6bea"
    integrity sha1-UgnefSE0V1SKmENvoogvUvS+a+o=
    dependencies:
      "@babel/helper-create-class-features-plugin" "^7.18.6"
      "@babel/helper-plugin-utils" "^7.18.6"
  
  "@babel/plugin-proposal-private-property-in-object@^7.15.4":
    version "7.20.5"
    resolved "http://172.16.0.199:8081/repository/npm-hosted/@babel/plugin-proposal-private-property-in-object/-/plugin-proposal-private-property-in-object-7.20.5.tgz#309c7668f2263f1c711aa399b5a9a6291eef6135"
    integrity sha1-MJx2aPImPxxxGqOZtammKR7vYTU=
    dependencies:
      "@babel/helper-annotate-as-pure" "^7.18.6"
      "@babel/helper-create-class-features-plugin" "^7.20.5"
      "@babel/helper-plugin-utils" "^7.20.2"
      "@babel/plugin-syntax-private-property-in-object" "^7.14.5"
  
  "@babel/plugin-proposal-unicode-property-regex@^7.14.5", "@babel/plugin-proposal-unicode-property-regex@^7.4.4":
    version "7.18.6"
    resolved "http://172.16.0.199:8081/repository/npm-hosted/@babel/plugin-proposal-unicode-property-regex/-/plugin-proposal-unicode-property-regex-7.18.6.tgz#af613d2cd5e643643b65cded64207b15c85cb78e"
    integrity sha1-r2E9LNXmQ2Q7Zc3tZCB7Fchct44=
    dependencies:
      "@babel/helper-create-regexp-features-plugin" "^7.18.6"
      "@babel/helper-plugin-utils" "^7.18.6"
  
  "@babel/plugin-syntax-async-generators@^7.8.4":
    version "7.8.4"
    resolved "http://172.16.0.199:8081/repository/npm-hosted/@babel/plugin-syntax-async-generators/-/plugin-syntax-async-generators-7.8.4.tgz#a983fb1aeb2ec3f6ed042a210f640e90e786fe0d"
    integrity sha1-qYP7Gusuw/btBCohD2QOkOeG/g0=
    dependencies:
      "@babel/helper-plugin-utils" "^7.8.0"
  
  "@babel/plugin-syntax-bigint@^7.8.3":
    version "7.8.3"
    resolved "http://172.16.0.199:8081/repository/npm-hosted/@babel/plugin-syntax-bigint/-/plugin-syntax-bigint-7.8.3.tgz#4c9a6f669f5d0cdf1b90a1671e9a146be5300cea"
    integrity sha1-TJpvZp9dDN8bkKFnHpoUa+UwDOo=
    dependencies:
      "@babel/helper-plugin-utils" "^7.8.0"
  
  "@babel/plugin-syntax-class-properties@^7.12.13", "@babel/plugin-syntax-class-properties@^7.8.3":
    version "7.12.13"
    resolved "http://172.16.0.199:8081/repository/npm-hosted/@babel/plugin-syntax-class-properties/-/plugin-syntax-class-properties-7.12.13.tgz#b5c987274c4a3a82b89714796931a6b53544ae10"
    integrity sha1-tcmHJ0xKOoK4lxR5aTGmtTVErhA=
    dependencies:
      "@babel/helper-plugin-utils" "^7.12.13"
  
  "@babel/plugin-syntax-class-static-block@^7.14.5":
    version "7.14.5"
    resolved "http://172.16.0.199:8081/repository/npm-hosted/@babel/plugin-syntax-class-static-block/-/plugin-syntax-class-static-block-7.14.5.tgz#195df89b146b4b78b3bf897fd7a257c84659d406"
    integrity sha1-GV34mxRrS3izv4l/16JXyEZZ1AY=
    dependencies:
      "@babel/helper-plugin-utils" "^7.14.5"
  
  "@babel/plugin-syntax-decorators@^7.14.5":
    version "7.19.0"
    resolved "http://172.16.0.199:8081/repository/npm-hosted/@babel/plugin-syntax-decorators/-/plugin-syntax-decorators-7.19.0.tgz#5f13d1d8fce96951bea01a10424463c9a5b3a599"
    integrity sha1-XxPR2PzpaVG+oBoQQkRjyaWzpZk=
    dependencies:
      "@babel/helper-plugin-utils" "^7.19.0"
  
  "@babel/plugin-syntax-dynamic-import@^7.8.3":
    version "7.8.3"
    resolved "http://172.16.0.199:8081/repository/npm-hosted/@babel/plugin-syntax-dynamic-import/-/plugin-syntax-dynamic-import-7.8.3.tgz#62bf98b2da3cd21d626154fc96ee5b3cb68eacb3"
    integrity sha1-Yr+Ysto80h1iYVT8lu5bPLaOrLM=
    dependencies:
      "@babel/helper-plugin-utils" "^7.8.0"
  
  "@babel/plugin-syntax-export-namespace-from@^7.8.3":
    version "7.8.3"
    resolved "http://172.16.0.199:8081/repository/npm-hosted/@babel/plugin-syntax-export-namespace-from/-/plugin-syntax-export-namespace-from-7.8.3.tgz#028964a9ba80dbc094c915c487ad7c4e7a66465a"
    integrity sha1-AolkqbqA28CUyRXEh618TnpmRlo=
    dependencies:
      "@babel/helper-plugin-utils" "^7.8.3"
  
  "@babel/plugin-syntax-import-meta@^7.8.3":
    version "7.10.4"
    resolved "http://172.16.0.199:8081/repository/npm-hosted/@babel/plugin-syntax-import-meta/-/plugin-syntax-import-meta-7.10.4.tgz#ee601348c370fa334d2207be158777496521fd51"
    integrity sha1-7mATSMNw+jNNIge+FYd3SWUh/VE=
    dependencies:
      "@babel/helper-plugin-utils" "^7.10.4"
  
  "@babel/plugin-syntax-json-strings@^7.8.3":
    version "7.8.3"
    resolved "http://172.16.0.199:8081/repository/npm-hosted/@babel/plugin-syntax-json-strings/-/plugin-syntax-json-strings-7.8.3.tgz#01ca21b668cd8218c9e640cb6dd88c5412b2c96a"
    integrity sha1-AcohtmjNghjJ5kDLbdiMVBKyyWo=
    dependencies:
      "@babel/helper-plugin-utils" "^7.8.0"
  
  "@babel/plugin-syntax-jsx@^7.0.0", "@babel/plugin-syntax-jsx@^7.18.6", "@babel/plugin-syntax-jsx@^7.2.0":
    version "7.18.6"
    resolved "http://172.16.0.199:8081/repository/npm-hosted/@babel/plugin-syntax-jsx/-/plugin-syntax-jsx-7.18.6.tgz#a8feef63b010150abd97f1649ec296e849943ca0"
    integrity sha1-qP7vY7AQFQq9l/FknsKW6EmUPKA=
    dependencies:
      "@babel/helper-plugin-utils" "^7.18.6"
  
  "@babel/plugin-syntax-logical-assignment-operators@^7.10.4", "@babel/plugin-syntax-logical-assignment-operators@^7.8.3":
    version "7.10.4"
    resolved "http://172.16.0.199:8081/repository/npm-hosted/@babel/plugin-syntax-logical-assignment-operators/-/plugin-syntax-logical-assignment-operators-7.10.4.tgz#ca91ef46303530448b906652bac2e9fe9941f699"
    integrity sha1-ypHvRjA1MESLkGZSusLp/plB9pk=
    dependencies:
      "@babel/helper-plugin-utils" "^7.10.4"
  
  "@babel/plugin-syntax-nullish-coalescing-operator@^7.8.3":
    version "7.8.3"
    resolved "http://172.16.0.199:8081/repository/npm-hosted/@babel/plugin-syntax-nullish-coalescing-operator/-/plugin-syntax-nullish-coalescing-operator-7.8.3.tgz#167ed70368886081f74b5c36c65a88c03b66d1a9"
    integrity sha1-Fn7XA2iIYIH3S1w2xlqIwDtm0ak=
    dependencies:
      "@babel/helper-plugin-utils" "^7.8.0"
  
  "@babel/plugin-syntax-numeric-separator@^7.10.4", "@babel/plugin-syntax-numeric-separator@^7.8.3":
    version "7.10.4"
    resolved "http://172.16.0.199:8081/repository/npm-hosted/@babel/plugin-syntax-numeric-separator/-/plugin-syntax-numeric-separator-7.10.4.tgz#b9b070b3e33570cd9fd07ba7fa91c0dd37b9af97"
    integrity sha1-ubBws+M1cM2f0Hun+pHA3Te5r5c=
    dependencies:
      "@babel/helper-plugin-utils" "^7.10.4"
  
  "@babel/plugin-syntax-object-rest-spread@^7.8.3":
    version "7.8.3"
    resolved "http://172.16.0.199:8081/repository/npm-hosted/@babel/plugin-syntax-object-rest-spread/-/plugin-syntax-object-rest-spread-7.8.3.tgz#60e225edcbd98a640332a2e72dd3e66f1af55871"
    integrity sha1-YOIl7cvZimQDMqLnLdPmbxr1WHE=
    dependencies:
      "@babel/helper-plugin-utils" "^7.8.0"
  
  "@babel/plugin-syntax-optional-catch-binding@^7.8.3":
    version "7.8.3"
    resolved "http://172.16.0.199:8081/repository/npm-hosted/@babel/plugin-syntax-optional-catch-binding/-/plugin-syntax-optional-catch-binding-7.8.3.tgz#6111a265bcfb020eb9efd0fdfd7d26402b9ed6c1"
    integrity sha1-YRGiZbz7Ag6579D9/X0mQCue1sE=
    dependencies:
      "@babel/helper-plugin-utils" "^7.8.0"
  
  "@babel/plugin-syntax-optional-chaining@^7.8.3":
    version "7.8.3"
    resolved "http://172.16.0.199:8081/repository/npm-hosted/@babel/plugin-syntax-optional-chaining/-/plugin-syntax-optional-chaining-7.8.3.tgz#4f69c2ab95167e0180cd5336613f8c5788f7d48a"
    integrity sha1-T2nCq5UWfgGAzVM2YT+MV4j31Io=
    dependencies:
      "@babel/helper-plugin-utils" "^7.8.0"
  
  "@babel/plugin-syntax-private-property-in-object@^7.14.5":
    version "7.14.5"
    resolved "http://172.16.0.199:8081/repository/npm-hosted/@babel/plugin-syntax-private-property-in-object/-/plugin-syntax-private-property-in-object-7.14.5.tgz#0dc6671ec0ea22b6e94a1114f857970cd39de1ad"
    integrity sha1-DcZnHsDqIrbpShEU+FeXDNOd4a0=
    dependencies:
      "@babel/helper-plugin-utils" "^7.14.5"
  
  "@babel/plugin-syntax-top-level-await@^7.14.5", "@babel/plugin-syntax-top-level-await@^7.8.3":
    version "7.14.5"
    resolved "http://172.16.0.199:8081/repository/npm-hosted/@babel/plugin-syntax-top-level-await/-/plugin-syntax-top-level-await-7.14.5.tgz#c1cfdadc35a646240001f06138247b741c34d94c"
    integrity sha1-wc/a3DWmRiQAAfBhOCR7dBw02Uw=
    dependencies:
      "@babel/helper-plugin-utils" "^7.14.5"
  
  "@babel/plugin-syntax-typescript@^7.14.5", "@babel/plugin-syntax-typescript@^7.7.2":
    version "7.23.3"
    resolved "http://172.16.0.199:8081/repository/npm-hosted/@babel/plugin-syntax-typescript/-/plugin-syntax-typescript-7.23.3.tgz#24f460c85dbbc983cd2b9c4994178bcc01df958f"
    integrity sha1-JPRgyF27yYPNK5xJlBeLzAHflY8=
    dependencies:
      "@babel/helper-plugin-utils" "^7.22.5"
  
  "@babel/plugin-transform-arrow-functions@^7.14.5":
    version "7.20.7"
    resolved "http://172.16.0.199:8081/repository/npm-hosted/@babel/plugin-transform-arrow-functions/-/plugin-transform-arrow-functions-7.20.7.tgz#bea332b0e8b2dab3dafe55a163d8227531ab0551"
    integrity sha1-vqMysOiy2rPa/lWhY9gidTGrBVE=
    dependencies:
      "@babel/helper-plugin-utils" "^7.20.2"
  
  "@babel/plugin-transform-async-to-generator@^7.14.5":
    version "7.20.7"
    resolved "http://172.16.0.199:8081/repository/npm-hosted/@babel/plugin-transform-async-to-generator/-/plugin-transform-async-to-generator-7.20.7.tgz#dfee18623c8cb31deb796aa3ca84dda9cea94354"
    integrity sha1-3+4YYjyMsx3reWqjyoTdqc6pQ1Q=
    dependencies:
      "@babel/helper-module-imports" "^7.18.6"
      "@babel/helper-plugin-utils" "^7.20.2"
      "@babel/helper-remap-async-to-generator" "^7.18.9"
  
  "@babel/plugin-transform-block-scoped-functions@^7.14.5":
    version "7.23.3"
    resolved "http://172.16.0.199:8081/repository/npm-hosted/@babel/plugin-transform-block-scoped-functions/-/plugin-transform-block-scoped-functions-7.23.3.tgz#fe1177d715fb569663095e04f3598525d98e8c77"
    integrity sha1-/hF31xX7VpZjCV4E81mFJdmOjHc=
    dependencies:
      "@babel/helper-plugin-utils" "^7.22.5"
  
  "@babel/plugin-transform-block-scoping@^7.15.3":
    version "7.20.14"
    resolved "http://172.16.0.199:8081/repository/npm-hosted/@babel/plugin-transform-block-scoping/-/plugin-transform-block-scoping-7.20.14.tgz#2f5025f01713ba739daf737997308e0d29d1dd75"
    integrity sha1-L1Al8BcTunOdr3N5lzCODSnR3XU=
    dependencies:
      "@babel/helper-plugin-utils" "^7.20.2"
  
  "@babel/plugin-transform-classes@^7.15.4":
    version "7.20.7"
    resolved "http://172.16.0.199:8081/repository/npm-hosted/@babel/plugin-transform-classes/-/plugin-transform-classes-7.20.7.tgz#f438216f094f6bb31dc266ebfab8ff05aecad073"
    integrity sha1-9DghbwlPa7Mdwmbr+rj/Ba7K0HM=
    dependencies:
      "@babel/helper-annotate-as-pure" "^7.18.6"
      "@babel/helper-compilation-targets" "^7.20.7"
      "@babel/helper-environment-visitor" "^7.18.9"
      "@babel/helper-function-name" "^7.19.0"
      "@babel/helper-optimise-call-expression" "^7.18.6"
      "@babel/helper-plugin-utils" "^7.20.2"
      "@babel/helper-replace-supers" "^7.20.7"
      "@babel/helper-split-export-declaration" "^7.18.6"
      globals "^11.1.0"
  
  "@babel/plugin-transform-computed-properties@^7.14.5":
    version "7.20.7"
    resolved "http://172.16.0.199:8081/repository/npm-hosted/@babel/plugin-transform-computed-properties/-/plugin-transform-computed-properties-7.20.7.tgz#704cc2fd155d1c996551db8276d55b9d46e4d0aa"
    integrity sha1-cEzC/RVdHJllUduCdtVbnUbk0Ko=
    dependencies:
      "@babel/helper-plugin-utils" "^7.20.2"
      "@babel/template" "^7.20.7"
  
  "@babel/plugin-transform-destructuring@^7.14.7":
    version "7.20.7"
    resolved "http://172.16.0.199:8081/repository/npm-hosted/@babel/plugin-transform-destructuring/-/plugin-transform-destructuring-7.20.7.tgz#8bda578f71620c7de7c93af590154ba331415454"
    integrity sha1-i9pXj3FiDH3nyTr1kBVLozFBVFQ=
    dependencies:
      "@babel/helper-plugin-utils" "^7.20.2"
  
  "@babel/plugin-transform-dotall-regex@^7.14.5", "@babel/plugin-transform-dotall-regex@^7.4.4":
    version "7.18.6"
    resolved "http://172.16.0.199:8081/repository/npm-hosted/@babel/plugin-transform-dotall-regex/-/plugin-transform-dotall-regex-7.18.6.tgz#b286b3e7aae6c7b861e45bed0a2fafd6b1a4fef8"
    integrity sha1-soaz56rmx7hh5FvtCi+v1rGk/vg=
    dependencies:
      "@babel/helper-create-regexp-features-plugin" "^7.18.6"
      "@babel/helper-plugin-utils" "^7.18.6"
  
  "@babel/plugin-transform-duplicate-keys@^7.14.5":
    version "7.23.3"
    resolved "http://172.16.0.199:8081/repository/npm-hosted/@babel/plugin-transform-duplicate-keys/-/plugin-transform-duplicate-keys-7.23.3.tgz#664706ca0a5dfe8d066537f99032fc1dc8b720ce"
    integrity sha1-ZkcGygpd/o0GZTf5kDL8Hci3IM4=
    dependencies:
      "@babel/helper-plugin-utils" "^7.22.5"
  
  "@babel/plugin-transform-exponentiation-operator@^7.14.5":
    version "7.23.3"
    resolved "http://172.16.0.199:8081/repository/npm-hosted/@babel/plugin-transform-exponentiation-operator/-/plugin-transform-exponentiation-operator-7.23.3.tgz#ea0d978f6b9232ba4722f3dbecdd18f450babd18"
    integrity sha1-6g2Xj2uSMrpHIvPb7N0Y9FC6vRg=
    dependencies:
      "@babel/helper-builder-binary-assignment-operator-visitor" "^7.22.15"
      "@babel/helper-plugin-utils" "^7.22.5"
  
  "@babel/plugin-transform-for-of@^7.15.4":
    version "7.23.3"
    resolved "http://172.16.0.199:8081/repository/npm-hosted/@babel/plugin-transform-for-of/-/plugin-transform-for-of-7.23.3.tgz#afe115ff0fbce735e02868d41489093c63e15559"
    integrity sha1-r+EV/w+85zXgKGjUFIkJPGPhVVk=
    dependencies:
      "@babel/helper-plugin-utils" "^7.22.5"
  
  "@babel/plugin-transform-function-name@^7.14.5":
    version "7.23.3"
    resolved "http://172.16.0.199:8081/repository/npm-hosted/@babel/plugin-transform-function-name/-/plugin-transform-function-name-7.23.3.tgz#8f424fcd862bf84cb9a1a6b42bc2f47ed630f8dc"
    integrity sha1-j0JPzYYr+Ey5oaa0K8L0ftYw+Nw=
    dependencies:
      "@babel/helper-compilation-targets" "^7.22.15"
      "@babel/helper-function-name" "^7.23.0"
      "@babel/helper-plugin-utils" "^7.22.5"
  
  "@babel/plugin-transform-literals@^7.14.5":
    version "7.23.3"
    resolved "http://172.16.0.199:8081/repository/npm-hosted/@babel/plugin-transform-literals/-/plugin-transform-literals-7.23.3.tgz#8214665f00506ead73de157eba233e7381f3beb4"
    integrity sha1-ghRmXwBQbq1z3hV+uiM+c4HzvrQ=
    dependencies:
      "@babel/helper-plugin-utils" "^7.22.5"
  
  "@babel/plugin-transform-member-expression-literals@^7.14.5":
    version "7.23.3"
    resolved "http://172.16.0.199:8081/repository/npm-hosted/@babel/plugin-transform-member-expression-literals/-/plugin-transform-member-expression-literals-7.23.3.tgz#e37b3f0502289f477ac0e776b05a833d853cabcc"
    integrity sha1-43s/BQIon0d6wOd2sFqDPYU8q8w=
    dependencies:
      "@babel/helper-plugin-utils" "^7.22.5"
  
  "@babel/plugin-transform-modules-amd@^7.14.5":
    version "7.20.11"
    resolved "http://172.16.0.199:8081/repository/npm-hosted/@babel/plugin-transform-modules-amd/-/plugin-transform-modules-amd-7.20.11.tgz#3daccca8e4cc309f03c3a0c4b41dc4b26f55214a"
    integrity sha1-PazMqOTMMJ8Dw6DEtB3Esm9VIUo=
    dependencies:
      "@babel/helper-module-transforms" "^7.20.11"
      "@babel/helper-plugin-utils" "^7.20.2"
  
  "@babel/plugin-transform-modules-commonjs@^7.15.4":
    version "7.23.3"
    resolved "http://172.16.0.199:8081/repository/npm-hosted/@babel/plugin-transform-modules-commonjs/-/plugin-transform-modules-commonjs-7.23.3.tgz#661ae831b9577e52be57dd8356b734f9700b53b4"
    integrity sha1-ZhroMblXflK+V92DVrc0+XALU7Q=
    dependencies:
      "@babel/helper-module-transforms" "^7.23.3"
      "@babel/helper-plugin-utils" "^7.22.5"
      "@babel/helper-simple-access" "^7.22.5"
  
  "@babel/plugin-transform-modules-systemjs@^7.15.4":
    version "7.20.11"
    resolved "http://172.16.0.199:8081/repository/npm-hosted/@babel/plugin-transform-modules-systemjs/-/plugin-transform-modules-systemjs-7.20.11.tgz#467ec6bba6b6a50634eea61c9c232654d8a4696e"
    integrity sha1-Rn7Gu6a2pQY07qYcnCMmVNikaW4=
    dependencies:
      "@babel/helper-hoist-variables" "^7.18.6"
      "@babel/helper-module-transforms" "^7.20.11"
      "@babel/helper-plugin-utils" "^7.20.2"
      "@babel/helper-validator-identifier" "^7.19.1"
  
  "@babel/plugin-transform-modules-umd@^7.14.5":
    version "7.18.6"
    resolved "http://172.16.0.199:8081/repository/npm-hosted/@babel/plugin-transform-modules-umd/-/plugin-transform-modules-umd-7.18.6.tgz#81d3832d6034b75b54e62821ba58f28ed0aab4b9"
    integrity sha1-gdODLWA0t1tU5ighuljyjtCqtLk=
    dependencies:
      "@babel/helper-module-transforms" "^7.18.6"
      "@babel/helper-plugin-utils" "^7.18.6"
  
  "@babel/plugin-transform-named-capturing-groups-regex@^7.14.9":
    version "7.20.5"
    resolved "http://172.16.0.199:8081/repository/npm-hosted/@babel/plugin-transform-named-capturing-groups-regex/-/plugin-transform-named-capturing-groups-regex-7.20.5.tgz#626298dd62ea51d452c3be58b285d23195ba69a8"
    integrity sha1-YmKY3WLqUdRSw75YsoXSMZW6aag=
    dependencies:
      "@babel/helper-create-regexp-features-plugin" "^7.20.5"
      "@babel/helper-plugin-utils" "^7.20.2"
  
  "@babel/plugin-transform-new-target@^7.14.5":
    version "7.18.6"
    resolved "http://172.16.0.199:8081/repository/npm-hosted/@babel/plugin-transform-new-target/-/plugin-transform-new-target-7.18.6.tgz#d128f376ae200477f37c4ddfcc722a8a1b3246a8"
    integrity sha1-0Sjzdq4gBHfzfE3fzHIqihsyRqg=
    dependencies:
      "@babel/helper-plugin-utils" "^7.18.6"
  
  "@babel/plugin-transform-object-super@^7.14.5":
    version "7.23.3"
    resolved "http://172.16.0.199:8081/repository/npm-hosted/@babel/plugin-transform-object-super/-/plugin-transform-object-super-7.23.3.tgz#81fdb636dcb306dd2e4e8fd80db5b2362ed2ebcd"
    integrity sha1-gf22NtyzBt0uTo/YDbWyNi7S680=
    dependencies:
      "@babel/helper-plugin-utils" "^7.22.5"
      "@babel/helper-replace-supers" "^7.22.20"
  
  "@babel/plugin-transform-optional-chaining@^7.23.3":
    version "7.23.3"
    resolved "http://172.16.0.199:8081/repository/npm-hosted/@babel/plugin-transform-optional-chaining/-/plugin-transform-optional-chaining-7.23.3.tgz#92fc83f54aa3adc34288933fa27e54c13113f4be"
    integrity sha1-kvyD9UqjrcNCiJM/on5UwTET9L4=
    dependencies:
      "@babel/helper-plugin-utils" "^7.22.5"
      "@babel/helper-skip-transparent-expression-wrappers" "^7.22.5"
      "@babel/plugin-syntax-optional-chaining" "^7.8.3"
  
  "@babel/plugin-transform-parameters@^7.15.4", "@babel/plugin-transform-parameters@^7.20.7":
    version "7.23.3"
    resolved "http://172.16.0.199:8081/repository/npm-hosted/@babel/plugin-transform-parameters/-/plugin-transform-parameters-7.23.3.tgz#83ef5d1baf4b1072fa6e54b2b0999a7b2527e2af"
    integrity sha1-g+9dG69LEHL6blSysJmaeyUn4q8=
    dependencies:
      "@babel/helper-plugin-utils" "^7.22.5"
  
  "@babel/plugin-transform-property-literals@^7.14.5":
    version "7.18.6"
    resolved "http://172.16.0.199:8081/repository/npm-hosted/@babel/plugin-transform-property-literals/-/plugin-transform-property-literals-7.18.6.tgz#e22498903a483448e94e032e9bbb9c5ccbfc93a3"
    integrity sha1-4iSYkDpINEjpTgMum7ucXMv8k6M=
    dependencies:
      "@babel/helper-plugin-utils" "^7.18.6"
  
  "@babel/plugin-transform-react-display-name@^7.16.7":
    version "7.23.3"
    resolved "http://172.16.0.199:8081/repository/npm-hosted/@babel/plugin-transform-react-display-name/-/plugin-transform-react-display-name-7.23.3.tgz#70529f034dd1e561045ad3c8152a267f0d7b6200"
    integrity sha1-cFKfA03R5WEEWtPIFSomfw17YgA=
    dependencies:
      "@babel/helper-plugin-utils" "^7.22.5"
  
  "@babel/plugin-transform-react-jsx-development@^7.16.7":
    version "7.18.6"
    resolved "http://172.16.0.199:8081/repository/npm-hosted/@babel/plugin-transform-react-jsx-development/-/plugin-transform-react-jsx-development-7.18.6.tgz#dbe5c972811e49c7405b630e4d0d2e1380c0ddc5"
    integrity sha1-2+XJcoEeScdAW2MOTQ0uE4DA3cU=
    dependencies:
      "@babel/plugin-transform-react-jsx" "^7.18.6"
  
  "@babel/plugin-transform-react-jsx@^7.16.7", "@babel/plugin-transform-react-jsx@^7.18.6":
    version "7.20.13"
    resolved "http://172.16.0.199:8081/repository/npm-hosted/@babel/plugin-transform-react-jsx/-/plugin-transform-react-jsx-7.20.13.tgz#f950f0b0c36377503d29a712f16287cedf886cbb"
    integrity sha1-+VDwsMNjd1A9KacS8WKHzt+IbLs=
    dependencies:
      "@babel/helper-annotate-as-pure" "^7.18.6"
      "@babel/helper-module-imports" "^7.18.6"
      "@babel/helper-plugin-utils" "^7.20.2"
      "@babel/plugin-syntax-jsx" "^7.18.6"
      "@babel/types" "^7.20.7"
  
  "@babel/plugin-transform-react-pure-annotations@^7.16.7":
    version "7.18.6"
    resolved "http://172.16.0.199:8081/repository/npm-hosted/@babel/plugin-transform-react-pure-annotations/-/plugin-transform-react-pure-annotations-7.18.6.tgz#561af267f19f3e5d59291f9950fd7b9663d0d844"
    integrity sha1-VhryZ/GfPl1ZKR+ZUP17lmPQ2EQ=
    dependencies:
      "@babel/helper-annotate-as-pure" "^7.18.6"
      "@babel/helper-plugin-utils" "^7.18.6"
  
  "@babel/plugin-transform-regenerator@^7.14.5":
    version "7.23.3"
    resolved "http://172.16.0.199:8081/repository/npm-hosted/@babel/plugin-transform-regenerator/-/plugin-transform-regenerator-7.23.3.tgz#141afd4a2057298602069fce7f2dc5173e6c561c"
    integrity sha1-FBr9SiBXKYYCBp/Ofy3FFz5sVhw=
    dependencies:
      "@babel/helper-plugin-utils" "^7.22.5"
      regenerator-transform "^0.15.2"
  
  "@babel/plugin-transform-reserved-words@^7.14.5":
    version "7.23.3"
    resolved "http://172.16.0.199:8081/repository/npm-hosted/@babel/plugin-transform-reserved-words/-/plugin-transform-reserved-words-7.23.3.tgz#4130dcee12bd3dd5705c587947eb715da12efac8"
    integrity sha1-QTDc7hK9PdVwXFh5R+txXaEu+sg=
    dependencies:
      "@babel/helper-plugin-utils" "^7.22.5"
  
  "@babel/plugin-transform-runtime@~7.15.8":
    version "7.15.8"
    resolved "http://172.16.0.199:8081/repository/npm-hosted/@babel/plugin-transform-runtime/-/plugin-transform-runtime-7.15.8.tgz#9d15b1e94e1c7f6344f65a8d573597d93c6cd886"
    integrity sha1-nRWx6U4cf2NE9lqNVzWX2Txs2IY=
    dependencies:
      "@babel/helper-module-imports" "^7.15.4"
      "@babel/helper-plugin-utils" "^7.14.5"
      babel-plugin-polyfill-corejs2 "^0.2.2"
      babel-plugin-polyfill-corejs3 "^0.2.5"
      babel-plugin-polyfill-regenerator "^0.2.2"
      semver "^6.3.0"
  
  "@babel/plugin-transform-shorthand-properties@^7.14.5":
    version "7.18.6"
    resolved "http://172.16.0.199:8081/repository/npm-hosted/@babel/plugin-transform-shorthand-properties/-/plugin-transform-shorthand-properties-7.18.6.tgz#6d6df7983d67b195289be24909e3f12a8f664dc9"
    integrity sha1-bW33mD1nsZUom+JJCePxKo9mTck=
    dependencies:
      "@babel/helper-plugin-utils" "^7.18.6"
  
  "@babel/plugin-transform-spread@^7.15.8":
    version "7.20.7"
    resolved "http://172.16.0.199:8081/repository/npm-hosted/@babel/plugin-transform-spread/-/plugin-transform-spread-7.20.7.tgz#c2d83e0b99d3bf83e07b11995ee24bf7ca09401e"
    integrity sha1-wtg+C5nTv4PgexGZXuJL98oJQB4=
    dependencies:
      "@babel/helper-plugin-utils" "^7.20.2"
      "@babel/helper-skip-transparent-expression-wrappers" "^7.20.0"
  
  "@babel/plugin-transform-sticky-regex@^7.14.5":
    version "7.23.3"
    resolved "http://172.16.0.199:8081/repository/npm-hosted/@babel/plugin-transform-sticky-regex/-/plugin-transform-sticky-regex-7.23.3.tgz#dec45588ab4a723cb579c609b294a3d1bd22ff04"
    integrity sha1-3sRViKtKcjy1ecYJspSj0b0i/wQ=
    dependencies:
      "@babel/helper-plugin-utils" "^7.22.5"
  
  "@babel/plugin-transform-template-literals@^7.14.5":
    version "7.18.9"
    resolved "http://172.16.0.199:8081/repository/npm-hosted/@babel/plugin-transform-template-literals/-/plugin-transform-template-literals-7.18.9.tgz#04ec6f10acdaa81846689d63fae117dd9c243a5e"
    integrity sha1-BOxvEKzaqBhGaJ1j+uEX3ZwkOl4=
    dependencies:
      "@babel/helper-plugin-utils" "^7.18.9"
  
  "@babel/plugin-transform-typeof-symbol@^7.14.5":
    version "7.23.3"
    resolved "http://172.16.0.199:8081/repository/npm-hosted/@babel/plugin-transform-typeof-symbol/-/plugin-transform-typeof-symbol-7.23.3.tgz#9dfab97acc87495c0c449014eb9c547d8966bca4"
    integrity sha1-nfq5esyHSVwMRJAU65xUfYlmvKQ=
    dependencies:
      "@babel/helper-plugin-utils" "^7.22.5"
  
  "@babel/plugin-transform-typescript@~7.15.8":
    version "7.15.8"
    resolved "http://172.16.0.199:8081/repository/npm-hosted/@babel/plugin-transform-typescript/-/plugin-transform-typescript-7.15.8.tgz#ff0e6a47de9b2d58652123ab5a879b2ff20665d8"
    integrity sha1-/w5qR96bLVhlISOrWoebL/IGZdg=
    dependencies:
      "@babel/helper-create-class-features-plugin" "^7.15.4"
      "@babel/helper-plugin-utils" "^7.14.5"
      "@babel/plugin-syntax-typescript" "^7.14.5"
  
  "@babel/plugin-transform-unicode-escapes@^7.14.5":
    version "7.18.10"
    resolved "http://172.16.0.199:8081/repository/npm-hosted/@babel/plugin-transform-unicode-escapes/-/plugin-transform-unicode-escapes-7.18.10.tgz#1ecfb0eda83d09bbcb77c09970c2dd55832aa246"
    integrity sha1-Hs+w7ag9CbvLd8CZcMLdVYMqokY=
    dependencies:
      "@babel/helper-plugin-utils" "^7.18.9"
  
  "@babel/plugin-transform-unicode-regex@^7.14.5":
    version "7.18.6"
    resolved "http://172.16.0.199:8081/repository/npm-hosted/@babel/plugin-transform-unicode-regex/-/plugin-transform-unicode-regex-7.18.6.tgz#194317225d8c201bbae103364ffe9e2cea36cdca"
    integrity sha1-GUMXIl2MIBu64QM2T/6eLOo2zco=
    dependencies:
      "@babel/helper-create-regexp-features-plugin" "^7.18.6"
      "@babel/helper-plugin-utils" "^7.18.6"
  
  "@babel/preset-env@~7.15.8":
    version "7.15.8"
    resolved "http://172.16.0.199:8081/repository/npm-hosted/@babel/preset-env/-/preset-env-7.15.8.tgz#f527ce5bcb121cd199f6b502bf23e420b3ff8dba"
    integrity sha1-9SfOW8sSHNGZ9rUCvyPkILP/jbo=
    dependencies:
      "@babel/compat-data" "^7.15.0"
      "@babel/helper-compilation-targets" "^7.15.4"
      "@babel/helper-plugin-utils" "^7.14.5"
      "@babel/helper-validator-option" "^7.14.5"
      "@babel/plugin-bugfix-v8-spread-parameters-in-optional-chaining" "^7.15.4"
      "@babel/plugin-proposal-async-generator-functions" "^7.15.8"
      "@babel/plugin-proposal-class-properties" "^7.14.5"
      "@babel/plugin-proposal-class-static-block" "^7.15.4"
      "@babel/plugin-proposal-dynamic-import" "^7.14.5"
      "@babel/plugin-proposal-export-namespace-from" "^7.14.5"
      "@babel/plugin-proposal-json-strings" "^7.14.5"
      "@babel/plugin-proposal-logical-assignment-operators" "^7.14.5"
      "@babel/plugin-proposal-nullish-coalescing-operator" "^7.14.5"
      "@babel/plugin-proposal-numeric-separator" "^7.14.5"
      "@babel/plugin-proposal-object-rest-spread" "^7.15.6"
      "@babel/plugin-proposal-optional-catch-binding" "^7.14.5"
      "@babel/plugin-proposal-optional-chaining" "^7.14.5"
      "@babel/plugin-proposal-private-methods" "^7.14.5"
      "@babel/plugin-proposal-private-property-in-object" "^7.15.4"
      "@babel/plugin-proposal-unicode-property-regex" "^7.14.5"
      "@babel/plugin-syntax-async-generators" "^7.8.4"
      "@babel/plugin-syntax-class-properties" "^7.12.13"
      "@babel/plugin-syntax-class-static-block" "^7.14.5"
      "@babel/plugin-syntax-dynamic-import" "^7.8.3"
      "@babel/plugin-syntax-export-namespace-from" "^7.8.3"
      "@babel/plugin-syntax-json-strings" "^7.8.3"
      "@babel/plugin-syntax-logical-assignment-operators" "^7.10.4"
      "@babel/plugin-syntax-nullish-coalescing-operator" "^7.8.3"
      "@babel/plugin-syntax-numeric-separator" "^7.10.4"
      "@babel/plugin-syntax-object-rest-spread" "^7.8.3"
      "@babel/plugin-syntax-optional-catch-binding" "^7.8.3"
      "@babel/plugin-syntax-optional-chaining" "^7.8.3"
      "@babel/plugin-syntax-private-property-in-object" "^7.14.5"
      "@babel/plugin-syntax-top-level-await" "^7.14.5"
      "@babel/plugin-transform-arrow-functions" "^7.14.5"
      "@babel/plugin-transform-async-to-generator" "^7.14.5"
      "@babel/plugin-transform-block-scoped-functions" "^7.14.5"
      "@babel/plugin-transform-block-scoping" "^7.15.3"
      "@babel/plugin-transform-classes" "^7.15.4"
      "@babel/plugin-transform-computed-properties" "^7.14.5"
      "@babel/plugin-transform-destructuring" "^7.14.7"
      "@babel/plugin-transform-dotall-regex" "^7.14.5"
      "@babel/plugin-transform-duplicate-keys" "^7.14.5"
      "@babel/plugin-transform-exponentiation-operator" "^7.14.5"
      "@babel/plugin-transform-for-of" "^7.15.4"
      "@babel/plugin-transform-function-name" "^7.14.5"
      "@babel/plugin-transform-literals" "^7.14.5"
      "@babel/plugin-transform-member-expression-literals" "^7.14.5"
      "@babel/plugin-transform-modules-amd" "^7.14.5"
      "@babel/plugin-transform-modules-commonjs" "^7.15.4"
      "@babel/plugin-transform-modules-systemjs" "^7.15.4"
      "@babel/plugin-transform-modules-umd" "^7.14.5"
      "@babel/plugin-transform-named-capturing-groups-regex" "^7.14.9"
      "@babel/plugin-transform-new-target" "^7.14.5"
      "@babel/plugin-transform-object-super" "^7.14.5"
      "@babel/plugin-transform-parameters" "^7.15.4"
      "@babel/plugin-transform-property-literals" "^7.14.5"
      "@babel/plugin-transform-regenerator" "^7.14.5"
      "@babel/plugin-transform-reserved-words" "^7.14.5"
      "@babel/plugin-transform-shorthand-properties" "^7.14.5"
      "@babel/plugin-transform-spread" "^7.15.8"
      "@babel/plugin-transform-sticky-regex" "^7.14.5"
      "@babel/plugin-transform-template-literals" "^7.14.5"
      "@babel/plugin-transform-typeof-symbol" "^7.14.5"
      "@babel/plugin-transform-unicode-escapes" "^7.14.5"
      "@babel/plugin-transform-unicode-regex" "^7.14.5"
      "@babel/preset-modules" "^0.1.4"
      "@babel/types" "^7.15.6"
      babel-plugin-polyfill-corejs2 "^0.2.2"
      babel-plugin-polyfill-corejs3 "^0.2.5"
      babel-plugin-polyfill-regenerator "^0.2.2"
      core-js-compat "^3.16.0"
      semver "^6.3.0"
  
  "@babel/preset-modules@^0.1.4":
    version "0.1.6"
    resolved "http://172.16.0.199:8081/repository/npm-hosted/@babel/preset-modules/-/preset-modules-0.1.6.tgz#31bcdd8f19538437339d17af00d177d854d9d458"
    integrity sha1-MbzdjxlThDcznRevANF32FTZ1Fg=
    dependencies:
      "@babel/helper-plugin-utils" "^7.0.0"
      "@babel/plugin-proposal-unicode-property-regex" "^7.4.4"
      "@babel/plugin-transform-dotall-regex" "^7.4.4"
      "@babel/types" "^7.4.4"
      esutils "^2.0.2"
  
  "@babel/preset-react@~7.16.0":
    version "7.16.7"
    resolved "http://172.16.0.199:8081/repository/npm-hosted/@babel/preset-react/-/preset-react-7.16.7.tgz#4c18150491edc69c183ff818f9f2aecbe5d93852"
    integrity sha1-TBgVBJHtxpwYP/gY+fKuy+XZOFI=
    dependencies:
      "@babel/helper-plugin-utils" "^7.16.7"
      "@babel/helper-validator-option" "^7.16.7"
      "@babel/plugin-transform-react-display-name" "^7.16.7"
      "@babel/plugin-transform-react-jsx" "^7.16.7"
      "@babel/plugin-transform-react-jsx-development" "^7.16.7"
      "@babel/plugin-transform-react-pure-annotations" "^7.16.7"
  
  "@babel/runtime@^7.10.1", "@babel/runtime@^7.10.4", "@babel/runtime@^7.11.1", "@babel/runtime@^7.11.2", "@babel/runtime@^7.12.1", "@babel/runtime@^7.12.5", "@babel/runtime@^7.16.7", "@babel/runtime@^7.18.0", "@babel/runtime@^7.18.3", "@babel/runtime@^7.20.0", "@babel/runtime@^7.20.7", "@babel/runtime@^7.21.0", "@babel/runtime@^7.8.4":
    version "7.21.5"
    resolved "http://172.16.0.199:8081/repository/npm-hosted/@babel/runtime/-/runtime-7.21.5.tgz#8492dddda9644ae3bda3b45eabe87382caee7200"
    integrity sha1-hJLd3alkSuO9o7Req+hzgsrucgA=
    dependencies:
      regenerator-runtime "^0.13.11"
  
  "@babel/runtime@^7.22.5", "@babel/runtime@^7.23.2":
    version "7.23.2"
    resolved "http://172.16.0.199:8081/repository/npm-hosted/@babel/runtime/-/runtime-7.23.2.tgz#062b0ac103261d68a966c4c7baf2ae3e62ec3885"
    integrity sha1-BisKwQMmHWipZsTHuvKuPmLsOIU=
    dependencies:
      regenerator-runtime "^0.14.0"
  
  "@babel/runtime@~7.15.4":
    version "7.15.4"
    resolved "http://172.16.0.199:8081/repository/npm-hosted/@babel/runtime/-/runtime-7.15.4.tgz#fd17d16bfdf878e6dd02d19753a39fa8a8d9c84a"
    integrity sha1-/RfRa/34eObdAtGXU6OfqKjZyEo=
    dependencies:
      regenerator-runtime "^0.13.4"
  
  "@babel/template@^7.0.0", "@babel/template@^7.15.4", "@babel/template@^7.18.10", "@babel/template@^7.20.7", "@babel/template@^7.3.3":
    version "7.22.5"
    resolved "http://172.16.0.199:8081/repository/npm-hosted/@babel/template/-/template-7.22.5.tgz#0c8c4d944509875849bd0344ff0050756eefc6ec"
    integrity sha1-DIxNlEUJh1hJvQNE/wBQdW7vxuw=
    dependencies:
      "@babel/code-frame" "^7.22.5"
      "@babel/parser" "^7.22.5"
      "@babel/types" "^7.22.5"
  
  "@babel/template@^7.22.15":
    version "7.22.15"
    resolved "http://172.16.0.199:8081/repository/npm-hosted/@babel/template/-/template-7.22.15.tgz#09576efc3830f0430f4548ef971dde1350ef2f38"
    integrity sha1-CVdu/Dgw8EMPRUjvlx3eE1DvLzg=
    dependencies:
      "@babel/code-frame" "^7.22.13"
      "@babel/parser" "^7.22.15"
      "@babel/types" "^7.22.15"
  
  "@babel/traverse@^7.0.0", "@babel/traverse@^7.13.0", "@babel/traverse@^7.15.4", "@babel/traverse@^7.21.2", "@babel/traverse@^7.21.5", "@babel/traverse@^7.7.2":
    version "7.21.5"
    resolved "http://172.16.0.199:8081/repository/npm-hosted/@babel/traverse/-/traverse-7.21.5.tgz#ad22361d352a5154b498299d523cf72998a4b133"
    integrity sha1-rSI2HTUqUVS0mCmdUjz3KZiksTM=
    dependencies:
      "@babel/code-frame" "^7.21.4"
      "@babel/generator" "^7.21.5"
      "@babel/helper-environment-visitor" "^7.21.5"
      "@babel/helper-function-name" "^7.21.0"
      "@babel/helper-hoist-variables" "^7.18.6"
      "@babel/helper-split-export-declaration" "^7.18.6"
      "@babel/parser" "^7.21.5"
      "@babel/types" "^7.21.5"
      debug "^4.1.0"
      globals "^11.1.0"
  
  "@babel/traverse@^7.23.2":
    version "7.23.3"
    resolved "http://172.16.0.199:8081/repository/npm-hosted/@babel/traverse/-/traverse-7.23.3.tgz#26ee5f252e725aa7aca3474aa5b324eaf7908b5b"
    integrity sha1-Ju5fJS5yWqeso0dKpbMk6veQi1s=
    dependencies:
      "@babel/code-frame" "^7.22.13"
      "@babel/generator" "^7.23.3"
      "@babel/helper-environment-visitor" "^7.22.20"
      "@babel/helper-function-name" "^7.23.0"
      "@babel/helper-hoist-variables" "^7.22.5"
      "@babel/helper-split-export-declaration" "^7.22.6"
      "@babel/parser" "^7.23.3"
      "@babel/types" "^7.23.3"
      debug "^4.1.0"
      globals "^11.1.0"
  
  "@babel/types@^7.0.0", "@babel/types@^7.15.6", "@babel/types@^7.18.6", "@babel/types@^7.19.0", "@babel/types@^7.20.7", "@babel/types@^7.21.2", "@babel/types@^7.21.3", "@babel/types@^7.21.5", "@babel/types@^7.22.15", "@babel/types@^7.22.19", "@babel/types@^7.22.5", "@babel/types@^7.23.0", "@babel/types@^7.23.3", "@babel/types@^7.3.0", "@babel/types@^7.3.3", "@babel/types@^7.4.4":
    version "7.23.3"
    resolved "http://172.16.0.199:8081/repository/npm-hosted/@babel/types/-/types-7.23.3.tgz#d5ea892c07f2ec371ac704420f4dcdb07b5f9598"
    integrity sha1-1eqJLAfy7DcaxwRCD03NsHtflZg=
    dependencies:
      "@babel/helper-string-parser" "^7.22.5"
      "@babel/helper-validator-identifier" "^7.22.20"
      to-fast-properties "^2.0.0"
  
  "@bcoe/v8-coverage@^0.2.3":
    version "0.2.3"
    resolved "http://172.16.0.199:8081/repository/npm-hosted/@bcoe/v8-coverage/-/v8-coverage-0.2.3.tgz#75a2e8b51cb758a7553d6804a5932d7aace75c39"
    integrity sha1-daLotRy3WKdVPWgEpZMteqznXDk=
  
  "@commitlint/cli@~12.1.1":
    version "12.1.4"
    resolved "http://172.16.0.199:8081/repository/npm-hosted/@commitlint/cli/-/cli-12.1.4.tgz#af4d9dd3c0122c7b39a61fa1cd2abbad0422dbe0"
    integrity sha1-r02d08ASLHs5ph+hzSq7rQQi2+A=
    dependencies:
      "@commitlint/format" "^12.1.4"
      "@commitlint/lint" "^12.1.4"
      "@commitlint/load" "^12.1.4"
      "@commitlint/read" "^12.1.4"
      "@commitlint/types" "^12.1.4"
      lodash "^4.17.19"
      resolve-from "5.0.0"
      resolve-global "1.0.0"
      yargs "^16.2.0"
  
  "@commitlint/config-conventional@~12.1.1":
    version "12.1.4"
    resolved "http://172.16.0.199:8081/repository/npm-hosted/@commitlint/config-conventional/-/config-conventional-12.1.4.tgz#95bbab622f117a8a3e49f95917b08655040c66a8"
    integrity sha1-lburYi8Reoo+SflZF7CGVQQMZqg=
    dependencies:
      conventional-changelog-conventionalcommits "^4.3.1"
  
  "@commitlint/ensure@^12.1.4":
    version "12.1.4"
    resolved "http://172.16.0.199:8081/repository/npm-hosted/@commitlint/ensure/-/ensure-12.1.4.tgz#287ae2dcc5ccb086e749705b1bd9bdb99773056f"
    integrity sha1-KHri3MXMsIbnSXBbG9m9uZdzBW8=
    dependencies:
      "@commitlint/types" "^12.1.4"
      lodash "^4.17.19"
  
  "@commitlint/execute-rule@^12.1.4":
    version "12.1.4"
    resolved "http://172.16.0.199:8081/repository/npm-hosted/@commitlint/execute-rule/-/execute-rule-12.1.4.tgz#9973b02e9779adbf1522ae9ac207a4815ec73de1"
    integrity sha1-mXOwLpd5rb8VIq6awgekgV7HPeE=
  
  "@commitlint/format@^12.1.4":
    version "12.1.4"
    resolved "http://172.16.0.199:8081/repository/npm-hosted/@commitlint/format/-/format-12.1.4.tgz#db2d46418a6ae57c90e5f7f65dff46f0265d9f24"
    integrity sha1-2y1GQYpq5XyQ5ff2Xf9G8CZdnyQ=
    dependencies:
      "@commitlint/types" "^12.1.4"
      chalk "^4.0.0"
  
  "@commitlint/is-ignored@^12.1.4":
    version "12.1.4"
    resolved "http://172.16.0.199:8081/repository/npm-hosted/@commitlint/is-ignored/-/is-ignored-12.1.4.tgz#4c430bc3b361aa9be5cd4ddb252c1559870ea7bc"
    integrity sha1-TEMLw7NhqpvlzU3bJSwVWYcOp7w=
    dependencies:
      "@commitlint/types" "^12.1.4"
      semver "7.3.5"
  
  "@commitlint/lint@^12.1.4":
    version "12.1.4"
    resolved "http://172.16.0.199:8081/repository/npm-hosted/@commitlint/lint/-/lint-12.1.4.tgz#856b7fd2b2e6367b836cb84a12f1c1b3c0e40d22"
    integrity sha1-hWt/0rLmNnuDbLhKEvHBs8DkDSI=
    dependencies:
      "@commitlint/is-ignored" "^12.1.4"
      "@commitlint/parse" "^12.1.4"
      "@commitlint/rules" "^12.1.4"
      "@commitlint/types" "^12.1.4"
  
  "@commitlint/load@>6.1.1", "@commitlint/load@^12.1.4":
    version "12.1.4"
    resolved "http://172.16.0.199:8081/repository/npm-hosted/@commitlint/load/-/load-12.1.4.tgz#e3c2dbc0e7d8d928f57a6878bd7219909fc0acab"
    integrity sha1-48LbwOfY2Sj1emh4vXIZkJ/ArKs=
    dependencies:
      "@commitlint/execute-rule" "^12.1.4"
      "@commitlint/resolve-extends" "^12.1.4"
      "@commitlint/types" "^12.1.4"
      chalk "^4.0.0"
      cosmiconfig "^7.0.0"
      lodash "^4.17.19"
      resolve-from "^5.0.0"
  
  "@commitlint/message@^12.1.4":
    version "12.1.4"
    resolved "http://172.16.0.199:8081/repository/npm-hosted/@commitlint/message/-/message-12.1.4.tgz#3895edcc0709deca5945f3d55f5ea95a9f1f446d"
    integrity sha1-OJXtzAcJ3spZRfPVX16pWp8fRG0=
  
  "@commitlint/parse@^12.1.4":
    version "12.1.4"
    resolved "http://172.16.0.199:8081/repository/npm-hosted/@commitlint/parse/-/parse-12.1.4.tgz#ba03d54d24ef84f6fd2ff31c5e9998b22d7d0aa1"
    integrity sha1-ugPVTSTvhPb9L/McXpmYsi19CqE=
    dependencies:
      "@commitlint/types" "^12.1.4"
      conventional-changelog-angular "^5.0.11"
      conventional-commits-parser "^3.0.0"
  
  "@commitlint/read@^12.1.4":
    version "12.1.4"
    resolved "http://172.16.0.199:8081/repository/npm-hosted/@commitlint/read/-/read-12.1.4.tgz#552fda42ef185d5b578beb6f626a5f8b282de3a6"
    integrity sha1-VS/aQu8YXVtXi+tvYmpfiygt46Y=
    dependencies:
      "@commitlint/top-level" "^12.1.4"
      "@commitlint/types" "^12.1.4"
      fs-extra "^9.0.0"
      git-raw-commits "^2.0.0"
  
  "@commitlint/resolve-extends@^12.1.4":
    version "12.1.4"
    resolved "http://172.16.0.199:8081/repository/npm-hosted/@commitlint/resolve-extends/-/resolve-extends-12.1.4.tgz#e758ed7dcdf942618b9f603a7c28a640f6a0802a"
    integrity sha1-51jtfc35QmGLn2A6fCimQPaggCo=
    dependencies:
      import-fresh "^3.0.0"
      lodash "^4.17.19"
      resolve-from "^5.0.0"
      resolve-global "^1.0.0"
  
  "@commitlint/rules@^12.1.4":
    version "12.1.4"
    resolved "http://172.16.0.199:8081/repository/npm-hosted/@commitlint/rules/-/rules-12.1.4.tgz#0e141b08caa3d7bdc48aa784baa8baff3efd64db"
    integrity sha1-DhQbCMqj173EiqeEuqi6/z79ZNs=
    dependencies:
      "@commitlint/ensure" "^12.1.4"
      "@commitlint/message" "^12.1.4"
      "@commitlint/to-lines" "^12.1.4"
      "@commitlint/types" "^12.1.4"
  
  "@commitlint/to-lines@^12.1.4":
    version "12.1.4"
    resolved "http://172.16.0.199:8081/repository/npm-hosted/@commitlint/to-lines/-/to-lines-12.1.4.tgz#caa582dbf121f377a0588bb64e25c4854843cd25"
    integrity sha1-yqWC2/Eh83egWIu2TiXEhUhDzSU=
  
  "@commitlint/top-level@^12.1.4":
    version "12.1.4"
    resolved "http://172.16.0.199:8081/repository/npm-hosted/@commitlint/top-level/-/top-level-12.1.4.tgz#96d5c715bfc1bdf86dfcf11b67fc2cf7658c7a6e"
    integrity sha1-ltXHFb/Bvfht/PEbZ/ws92WMem4=
    dependencies:
      find-up "^5.0.0"
  
  "@commitlint/types@^12.1.4":
    version "12.1.4"
    resolved "http://172.16.0.199:8081/repository/npm-hosted/@commitlint/types/-/types-12.1.4.tgz#9618a5dc8991fb58e6de6ed89d7bf712fa74ba7e"
    integrity sha1-lhil3ImR+1jm3m7YnXv3Evp0un4=
    dependencies:
      chalk "^4.0.0"
  
  "@cspotcode/source-map-support@^0.8.0":
    version "0.8.1"
    resolved "http://172.16.0.199:8081/repository/npm-hosted/@cspotcode/source-map-support/-/source-map-support-0.8.1.tgz#00629c35a688e05a88b1cda684fb9d5e73f000a1"
    integrity sha1-AGKcNaaI4FqIsc2mhPudXnPwAKE=
    dependencies:
      "@jridgewell/trace-mapping" "0.3.9"
  
  "@csstools/selector-specificity@^2.0.2":
    version "2.1.1"
    resolved "http://172.16.0.199:8081/repository/npm-hosted/@csstools/selector-specificity/-/selector-specificity-2.1.1.tgz#c9c61d9fe5ca5ac664e1153bb0aa0eba1c6d6308"
    integrity sha1-ycYdn+XKWsZk4RU7sKoOuhxtYwg=
  
  "@ctrl/tinycolor@^3.4.0", "@ctrl/tinycolor@^3.6.0":
    version "3.6.0"
    resolved "http://172.16.0.199:8081/repository/npm-hosted/@ctrl/tinycolor/-/tinycolor-3.6.0.tgz#53fa5fe9c34faee89469e48f91d51a3766108bc8"
    integrity sha1-U/pf6cNPruiUaeSPkdUaN2YQi8g=
  
  "@ctrl/tinycolor@^3.6.1":
    version "3.6.1"
    resolved "http://172.16.0.199:8081/repository/npm-hosted/@ctrl/tinycolor/-/tinycolor-3.6.1.tgz#b6c75a56a1947cc916ea058772d666a2c8932f31"
    integrity sha1-tsdaVqGUfMkW6gWHctZmosiTLzE=
  
  "@discoveryjs/json-ext@0.5.7":
    version "0.5.7"
    resolved "http://172.16.0.199:8081/repository/npm-hosted/@discoveryjs/json-ext/-/json-ext-0.5.7.tgz#1d572bfbbe14b7704e0ba0f39b74815b84870d70"
    integrity sha1-HVcr+74Ut3BOC6Dzm3SBW4SHDXA=
  
  "@elux/app@^2.6.3":
    version "2.6.3"
    resolved "http://172.16.0.199:8081/repository/npm-hosted/@elux/app/-/app-2.6.3.tgz#6982d4cad3570966f3c6b38cd7cec6f32c034b47"
    integrity sha1-aYLUytNXCWbzxrOM187G8ywDS0c=
    dependencies:
      "@elux/core" "^2.6.3"
  
  "@elux/babel-preset@^1.0.2":
    version "1.0.2"
    resolved "http://172.16.0.199:8081/repository/npm-hosted/@elux/babel-preset/-/babel-preset-1.0.2.tgz#9540adf0a069d1b3d40f34a20568fe5262dd680d"
    integrity sha1-lUCt8KBp0bPUDzSiBWj+UmLdaA0=
    dependencies:
      "@babel/cli" "~7.15.7"
      "@babel/core" "~7.15.8"
      "@babel/plugin-proposal-decorators" "~7.15.8"
      "@babel/plugin-transform-runtime" "~7.15.8"
      "@babel/plugin-transform-typescript" "~7.15.8"
      "@babel/preset-env" "~7.15.8"
      "@babel/preset-react" "~7.16.0"
      "@babel/runtime" "~7.15.4"
      "@vue/babel-plugin-jsx" "~1.1.1"
      "@vue/babel-preset-jsx" "~1.2.4"
      babel-plugin-module-resolver "~4.1.0"
      babel-plugin-root-import "~6.6.0"
      core-js "^3.19.0"
  
  "@elux/cli-mock@^2.1.0":
    version "2.1.0"
    resolved "http://172.16.0.199:8081/repository/npm-hosted/@elux/cli-mock/-/cli-mock-2.1.0.tgz#3d14e7ca06a7c0e37a761361bffe603604914368"
    integrity sha1-PRTnyganwON6dhNhv/5gNgSRQ2g=
    dependencies:
      nodemon "^2.0.0"
      ts-node "^10.0.0"
      tsconfig-paths "^3.0.0"
  
  "@elux/cli-utils@^2.3.1":
    version "2.3.1"
    resolved "http://172.16.0.199:8081/repository/npm-hosted/@elux/cli-utils/-/cli-utils-2.3.1.tgz#c8cb3f8a78b3d9f2acca247ee309de1b74dc1298"
    integrity sha1-yMs/iniz2fKsyiR+4wneG3TcEpg=
    dependencies:
      "@types/fs-extra" "^9.0.0"
      chalk "^4.0.0"
      deep-extend "^0.6.0"
      execa "^5.1.1"
      fs-extra "^9.0.0"
      global-agent "^3.0.0"
      ora "^5.0.0"
      schema-utils "^3.0.0"
      semver "^7.0.0"
      validate-npm-package-name "^4.0.0"
  
  "@elux/cli-webpack@^2.3.1":
    version "2.3.1"
    resolved "http://172.16.0.199:8081/repository/npm-hosted/@elux/cli-webpack/-/cli-webpack-2.3.1.tgz#6320833a67313d4133d1e20dbe802d55d037fc54"
    integrity sha1-YyCDOmcxPUEz0eINvoAtVdA3/FQ=
    dependencies:
      "@pmmmwh/react-refresh-webpack-plugin" "^0.5.1"
      babel-loader "^8.2.3"
      bundle-loader "^0.5.6"
      clean-webpack-plugin "^4.0.0"
      css-loader "^6.5.0"
      css-minimizer-webpack-plugin "^3.1.1"
      eslint-webpack-plugin "^3.1.0"
      fork-ts-checker-webpack-plugin "^7.2.1"
      html-replace-webpack-plugin "^2.6.0"
      html-webpack-plugin "^5.5.0"
      launch-editor-middleware "^2.6.0"
      loader-utils "^2.0.0"
      mini-css-extract-plugin "^2.4.3"
      null-loader "^4.0.0"
      postcss-flexbugs-fixes "^5.0.2"
      postcss-loader "^6.2.0"
      raw-loader "^4.0.0"
      react-refresh "^0.10.0"
      source-map-loader "^3.0.0"
      style-loader "^3.3.1"
      stylelint-webpack-plugin "^3.0.1"
      tsconfig-paths-webpack-plugin "^3.5.2"
      unionfs "^4.4.0"
      vue-loader "^16.8.3"
      vue-style-loader "^4.1.3"
      webpack "5.74.0"
      webpack-bundle-analyzer "^4.5.0"
      webpack-dev-server "4.9.3"
  
  "@elux/cli@^2.5.2":
    version "2.5.2"
    resolved "http://172.16.0.199:8081/repository/npm-hosted/@elux/cli/-/cli-2.5.2.tgz#e04e08d971716b4145fb611b275e9048ea650911"
    integrity sha1-4E4I2XFxa0FF+2EbJ16QSOplCRE=
    dependencies:
      "@elux/cli-utils" "^2.3.1"
      commander "^7.0.0"
  
  "@elux/core@^2.6.3":
    version "2.6.3"
    resolved "http://172.16.0.199:8081/repository/npm-hosted/@elux/core/-/core-2.6.3.tgz#4187751304e01281f896b5a9bfe921e41f01896b"
    integrity sha1-QYd1EwTgEoH4lrWpv+kh5B8BiWs=
  
  "@elux/eslint-plugin@^1.2.2":
    version "1.2.2"
    resolved "http://172.16.0.199:8081/repository/npm-hosted/@elux/eslint-plugin/-/eslint-plugin-1.2.2.tgz#fd307403b907ef194eddcd25608ce34bd2b41718"
    integrity sha1-/TB0A7kH7xlO3c0lYIzjS9K0Fxg=
    dependencies:
      "@babel/eslint-parser" "^7.15.8"
      "@typescript-eslint/eslint-plugin" "^5.2.0"
      "@typescript-eslint/parser" "^5.2.0"
      eslint "^8.1.0"
      eslint-config-prettier "^8.3.0"
      eslint-plugin-import "^2.25.2"
      eslint-plugin-markdown "^2.2.1"
      eslint-plugin-prettier "^4.0.0"
      eslint-plugin-react "^7.26.1"
      eslint-plugin-react-hooks "^4.2.0"
      eslint-plugin-tsdoc "^0.2.14"
      eslint-plugin-vue "^8.0.1"
      prettier "^2.4.0"
  
  "@elux/react-components@^2.6.3":
    version "2.6.3"
    resolved "http://172.16.0.199:8081/repository/npm-hosted/@elux/react-components/-/react-components-2.6.3.tgz#5c3833eebfaac3e9d1ba518a986a991a15307c5e"
    integrity sha1-XDgz7r+qw+nRulGKmGqZGhUwfF4=
    dependencies:
      "@elux/core" "^2.6.3"
  
  "@elux/react-redux@^2.6.3":
    version "2.6.3"
    resolved "http://172.16.0.199:8081/repository/npm-hosted/@elux/react-redux/-/react-redux-2.6.3.tgz#6f2b3ac4ec9c60c9d7e6dbd6e683adeb5c7a059b"
    integrity sha1-bys6xOycYMnX5tvW5oOt61x6BZs=
    dependencies:
      "@elux/core" "^2.6.3"
  
  "@elux/react-web@^2.6.3":
    version "2.6.3"
    resolved "http://172.16.0.199:8081/repository/npm-hosted/@elux/react-web/-/react-web-2.6.3.tgz#c8cbabb4db59a4bb71ad53c45a26d2f1b95c366d"
    integrity sha1-yMurtNtZpLtxrVPEWibS8blcNm0=
    dependencies:
      "@elux/app" "^2.6.3"
      "@elux/core" "^2.6.3"
      "@elux/react-components" "^2.6.3"
      "@elux/react-redux" "^2.6.3"
      "@elux/route-browser" "^2.6.3"
  
  "@elux/route-browser@^2.6.3":
    version "2.6.3"
    resolved "http://172.16.0.199:8081/repository/npm-hosted/@elux/route-browser/-/route-browser-2.6.3.tgz#a95b6849bb809504144efe6e37a7b19a6969c9c4"
    integrity sha1-qVtoSbuAlQQUTv5uN6exmmlpycQ=
    dependencies:
      "@elux/core" "^2.6.3"
  
  "@elux/stylelint-config@^1.1.1":
    version "1.1.1"
    resolved "http://172.16.0.199:8081/repository/npm-hosted/@elux/stylelint-config/-/stylelint-config-1.1.1.tgz#a9e1a982dbd6fbf1aeb5e492f5f4fa0092482ff3"
    integrity sha1-qeGpgtvW+/GuteSS9fT6AJJIL/M=
    dependencies:
      postcss "^8.4.0"
      postcss-html "^1.4.0"
      postcss-less "^5.0.0"
      postcss-scss "^4.0.0"
      stylelint "^14.0.0"
      stylelint-config-html "1.0.0"
      stylelint-config-prettier "^9.0.3"
      stylelint-config-recess-order "^3.0.0"
      stylelint-config-standard "^23.0.0"
      stylelint-declaration-block-no-ignored-properties "^2.4.0"
      stylelint-order "^5.0.0"
      stylelint-prettier "^1.2.0"
  
  "@emotion/hash@^0.8.0":
    version "0.8.0"
    resolved "http://172.16.0.199:8081/repository/npm-hosted/@emotion/hash/-/hash-0.8.0.tgz#bbbff68978fefdbe68ccb533bc8cbe1d1afb5413"
    integrity sha1-u7/2iXj+/b5ozLUzvIy+HRr7VBM=
  
  "@emotion/unitless@^0.7.5":
    version "0.7.5"
    resolved "http://172.16.0.199:8081/repository/npm-hosted/@emotion/unitless/-/unitless-0.7.5.tgz#77211291c1900a700b8a78cfafda3160d76949ed"
    integrity sha1-dyESkcGQCnALinjPr9oxYNdpSe0=
  
  "@eslint-community/eslint-utils@^4.2.0":
    version "4.3.0"
    resolved "http://172.16.0.199:8081/repository/npm-hosted/@eslint-community/eslint-utils/-/eslint-utils-4.3.0.tgz#a556790523a351b4e47e9d385f47265eaaf9780a"
    integrity sha1-pVZ5BSOjUbTkfp04X0cmXqr5eAo=
    dependencies:
      eslint-visitor-keys "^3.3.0"
  
  "@eslint-community/regexpp@^4.4.0":
    version "4.10.0"
    resolved "http://172.16.0.199:8081/repository/npm-hosted/@eslint-community/regexpp/-/regexpp-4.10.0.tgz#548f6de556857c8bb73bbee70c35dc82a2e74d63"
    integrity sha1-VI9t5VaFfIu3O77nDDXcgqLnTWM=
  
  "@eslint/eslintrc@^1.4.1":
    version "1.4.1"
    resolved "http://172.16.0.199:8081/repository/npm-hosted/@eslint/eslintrc/-/eslintrc-1.4.1.tgz#af58772019a2d271b7e2d4c23ff4ddcba3ccfb3e"
    integrity sha1-r1h3IBmi0nG34tTCP/Tdy6PM+z4=
    dependencies:
      ajv "^6.12.4"
      debug "^4.3.2"
      espree "^9.4.0"
      globals "^13.19.0"
      ignore "^5.2.0"
      import-fresh "^3.2.1"
      js-yaml "^4.1.0"
      minimatch "^3.1.2"
      strip-json-comments "^3.1.1"
  
  "@gar/promisify@^1.0.1":
    version "1.1.3"
    resolved "http://172.16.0.199:8081/repository/npm-hosted/@gar/promisify/-/promisify-1.1.3.tgz#555193ab2e3bb3b6adc3d551c9c030d9e860daf6"
    integrity sha1-VVGTqy47s7atw9VRycAw2ehg2vY=
  
  "@humanwhocodes/config-array@^0.11.8":
    version "0.11.13"
    resolved "http://172.16.0.199:8081/repository/npm-hosted/@humanwhocodes/config-array/-/config-array-0.11.13.tgz#075dc9684f40a531d9b26b0822153c1e832ee297"
    integrity sha1-B13JaE9ApTHZsmsIIhU8HoMu4pc=
    dependencies:
      "@humanwhocodes/object-schema" "^2.0.1"
      debug "^4.1.1"
      minimatch "^3.0.5"
  
  "@humanwhocodes/module-importer@^1.0.1":
    version "1.0.1"
    resolved "http://172.16.0.199:8081/repository/npm-hosted/@humanwhocodes/module-importer/-/module-importer-1.0.1.tgz#af5b2691a22b44be847b0ca81641c5fb6ad0172c"
    integrity sha1-r1smkaIrRL6EewyoFkHF+2rQFyw=
  
  "@humanwhocodes/object-schema@^2.0.1":
    version "2.0.1"
    resolved "http://172.16.0.199:8081/repository/npm-hosted/@humanwhocodes/object-schema/-/object-schema-2.0.1.tgz#e5211452df060fa8522b55c7b3c0c4d1981cb044"
    integrity sha1-5SEUUt8GD6hSK1XHs8DE0ZgcsEQ=
  
  "@hutson/parse-repository-url@^3.0.0":
    version "3.0.2"
    resolved "http://172.16.0.199:8081/repository/npm-hosted/@hutson/parse-repository-url/-/parse-repository-url-3.0.2.tgz#98c23c950a3d9b6c8f0daed06da6c3af06981340"
    integrity sha1-mMI8lQo9m2yPDa7QbabDrwaYE0A=
  
  "@istanbuljs/load-nyc-config@^1.0.0":
    version "1.1.0"
    resolved "http://172.16.0.199:8081/repository/npm-hosted/@istanbuljs/load-nyc-config/-/load-nyc-config-1.1.0.tgz#fd3db1d59ecf7cf121e80650bb86712f9b55eced"
    integrity sha1-/T2x1Z7PfPEh6AZQu4ZxL5tV7O0=
    dependencies:
      camelcase "^5.3.1"
      find-up "^4.1.0"
      get-package-type "^0.1.0"
      js-yaml "^3.13.1"
      resolve-from "^5.0.0"
  
  "@istanbuljs/schema@^0.1.2":
    version "0.1.3"
    resolved "http://172.16.0.199:8081/repository/npm-hosted/@istanbuljs/schema/-/schema-0.1.3.tgz#e45e384e4b8ec16bce2fd903af78450f6bf7ec98"
    integrity sha1-5F44TkuOwWvOL9kDr3hFD2v37Jg=
  
  "@jest/console@^27.5.1":
    version "27.5.1"
    resolved "http://172.16.0.199:8081/repository/npm-hosted/@jest/console/-/console-27.5.1.tgz#260fe7239602fe5130a94f1aa386eff54b014bba"
    integrity sha1-Jg/nI5YC/lEwqU8ao4bv9UsBS7o=
    dependencies:
      "@jest/types" "^27.5.1"
      "@types/node" "*"
      chalk "^4.0.0"
      jest-message-util "^27.5.1"
      jest-util "^27.5.1"
      slash "^3.0.0"
  
  "@jest/core@^27.5.1":
    version "27.5.1"
    resolved "http://172.16.0.199:8081/repository/npm-hosted/@jest/core/-/core-27.5.1.tgz#267ac5f704e09dc52de2922cbf3af9edcd64b626"
    integrity sha1-JnrF9wTgncUt4pIsvzr57c1ktiY=
    dependencies:
      "@jest/console" "^27.5.1"
      "@jest/reporters" "^27.5.1"
      "@jest/test-result" "^27.5.1"
      "@jest/transform" "^27.5.1"
      "@jest/types" "^27.5.1"
      "@types/node" "*"
      ansi-escapes "^4.2.1"
      chalk "^4.0.0"
      emittery "^0.8.1"
      exit "^0.1.2"
      graceful-fs "^4.2.9"
      jest-changed-files "^27.5.1"
      jest-config "^27.5.1"
      jest-haste-map "^27.5.1"
      jest-message-util "^27.5.1"
      jest-regex-util "^27.5.1"
      jest-resolve "^27.5.1"
      jest-resolve-dependencies "^27.5.1"
      jest-runner "^27.5.1"
      jest-runtime "^27.5.1"
      jest-snapshot "^27.5.1"
      jest-util "^27.5.1"
      jest-validate "^27.5.1"
      jest-watcher "^27.5.1"
      micromatch "^4.0.4"
      rimraf "^3.0.0"
      slash "^3.0.0"
      strip-ansi "^6.0.0"
  
  "@jest/environment@^27.5.1":
    version "27.5.1"
    resolved "http://172.16.0.199:8081/repository/npm-hosted/@jest/environment/-/environment-27.5.1.tgz#d7425820511fe7158abbecc010140c3fd3be9c74"
    integrity sha1-10JYIFEf5xWKu+zAEBQMP9O+nHQ=
    dependencies:
      "@jest/fake-timers" "^27.5.1"
      "@jest/types" "^27.5.1"
      "@types/node" "*"
      jest-mock "^27.5.1"
  
  "@jest/expect-utils@^29.0.1":
    version "29.0.1"
    resolved "http://172.16.0.199:8081/repository/npm-hosted/@jest/expect-utils/-/expect-utils-29.0.1.tgz#c1a84ee66caaef537f351dd82f7c63d559cf78d5"
    integrity sha1-wahO5myq71N/NR3YL3xj1VnPeNU=
    dependencies:
      jest-get-type "^29.0.0"
  
  "@jest/fake-timers@^27.5.1":
    version "27.5.1"
    resolved "http://172.16.0.199:8081/repository/npm-hosted/@jest/fake-timers/-/fake-timers-27.5.1.tgz#76979745ce0579c8a94a4678af7a748eda8ada74"
    integrity sha1-dpeXRc4FecipSkZ4r3p0jtqK2nQ=
    dependencies:
      "@jest/types" "^27.5.1"
      "@sinonjs/fake-timers" "^8.0.1"
      "@types/node" "*"
      jest-message-util "^27.5.1"
      jest-mock "^27.5.1"
      jest-util "^27.5.1"
  
  "@jest/globals@^27.5.1":
    version "27.5.1"
    resolved "http://172.16.0.199:8081/repository/npm-hosted/@jest/globals/-/globals-27.5.1.tgz#7ac06ce57ab966566c7963431cef458434601b2b"
    integrity sha1-esBs5Xq5ZlZseWNDHO9FhDRgGys=
    dependencies:
      "@jest/environment" "^27.5.1"
      "@jest/types" "^27.5.1"
      expect "^27.5.1"
  
  "@jest/reporters@^27.5.1":
    version "27.5.1"
    resolved "http://172.16.0.199:8081/repository/npm-hosted/@jest/reporters/-/reporters-27.5.1.tgz#ceda7be96170b03c923c37987b64015812ffec04"
    integrity sha1-ztp76WFwsDySPDeYe2QBWBL/7AQ=
    dependencies:
      "@bcoe/v8-coverage" "^0.2.3"
      "@jest/console" "^27.5.1"
      "@jest/test-result" "^27.5.1"
      "@jest/transform" "^27.5.1"
      "@jest/types" "^27.5.1"
      "@types/node" "*"
      chalk "^4.0.0"
      collect-v8-coverage "^1.0.0"
      exit "^0.1.2"
      glob "^7.1.2"
      graceful-fs "^4.2.9"
      istanbul-lib-coverage "^3.0.0"
      istanbul-lib-instrument "^5.1.0"
      istanbul-lib-report "^3.0.0"
      istanbul-lib-source-maps "^4.0.0"
      istanbul-reports "^3.1.3"
      jest-haste-map "^27.5.1"
      jest-resolve "^27.5.1"
      jest-util "^27.5.1"
      jest-worker "^27.5.1"
      slash "^3.0.0"
      source-map "^0.6.0"
      string-length "^4.0.1"
      terminal-link "^2.0.0"
      v8-to-istanbul "^8.1.0"
  
  "@jest/schemas@^29.0.0", "@jest/schemas@^29.6.3":
    version "29.6.3"
    resolved "http://172.16.0.199:8081/repository/npm-hosted/@jest/schemas/-/schemas-29.6.3.tgz#430b5ce8a4e0044a7e3819663305a7b3091c8e03"
    integrity sha1-Qwtc6KTgBEp+OBlmMwWnswkcjgM=
    dependencies:
      "@sinclair/typebox" "^0.27.8"
  
  "@jest/source-map@^27.5.1":
    version "27.5.1"
    resolved "http://172.16.0.199:8081/repository/npm-hosted/@jest/source-map/-/source-map-27.5.1.tgz#6608391e465add4205eae073b55e7f279e04e8cf"
    integrity sha1-Zgg5HkZa3UIF6uBztV5/J54E6M8=
    dependencies:
      callsites "^3.0.0"
      graceful-fs "^4.2.9"
      source-map "^0.6.0"
  
  "@jest/test-result@^27.5.1":
    version "27.5.1"
    resolved "http://172.16.0.199:8081/repository/npm-hosted/@jest/test-result/-/test-result-27.5.1.tgz#56a6585fa80f7cdab72b8c5fc2e871d03832f5bb"
    integrity sha1-VqZYX6gPfNq3K4xfwuhx0Dgy9bs=
    dependencies:
      "@jest/console" "^27.5.1"
      "@jest/types" "^27.5.1"
      "@types/istanbul-lib-coverage" "^2.0.0"
      collect-v8-coverage "^1.0.0"
  
  "@jest/test-sequencer@^27.5.1":
    version "27.5.1"
    resolved "http://172.16.0.199:8081/repository/npm-hosted/@jest/test-sequencer/-/test-sequencer-27.5.1.tgz#4057e0e9cea4439e544c6353c6affe58d095745b"
    integrity sha1-QFfg6c6kQ55UTGNTxq/+WNCVdFs=
    dependencies:
      "@jest/test-result" "^27.5.1"
      graceful-fs "^4.2.9"
      jest-haste-map "^27.5.1"
      jest-runtime "^27.5.1"
  
  "@jest/transform@^27.5.1":
    version "27.5.1"
    resolved "http://172.16.0.199:8081/repository/npm-hosted/@jest/transform/-/transform-27.5.1.tgz#6c3501dcc00c4c08915f292a600ece5ecfe1f409"
    integrity sha1-bDUB3MAMTAiRXykqYA7OXs/h9Ak=
    dependencies:
      "@babel/core" "^7.1.0"
      "@jest/types" "^27.5.1"
      babel-plugin-istanbul "^6.1.1"
      chalk "^4.0.0"
      convert-source-map "^1.4.0"
      fast-json-stable-stringify "^2.0.0"
      graceful-fs "^4.2.9"
      jest-haste-map "^27.5.1"
      jest-regex-util "^27.5.1"
      jest-util "^27.5.1"
      micromatch "^4.0.4"
      pirates "^4.0.4"
      slash "^3.0.0"
      source-map "^0.6.1"
      write-file-atomic "^3.0.0"
  
  "@jest/types@^27.5.1":
    version "27.5.1"
    resolved "http://172.16.0.199:8081/repository/npm-hosted/@jest/types/-/types-27.5.1.tgz#3c79ec4a8ba61c170bf937bcf9e98a9df175ec80"
    integrity sha1-PHnsSoumHBcL+Te8+emKnfF17IA=
    dependencies:
      "@types/istanbul-lib-coverage" "^2.0.0"
      "@types/istanbul-reports" "^3.0.0"
      "@types/node" "*"
      "@types/yargs" "^16.0.0"
      chalk "^4.0.0"
  
  "@jest/types@^29.0.1", "@jest/types@^29.6.3":
    version "29.6.3"
    resolved "http://172.16.0.199:8081/repository/npm-hosted/@jest/types/-/types-29.6.3.tgz#1131f8cf634e7e84c5e77bab12f052af585fba59"
    integrity sha1-ETH4z2NOfoTF53urEvBSr1hfulk=
    dependencies:
      "@jest/schemas" "^29.6.3"
      "@types/istanbul-lib-coverage" "^2.0.0"
      "@types/istanbul-reports" "^3.0.0"
      "@types/node" "*"
      "@types/yargs" "^17.0.8"
      chalk "^4.0.0"
  
  "@jridgewell/gen-mapping@^0.1.0":
    version "0.1.1"
    resolved "http://172.16.0.199:8081/repository/npm-hosted/@jridgewell/gen-mapping/-/gen-mapping-0.1.1.tgz#e5d2e450306a9491e3bd77e323e38d7aff315996"
    integrity sha1-5dLkUDBqlJHjvXfjI+ONev8xWZY=
    dependencies:
      "@jridgewell/set-array" "^1.0.0"
      "@jridgewell/sourcemap-codec" "^1.4.10"
  
  "@jridgewell/gen-mapping@^0.3.0", "@jridgewell/gen-mapping@^0.3.2":
    version "0.3.3"
    resolved "http://172.16.0.199:8081/repository/npm-hosted/@jridgewell/gen-mapping/-/gen-mapping-0.3.3.tgz#7e02e6eb5df901aaedb08514203b096614024098"
    integrity sha1-fgLm6135AartsIUUIDsJZhQCQJg=
    dependencies:
      "@jridgewell/set-array" "^1.0.1"
      "@jridgewell/sourcemap-codec" "^1.4.10"
      "@jridgewell/trace-mapping" "^0.3.9"
  
  "@jridgewell/resolve-uri@3.1.0":
    version "3.1.0"
    resolved "http://172.16.0.199:8081/repository/npm-hosted/@jridgewell/resolve-uri/-/resolve-uri-3.1.0.tgz#2203b118c157721addfe69d47b70465463066d78"
    integrity sha1-IgOxGMFXchrd/mnUe3BGVGMGbXg=
  
  "@jridgewell/resolve-uri@^3.0.3":
    version "3.1.1"
    resolved "http://172.16.0.199:8081/repository/npm-hosted/@jridgewell/resolve-uri/-/resolve-uri-3.1.1.tgz#c08679063f279615a3326583ba3a90d1d82cc721"
    integrity sha1-wIZ5Bj8nlhWjMmWDujqQ0dgsxyE=
  
  "@jridgewell/set-array@^1.0.0", "@jridgewell/set-array@^1.0.1":
    version "1.1.2"
    resolved "http://172.16.0.199:8081/repository/npm-hosted/@jridgewell/set-array/-/set-array-1.1.2.tgz#7c6cf998d6d20b914c0a55a91ae928ff25965e72"
    integrity sha1-fGz5mNbSC5FMClWpGuko/yWWXnI=
  
  "@jridgewell/source-map@^0.3.3":
    version "0.3.5"
    resolved "http://172.16.0.199:8081/repository/npm-hosted/@jridgewell/source-map/-/source-map-0.3.5.tgz#a3bb4d5c6825aab0d281268f47f6ad5853431e91"
    integrity sha1-o7tNXGglqrDSgSaPR/atWFNDHpE=
    dependencies:
      "@jridgewell/gen-mapping" "^0.3.0"
      "@jridgewell/trace-mapping" "^0.3.9"
  
  "@jridgewell/sourcemap-codec@1.4.14":
    version "1.4.14"
    resolved "http://172.16.0.199:8081/repository/npm-hosted/@jridgewell/sourcemap-codec/-/sourcemap-codec-1.4.14.tgz#add4c98d341472a289190b424efbdb096991bb24"
    integrity sha1-rdTJjTQUcqKJGQtCTvvbCWmRuyQ=
  
  "@jridgewell/sourcemap-codec@^1.4.10":
    version "1.4.15"
    resolved "http://172.16.0.199:8081/repository/npm-hosted/@jridgewell/sourcemap-codec/-/sourcemap-codec-1.4.15.tgz#d7c6e6755c78567a951e04ab52ef0fd26de59f32"
    integrity sha1-18bmdVx4VnqVHgSrUu8P0m3lnzI=
  
  "@jridgewell/trace-mapping@0.3.9":
    version "0.3.9"
    resolved "http://172.16.0.199:8081/repository/npm-hosted/@jridgewell/trace-mapping/-/trace-mapping-0.3.9.tgz#6534fd5933a53ba7cbf3a17615e273a0d1273ff9"
    integrity sha1-ZTT9WTOlO6fL86F2FeJzoNEnP/k=
    dependencies:
      "@jridgewell/resolve-uri" "^3.0.3"
      "@jridgewell/sourcemap-codec" "^1.4.10"
  
  "@jridgewell/trace-mapping@^0.3.14", "@jridgewell/trace-mapping@^0.3.17", "@jridgewell/trace-mapping@^0.3.9":
    version "0.3.17"
    resolved "http://172.16.0.199:8081/repository/npm-hosted/@jridgewell/trace-mapping/-/trace-mapping-0.3.17.tgz#793041277af9073b0951a7fe0f0d8c4c98c36985"
    integrity sha1-eTBBJ3r5BzsJUaf+Dw2MTJjDaYU=
    dependencies:
      "@jridgewell/resolve-uri" "3.1.0"
      "@jridgewell/sourcemap-codec" "1.4.14"
  
  "@leichtgewicht/ip-codec@^2.0.1":
    version "2.0.4"
    resolved "http://172.16.0.199:8081/repository/npm-hosted/@leichtgewicht/ip-codec/-/ip-codec-2.0.4.tgz#b2ac626d6cb9c8718ab459166d4bb405b8ffa78b"
    integrity sha1-sqxibWy5yHGKtFkWbUu0Bbj/p4s=
  
  "@lerna/add@4.0.0":
    version "4.0.0"
    resolved "http://172.16.0.199:8081/repository/npm-hosted/@lerna/add/-/add-4.0.0.tgz#c36f57d132502a57b9e7058d1548b7a565ef183f"
    integrity sha1-w29X0TJQKle55wWNFUi3pWXvGD8=
    dependencies:
      "@lerna/bootstrap" "4.0.0"
      "@lerna/command" "4.0.0"
      "@lerna/filter-options" "4.0.0"
      "@lerna/npm-conf" "4.0.0"
      "@lerna/validation-error" "4.0.0"
      dedent "^0.7.0"
      npm-package-arg "^8.1.0"
      p-map "^4.0.0"
      pacote "^11.2.6"
      semver "^7.3.4"
  
  "@lerna/bootstrap@4.0.0":
    version "4.0.0"
    resolved "http://172.16.0.199:8081/repository/npm-hosted/@lerna/bootstrap/-/bootstrap-4.0.0.tgz#5f5c5e2c6cfc8fcec50cb2fbe569a8c607101891"
    integrity sha1-X1xeLGz8j87FDLL75WmoxgcQGJE=
    dependencies:
      "@lerna/command" "4.0.0"
      "@lerna/filter-options" "4.0.0"
      "@lerna/has-npm-version" "4.0.0"
      "@lerna/npm-install" "4.0.0"
      "@lerna/package-graph" "4.0.0"
      "@lerna/pulse-till-done" "4.0.0"
      "@lerna/rimraf-dir" "4.0.0"
      "@lerna/run-lifecycle" "4.0.0"
      "@lerna/run-topologically" "4.0.0"
      "@lerna/symlink-binary" "4.0.0"
      "@lerna/symlink-dependencies" "4.0.0"
      "@lerna/validation-error" "4.0.0"
      dedent "^0.7.0"
      get-port "^5.1.1"
      multimatch "^5.0.0"
      npm-package-arg "^8.1.0"
      npmlog "^4.1.2"
      p-map "^4.0.0"
      p-map-series "^2.1.0"
      p-waterfall "^2.1.1"
      read-package-tree "^5.3.1"
      semver "^7.3.4"
  
  "@lerna/changed@4.0.0":
    version "4.0.0"
    resolved "http://172.16.0.199:8081/repository/npm-hosted/@lerna/changed/-/changed-4.0.0.tgz#b9fc76cea39b9292a6cd263f03eb57af85c9270b"
    integrity sha1-ufx2zqObkpKmzSY/A+tXr4XJJws=
    dependencies:
      "@lerna/collect-updates" "4.0.0"
      "@lerna/command" "4.0.0"
      "@lerna/listable" "4.0.0"
      "@lerna/output" "4.0.0"
  
  "@lerna/check-working-tree@4.0.0":
    version "4.0.0"
    resolved "http://172.16.0.199:8081/repository/npm-hosted/@lerna/check-working-tree/-/check-working-tree-4.0.0.tgz#257e36a602c00142e76082a19358e3e1ae8dbd58"
    integrity sha1-JX42pgLAAULnYIKhk1jj4a6NvVg=
    dependencies:
      "@lerna/collect-uncommitted" "4.0.0"
      "@lerna/describe-ref" "4.0.0"
      "@lerna/validation-error" "4.0.0"
  
  "@lerna/child-process@4.0.0":
    version "4.0.0"
    resolved "http://172.16.0.199:8081/repository/npm-hosted/@lerna/child-process/-/child-process-4.0.0.tgz#341b96a57dffbd9705646d316e231df6fa4df6e1"
    integrity sha1-NBuWpX3/vZcFZG0xbiMd9vpN9uE=
    dependencies:
      chalk "^4.1.0"
      execa "^5.0.0"
      strong-log-transformer "^2.1.0"
  
  "@lerna/clean@4.0.0":
    version "4.0.0"
    resolved "http://172.16.0.199:8081/repository/npm-hosted/@lerna/clean/-/clean-4.0.0.tgz#8f778b6f2617aa2a936a6b5e085ae62498e57dc5"
    integrity sha1-j3eLbyYXqiqTamteCFrmJJjlfcU=
    dependencies:
      "@lerna/command" "4.0.0"
      "@lerna/filter-options" "4.0.0"
      "@lerna/prompt" "4.0.0"
      "@lerna/pulse-till-done" "4.0.0"
      "@lerna/rimraf-dir" "4.0.0"
      p-map "^4.0.0"
      p-map-series "^2.1.0"
      p-waterfall "^2.1.1"
  
  "@lerna/cli@4.0.0":
    version "4.0.0"
    resolved "http://172.16.0.199:8081/repository/npm-hosted/@lerna/cli/-/cli-4.0.0.tgz#8eabd334558836c1664df23f19acb95e98b5bbf3"
    integrity sha1-jqvTNFWINsFmTfI/Gay5Xpi1u/M=
    dependencies:
      "@lerna/global-options" "4.0.0"
      dedent "^0.7.0"
      npmlog "^4.1.2"
      yargs "^16.2.0"
  
  "@lerna/collect-uncommitted@4.0.0":
    version "4.0.0"
    resolved "http://172.16.0.199:8081/repository/npm-hosted/@lerna/collect-uncommitted/-/collect-uncommitted-4.0.0.tgz#855cd64612969371cfc2453b90593053ff1ba779"
    integrity sha1-hVzWRhKWk3HPwkU7kFkwU/8bp3k=
    dependencies:
      "@lerna/child-process" "4.0.0"
      chalk "^4.1.0"
      npmlog "^4.1.2"
  
  "@lerna/collect-updates@4.0.0":
    version "4.0.0"
    resolved "http://172.16.0.199:8081/repository/npm-hosted/@lerna/collect-updates/-/collect-updates-4.0.0.tgz#8e208b1bafd98a372ff1177f7a5e288f6bea8041"
    integrity sha1-jiCLG6/Zijcv8Rd/el4oj2vqgEE=
    dependencies:
      "@lerna/child-process" "4.0.0"
      "@lerna/describe-ref" "4.0.0"
      minimatch "^3.0.4"
      npmlog "^4.1.2"
      slash "^3.0.0"
  
  "@lerna/command@4.0.0":
    version "4.0.0"
    resolved "http://172.16.0.199:8081/repository/npm-hosted/@lerna/command/-/command-4.0.0.tgz#991c7971df8f5bf6ae6e42c808869a55361c1b98"
    integrity sha1-mRx5cd+PW/aubkLICIaaVTYcG5g=
    dependencies:
      "@lerna/child-process" "4.0.0"
      "@lerna/package-graph" "4.0.0"
      "@lerna/project" "4.0.0"
      "@lerna/validation-error" "4.0.0"
      "@lerna/write-log-file" "4.0.0"
      clone-deep "^4.0.1"
      dedent "^0.7.0"
      execa "^5.0.0"
      is-ci "^2.0.0"
      npmlog "^4.1.2"
  
  "@lerna/conventional-commits@4.0.0":
    version "4.0.0"
    resolved "http://172.16.0.199:8081/repository/npm-hosted/@lerna/conventional-commits/-/conventional-commits-4.0.0.tgz#660fb2c7b718cb942ead70110df61f18c6f99750"
    integrity sha1-Zg+yx7cYy5QurXARDfYfGMb5l1A=
    dependencies:
      "@lerna/validation-error" "4.0.0"
      conventional-changelog-angular "^5.0.12"
      conventional-changelog-core "^4.2.2"
      conventional-recommended-bump "^6.1.0"
      fs-extra "^9.1.0"
      get-stream "^6.0.0"
      lodash.template "^4.5.0"
      npm-package-arg "^8.1.0"
      npmlog "^4.1.2"
      pify "^5.0.0"
      semver "^7.3.4"
  
  "@lerna/create-symlink@4.0.0":
    version "4.0.0"
    resolved "http://172.16.0.199:8081/repository/npm-hosted/@lerna/create-symlink/-/create-symlink-4.0.0.tgz#8c5317ce5ae89f67825443bd7651bf4121786228"
    integrity sha1-jFMXzlron2eCVEO9dlG/QSF4Yig=
    dependencies:
      cmd-shim "^4.1.0"
      fs-extra "^9.1.0"
      npmlog "^4.1.2"
  
  "@lerna/create@4.0.0":
    version "4.0.0"
    resolved "http://172.16.0.199:8081/repository/npm-hosted/@lerna/create/-/create-4.0.0.tgz#b6947e9b5dfb6530321952998948c3e63d64d730"
    integrity sha1-tpR+m137ZTAyGVKZiUjD5j1k1zA=
    dependencies:
      "@lerna/child-process" "4.0.0"
      "@lerna/command" "4.0.0"
      "@lerna/npm-conf" "4.0.0"
      "@lerna/validation-error" "4.0.0"
      dedent "^0.7.0"
      fs-extra "^9.1.0"
      globby "^11.0.2"
      init-package-json "^2.0.2"
      npm-package-arg "^8.1.0"
      p-reduce "^2.1.0"
      pacote "^11.2.6"
      pify "^5.0.0"
      semver "^7.3.4"
      slash "^3.0.0"
      validate-npm-package-license "^3.0.4"
      validate-npm-package-name "^3.0.0"
      whatwg-url "^8.4.0"
      yargs-parser "20.2.4"
  
  "@lerna/describe-ref@4.0.0":
    version "4.0.0"
    resolved "http://172.16.0.199:8081/repository/npm-hosted/@lerna/describe-ref/-/describe-ref-4.0.0.tgz#53c53b4ea65fdceffa072a62bfebe6772c45d9ec"
    integrity sha1-U8U7TqZf3O/6Bypiv+vmdyxF2ew=
    dependencies:
      "@lerna/child-process" "4.0.0"
      npmlog "^4.1.2"
  
  "@lerna/diff@4.0.0":
    version "4.0.0"
    resolved "http://172.16.0.199:8081/repository/npm-hosted/@lerna/diff/-/diff-4.0.0.tgz#6d3071817aaa4205a07bf77cfc6e932796d48b92"
    integrity sha1-bTBxgXqqQgWge/d8/G6TJ5bUi5I=
    dependencies:
      "@lerna/child-process" "4.0.0"
      "@lerna/command" "4.0.0"
      "@lerna/validation-error" "4.0.0"
      npmlog "^4.1.2"
  
  "@lerna/exec@4.0.0":
    version "4.0.0"
    resolved "http://172.16.0.199:8081/repository/npm-hosted/@lerna/exec/-/exec-4.0.0.tgz#eb6cb95cb92d42590e9e2d628fcaf4719d4a8be6"
    integrity sha1-62y5XLktQlkOni1ij8r0cZ1Ki+Y=
    dependencies:
      "@lerna/child-process" "4.0.0"
      "@lerna/command" "4.0.0"
      "@lerna/filter-options" "4.0.0"
      "@lerna/profiler" "4.0.0"
      "@lerna/run-topologically" "4.0.0"
      "@lerna/validation-error" "4.0.0"
      p-map "^4.0.0"
  
  "@lerna/filter-options@4.0.0":
    version "4.0.0"
    resolved "http://172.16.0.199:8081/repository/npm-hosted/@lerna/filter-options/-/filter-options-4.0.0.tgz#ac94cc515d7fa3b47e2f7d74deddeabb1de5e9e6"
    integrity sha1-rJTMUV1/o7R+L3103t3qux3l6eY=
    dependencies:
      "@lerna/collect-updates" "4.0.0"
      "@lerna/filter-packages" "4.0.0"
      dedent "^0.7.0"
      npmlog "^4.1.2"
  
  "@lerna/filter-packages@4.0.0":
    version "4.0.0"
    resolved "http://172.16.0.199:8081/repository/npm-hosted/@lerna/filter-packages/-/filter-packages-4.0.0.tgz#b1f70d70e1de9cdd36a4e50caa0ac501f8d012f2"
    integrity sha1-sfcNcOHenN02pOUMqgrFAfjQEvI=
    dependencies:
      "@lerna/validation-error" "4.0.0"
      multimatch "^5.0.0"
      npmlog "^4.1.2"
  
  "@lerna/get-npm-exec-opts@4.0.0":
    version "4.0.0"
    resolved "http://172.16.0.199:8081/repository/npm-hosted/@lerna/get-npm-exec-opts/-/get-npm-exec-opts-4.0.0.tgz#dc955be94a4ae75c374ef9bce91320887d34608f"
    integrity sha1-3JVb6UpK51w3Tvm86RMgiH00YI8=
    dependencies:
      npmlog "^4.1.2"
  
  "@lerna/get-packed@4.0.0":
    version "4.0.0"
    resolved "http://172.16.0.199:8081/repository/npm-hosted/@lerna/get-packed/-/get-packed-4.0.0.tgz#0989d61624ac1f97e393bdad2137c49cd7a37823"
    integrity sha1-CYnWFiSsH5fjk72tITfEnNejeCM=
    dependencies:
      fs-extra "^9.1.0"
      ssri "^8.0.1"
      tar "^6.1.0"
  
  "@lerna/github-client@4.0.0":
    version "4.0.0"
    resolved "http://172.16.0.199:8081/repository/npm-hosted/@lerna/github-client/-/github-client-4.0.0.tgz#2ced67721363ef70f8e12ffafce4410918f4a8a4"
    integrity sha1-LO1nchNj73D44S/6/ORBCRj0qKQ=
    dependencies:
      "@lerna/child-process" "4.0.0"
      "@octokit/plugin-enterprise-rest" "^6.0.1"
      "@octokit/rest" "^18.1.0"
      git-url-parse "^11.4.4"
      npmlog "^4.1.2"
  
  "@lerna/gitlab-client@4.0.0":
    version "4.0.0"
    resolved "http://172.16.0.199:8081/repository/npm-hosted/@lerna/gitlab-client/-/gitlab-client-4.0.0.tgz#00dad73379c7b38951d4b4ded043504c14e2b67d"
    integrity sha1-ANrXM3nHs4lR1LTe0ENQTBTitn0=
    dependencies:
      node-fetch "^2.6.1"
      npmlog "^4.1.2"
      whatwg-url "^8.4.0"
  
  "@lerna/global-options@4.0.0":
    version "4.0.0"
    resolved "http://172.16.0.199:8081/repository/npm-hosted/@lerna/global-options/-/global-options-4.0.0.tgz#c7d8b0de6a01d8a845e2621ea89e7f60f18c6a5f"
    integrity sha1-x9iw3moB2KhF4mIeqJ5/YPGMal8=
  
  "@lerna/has-npm-version@4.0.0":
    version "4.0.0"
    resolved "http://172.16.0.199:8081/repository/npm-hosted/@lerna/has-npm-version/-/has-npm-version-4.0.0.tgz#d3fc3292c545eb28bd493b36e6237cf0279f631c"
    integrity sha1-0/wyksVF6yi9STs25iN88CefYxw=
    dependencies:
      "@lerna/child-process" "4.0.0"
      semver "^7.3.4"
  
  "@lerna/import@4.0.0":
    version "4.0.0"
    resolved "http://172.16.0.199:8081/repository/npm-hosted/@lerna/import/-/import-4.0.0.tgz#bde656c4a451fa87ae41733ff8a8da60547c5465"
    integrity sha1-veZWxKRR+oeuQXM/+KjaYFR8VGU=
    dependencies:
      "@lerna/child-process" "4.0.0"
      "@lerna/command" "4.0.0"
      "@lerna/prompt" "4.0.0"
      "@lerna/pulse-till-done" "4.0.0"
      "@lerna/validation-error" "4.0.0"
      dedent "^0.7.0"
      fs-extra "^9.1.0"
      p-map-series "^2.1.0"
  
  "@lerna/info@4.0.0":
    version "4.0.0"
    resolved "http://172.16.0.199:8081/repository/npm-hosted/@lerna/info/-/info-4.0.0.tgz#b9fb0e479d60efe1623603958a831a88b1d7f1fc"
    integrity sha1-ufsOR51g7+FiNgOVioMaiLHX8fw=
    dependencies:
      "@lerna/command" "4.0.0"
      "@lerna/output" "4.0.0"
      envinfo "^7.7.4"
  
  "@lerna/init@4.0.0":
    version "4.0.0"
    resolved "http://172.16.0.199:8081/repository/npm-hosted/@lerna/init/-/init-4.0.0.tgz#dadff67e6dfb981e8ccbe0e6a310e837962f6c7a"
    integrity sha1-2t/2fm37mB6My+DmoxDoN5YvbHo=
    dependencies:
      "@lerna/child-process" "4.0.0"
      "@lerna/command" "4.0.0"
      fs-extra "^9.1.0"
      p-map "^4.0.0"
      write-json-file "^4.3.0"
  
  "@lerna/link@4.0.0":
    version "4.0.0"
    resolved "http://172.16.0.199:8081/repository/npm-hosted/@lerna/link/-/link-4.0.0.tgz#c3a38aabd44279d714e90f2451e31b63f0fb65ba"
    integrity sha1-w6OKq9RCedcU6Q8kUeMbY/D7Zbo=
    dependencies:
      "@lerna/command" "4.0.0"
      "@lerna/package-graph" "4.0.0"
      "@lerna/symlink-dependencies" "4.0.0"
      p-map "^4.0.0"
      slash "^3.0.0"
  
  "@lerna/list@4.0.0":
    version "4.0.0"
    resolved "http://172.16.0.199:8081/repository/npm-hosted/@lerna/list/-/list-4.0.0.tgz#24b4e6995bd73f81c556793fe502b847efd9d1d7"
    integrity sha1-JLTmmVvXP4HFVnk/5QK4R+/Z0dc=
    dependencies:
      "@lerna/command" "4.0.0"
      "@lerna/filter-options" "4.0.0"
      "@lerna/listable" "4.0.0"
      "@lerna/output" "4.0.0"
  
  "@lerna/listable@4.0.0":
    version "4.0.0"
    resolved "http://172.16.0.199:8081/repository/npm-hosted/@lerna/listable/-/listable-4.0.0.tgz#d00d6cb4809b403f2b0374fc521a78e318b01214"
    integrity sha1-0A1stICbQD8rA3T8Uhp44xiwEhQ=
    dependencies:
      "@lerna/query-graph" "4.0.0"
      chalk "^4.1.0"
      columnify "^1.5.4"
  
  "@lerna/log-packed@4.0.0":
    version "4.0.0"
    resolved "http://172.16.0.199:8081/repository/npm-hosted/@lerna/log-packed/-/log-packed-4.0.0.tgz#95168fe2e26ac6a71e42f4be857519b77e57a09f"
    integrity sha1-lRaP4uJqxqceQvS+hXUZt35XoJ8=
    dependencies:
      byte-size "^7.0.0"
      columnify "^1.5.4"
      has-unicode "^2.0.1"
      npmlog "^4.1.2"
  
  "@lerna/npm-conf@4.0.0":
    version "4.0.0"
    resolved "http://172.16.0.199:8081/repository/npm-hosted/@lerna/npm-conf/-/npm-conf-4.0.0.tgz#b259fd1e1cee2bf5402b236e770140ff9ade7fd2"
    integrity sha1-sln9HhzuK/VAKyNudwFA/5ref9I=
    dependencies:
      config-chain "^1.1.12"
      pify "^5.0.0"
  
  "@lerna/npm-dist-tag@4.0.0":
    version "4.0.0"
    resolved "http://172.16.0.199:8081/repository/npm-hosted/@lerna/npm-dist-tag/-/npm-dist-tag-4.0.0.tgz#d1e99b4eccd3414142f0548ad331bf2d53f3257a"
    integrity sha1-0embTszTQUFC8FSK0zG/LVPzJXo=
    dependencies:
      "@lerna/otplease" "4.0.0"
      npm-package-arg "^8.1.0"
      npm-registry-fetch "^9.0.0"
      npmlog "^4.1.2"
  
  "@lerna/npm-install@4.0.0":
    version "4.0.0"
    resolved "http://172.16.0.199:8081/repository/npm-hosted/@lerna/npm-install/-/npm-install-4.0.0.tgz#31180be3ab3b7d1818a1a0c206aec156b7094c78"
    integrity sha1-MRgL46s7fRgYoaDCBq7BVrcJTHg=
    dependencies:
      "@lerna/child-process" "4.0.0"
      "@lerna/get-npm-exec-opts" "4.0.0"
      fs-extra "^9.1.0"
      npm-package-arg "^8.1.0"
      npmlog "^4.1.2"
      signal-exit "^3.0.3"
      write-pkg "^4.0.0"
  
  "@lerna/npm-publish@4.0.0":
    version "4.0.0"
    resolved "http://172.16.0.199:8081/repository/npm-hosted/@lerna/npm-publish/-/npm-publish-4.0.0.tgz#84eb62e876fe949ae1fd62c60804423dbc2c4472"
    integrity sha1-hOti6Hb+lJrh/WLGCARCPbwsRHI=
    dependencies:
      "@lerna/otplease" "4.0.0"
      "@lerna/run-lifecycle" "4.0.0"
      fs-extra "^9.1.0"
      libnpmpublish "^4.0.0"
      npm-package-arg "^8.1.0"
      npmlog "^4.1.2"
      pify "^5.0.0"
      read-package-json "^3.0.0"
  
  "@lerna/npm-run-script@4.0.0":
    version "4.0.0"
    resolved "http://172.16.0.199:8081/repository/npm-hosted/@lerna/npm-run-script/-/npm-run-script-4.0.0.tgz#dfebf4f4601442e7c0b5214f9fb0d96c9350743b"
    integrity sha1-3+v09GAUQufAtSFPn7DZbJNQdDs=
    dependencies:
      "@lerna/child-process" "4.0.0"
      "@lerna/get-npm-exec-opts" "4.0.0"
      npmlog "^4.1.2"
  
  "@lerna/otplease@4.0.0":
    version "4.0.0"
    resolved "http://172.16.0.199:8081/repository/npm-hosted/@lerna/otplease/-/otplease-4.0.0.tgz#84972eb43448f8a1077435ba1c5e59233b725850"
    integrity sha1-hJcutDRI+KEHdDW6HF5ZIztyWFA=
    dependencies:
      "@lerna/prompt" "4.0.0"
  
  "@lerna/output@4.0.0":
    version "4.0.0"
    resolved "http://172.16.0.199:8081/repository/npm-hosted/@lerna/output/-/output-4.0.0.tgz#b1d72215c0e35483e4f3e9994debc82c621851f2"
    integrity sha1-sdciFcDjVIPk8+mZTevILGIYUfI=
    dependencies:
      npmlog "^4.1.2"
  
  "@lerna/pack-directory@4.0.0":
    version "4.0.0"
    resolved "http://172.16.0.199:8081/repository/npm-hosted/@lerna/pack-directory/-/pack-directory-4.0.0.tgz#8b617db95d20792f043aaaa13a9ccc0e04cb4c74"
    integrity sha1-i2F9uV0geS8EOqqhOpzMDgTLTHQ=
    dependencies:
      "@lerna/get-packed" "4.0.0"
      "@lerna/package" "4.0.0"
      "@lerna/run-lifecycle" "4.0.0"
      npm-packlist "^2.1.4"
      npmlog "^4.1.2"
      tar "^6.1.0"
      temp-write "^4.0.0"
  
  "@lerna/package-graph@4.0.0":
    version "4.0.0"
    resolved "http://172.16.0.199:8081/repository/npm-hosted/@lerna/package-graph/-/package-graph-4.0.0.tgz#16a00253a8ac810f72041481cb46bcee8d8123dd"
    integrity sha1-FqACU6isgQ9yBBSBy0a87o2BI90=
    dependencies:
      "@lerna/prerelease-id-from-version" "4.0.0"
      "@lerna/validation-error" "4.0.0"
      npm-package-arg "^8.1.0"
      npmlog "^4.1.2"
      semver "^7.3.4"
  
  "@lerna/package@4.0.0":
    version "4.0.0"
    resolved "http://172.16.0.199:8081/repository/npm-hosted/@lerna/package/-/package-4.0.0.tgz#1b4c259c4bcff45c876ee1d591a043aacbc0d6b7"
    integrity sha1-G0wlnEvP9FyHbuHVkaBDqsvA1rc=
    dependencies:
      load-json-file "^6.2.0"
      npm-package-arg "^8.1.0"
      write-pkg "^4.0.0"
  
  "@lerna/prerelease-id-from-version@4.0.0":
    version "4.0.0"
    resolved "http://172.16.0.199:8081/repository/npm-hosted/@lerna/prerelease-id-from-version/-/prerelease-id-from-version-4.0.0.tgz#c7e0676fcee1950d85630e108eddecdd5b48c916"
    integrity sha1-x+Bnb87hlQ2FYw4Qjt3s3VtIyRY=
    dependencies:
      semver "^7.3.4"
  
  "@lerna/profiler@4.0.0":
    version "4.0.0"
    resolved "http://172.16.0.199:8081/repository/npm-hosted/@lerna/profiler/-/profiler-4.0.0.tgz#8a53ab874522eae15d178402bff90a14071908e9"
    integrity sha1-ilOrh0Ui6uFdF4QCv/kKFAcZCOk=
    dependencies:
      fs-extra "^9.1.0"
      npmlog "^4.1.2"
      upath "^2.0.1"
  
  "@lerna/project@4.0.0":
    version "4.0.0"
    resolved "http://172.16.0.199:8081/repository/npm-hosted/@lerna/project/-/project-4.0.0.tgz#ff84893935833533a74deff30c0e64ddb7f0ba6b"
    integrity sha1-/4SJOTWDNTOnTe/zDA5k3bfwums=
    dependencies:
      "@lerna/package" "4.0.0"
      "@lerna/validation-error" "4.0.0"
      cosmiconfig "^7.0.0"
      dedent "^0.7.0"
      dot-prop "^6.0.1"
      glob-parent "^5.1.1"
      globby "^11.0.2"
      load-json-file "^6.2.0"
      npmlog "^4.1.2"
      p-map "^4.0.0"
      resolve-from "^5.0.0"
      write-json-file "^4.3.0"
  
  "@lerna/prompt@4.0.0":
    version "4.0.0"
    resolved "http://172.16.0.199:8081/repository/npm-hosted/@lerna/prompt/-/prompt-4.0.0.tgz#5ec69a803f3f0db0ad9f221dad64664d3daca41b"
    integrity sha1-XsaagD8/DbCtnyIdrWRmTT2spBs=
    dependencies:
      inquirer "^7.3.3"
      npmlog "^4.1.2"
  
  "@lerna/publish@4.0.0":
    version "4.0.0"
    resolved "http://172.16.0.199:8081/repository/npm-hosted/@lerna/publish/-/publish-4.0.0.tgz#f67011305adeba120066a3b6d984a5bb5fceef65"
    integrity sha1-9nARMFreuhIAZqO22YSlu1/O72U=
    dependencies:
      "@lerna/check-working-tree" "4.0.0"
      "@lerna/child-process" "4.0.0"
      "@lerna/collect-updates" "4.0.0"
      "@lerna/command" "4.0.0"
      "@lerna/describe-ref" "4.0.0"
      "@lerna/log-packed" "4.0.0"
      "@lerna/npm-conf" "4.0.0"
      "@lerna/npm-dist-tag" "4.0.0"
      "@lerna/npm-publish" "4.0.0"
      "@lerna/otplease" "4.0.0"
      "@lerna/output" "4.0.0"
      "@lerna/pack-directory" "4.0.0"
      "@lerna/prerelease-id-from-version" "4.0.0"
      "@lerna/prompt" "4.0.0"
      "@lerna/pulse-till-done" "4.0.0"
      "@lerna/run-lifecycle" "4.0.0"
      "@lerna/run-topologically" "4.0.0"
      "@lerna/validation-error" "4.0.0"
      "@lerna/version" "4.0.0"
      fs-extra "^9.1.0"
      libnpmaccess "^4.0.1"
      npm-package-arg "^8.1.0"
      npm-registry-fetch "^9.0.0"
      npmlog "^4.1.2"
      p-map "^4.0.0"
      p-pipe "^3.1.0"
      pacote "^11.2.6"
      semver "^7.3.4"
  
  "@lerna/pulse-till-done@4.0.0":
    version "4.0.0"
    resolved "http://172.16.0.199:8081/repository/npm-hosted/@lerna/pulse-till-done/-/pulse-till-done-4.0.0.tgz#04bace7d483a8205c187b806bcd8be23d7bb80a3"
    integrity sha1-BLrOfUg6ggXBh7gGvNi+I9e7gKM=
    dependencies:
      npmlog "^4.1.2"
  
  "@lerna/query-graph@4.0.0":
    version "4.0.0"
    resolved "http://172.16.0.199:8081/repository/npm-hosted/@lerna/query-graph/-/query-graph-4.0.0.tgz#09dd1c819ac5ee3f38db23931143701f8a6eef63"
    integrity sha1-Cd0cgZrF7j842yOTEUNwH4pu72M=
    dependencies:
      "@lerna/package-graph" "4.0.0"
  
  "@lerna/resolve-symlink@4.0.0":
    version "4.0.0"
    resolved "http://172.16.0.199:8081/repository/npm-hosted/@lerna/resolve-symlink/-/resolve-symlink-4.0.0.tgz#6d006628a210c9b821964657a9e20a8c9a115e14"
    integrity sha1-bQBmKKIQybghlkZXqeIKjJoRXhQ=
    dependencies:
      fs-extra "^9.1.0"
      npmlog "^4.1.2"
      read-cmd-shim "^2.0.0"
  
  "@lerna/rimraf-dir@4.0.0":
    version "4.0.0"
    resolved "http://172.16.0.199:8081/repository/npm-hosted/@lerna/rimraf-dir/-/rimraf-dir-4.0.0.tgz#2edf3b62d4eb0ef4e44e430f5844667d551ec25a"
    integrity sha1-Lt87YtTrDvTkTkMPWERmfVUewlo=
    dependencies:
      "@lerna/child-process" "4.0.0"
      npmlog "^4.1.2"
      path-exists "^4.0.0"
      rimraf "^3.0.2"
  
  "@lerna/run-lifecycle@4.0.0":
    version "4.0.0"
    resolved "http://172.16.0.199:8081/repository/npm-hosted/@lerna/run-lifecycle/-/run-lifecycle-4.0.0.tgz#e648a46f9210a9bcd7c391df6844498cb5079334"
    integrity sha1-5kikb5IQqbzXw5HfaERJjLUHkzQ=
    dependencies:
      "@lerna/npm-conf" "4.0.0"
      npm-lifecycle "^3.1.5"
      npmlog "^4.1.2"
  
  "@lerna/run-topologically@4.0.0":
    version "4.0.0"
    resolved "http://172.16.0.199:8081/repository/npm-hosted/@lerna/run-topologically/-/run-topologically-4.0.0.tgz#af846eeee1a09b0c2be0d1bfb5ef0f7b04bb1827"
    integrity sha1-r4Ru7uGgmwwr4NG/te8PewS7GCc=
    dependencies:
      "@lerna/query-graph" "4.0.0"
      p-queue "^6.6.2"
  
  "@lerna/run@4.0.0":
    version "4.0.0"
    resolved "http://172.16.0.199:8081/repository/npm-hosted/@lerna/run/-/run-4.0.0.tgz#4bc7fda055a729487897c23579694f6183c91262"
    integrity sha1-S8f9oFWnKUh4l8I1eWlPYYPJEmI=
    dependencies:
      "@lerna/command" "4.0.0"
      "@lerna/filter-options" "4.0.0"
      "@lerna/npm-run-script" "4.0.0"
      "@lerna/output" "4.0.0"
      "@lerna/profiler" "4.0.0"
      "@lerna/run-topologically" "4.0.0"
      "@lerna/timer" "4.0.0"
      "@lerna/validation-error" "4.0.0"
      p-map "^4.0.0"
  
  "@lerna/symlink-binary@4.0.0":
    version "4.0.0"
    resolved "http://172.16.0.199:8081/repository/npm-hosted/@lerna/symlink-binary/-/symlink-binary-4.0.0.tgz#21009f62d53a425f136cb4c1a32c6b2a0cc02d47"
    integrity sha1-IQCfYtU6Ql8TbLTBoyxrKgzALUc=
    dependencies:
      "@lerna/create-symlink" "4.0.0"
      "@lerna/package" "4.0.0"
      fs-extra "^9.1.0"
      p-map "^4.0.0"
  
  "@lerna/symlink-dependencies@4.0.0":
    version "4.0.0"
    resolved "http://172.16.0.199:8081/repository/npm-hosted/@lerna/symlink-dependencies/-/symlink-dependencies-4.0.0.tgz#8910eca084ae062642d0490d8972cf2d98e9ebbd"
    integrity sha1-iRDsoISuBiZC0EkNiXLPLZjp670=
    dependencies:
      "@lerna/create-symlink" "4.0.0"
      "@lerna/resolve-symlink" "4.0.0"
      "@lerna/symlink-binary" "4.0.0"
      fs-extra "^9.1.0"
      p-map "^4.0.0"
      p-map-series "^2.1.0"
  
  "@lerna/timer@4.0.0":
    version "4.0.0"
    resolved "http://172.16.0.199:8081/repository/npm-hosted/@lerna/timer/-/timer-4.0.0.tgz#a52e51bfcd39bfd768988049ace7b15c1fd7a6da"
    integrity sha1-pS5Rv805v9domIBJrOexXB/Xpto=
  
  "@lerna/validation-error@4.0.0":
    version "4.0.0"
    resolved "http://172.16.0.199:8081/repository/npm-hosted/@lerna/validation-error/-/validation-error-4.0.0.tgz#af9d62fe8304eaa2eb9a6ba1394f9aa807026d35"
    integrity sha1-r51i/oME6qLrmmuhOU+aqAcCbTU=
    dependencies:
      npmlog "^4.1.2"
  
  "@lerna/version@4.0.0":
    version "4.0.0"
    resolved "http://172.16.0.199:8081/repository/npm-hosted/@lerna/version/-/version-4.0.0.tgz#532659ec6154d8a8789c5ab53878663e244e3228"
    integrity sha1-UyZZ7GFU2Kh4nFq1OHhmPiROMig=
    dependencies:
      "@lerna/check-working-tree" "4.0.0"
      "@lerna/child-process" "4.0.0"
      "@lerna/collect-updates" "4.0.0"
      "@lerna/command" "4.0.0"
      "@lerna/conventional-commits" "4.0.0"
      "@lerna/github-client" "4.0.0"
      "@lerna/gitlab-client" "4.0.0"
      "@lerna/output" "4.0.0"
      "@lerna/prerelease-id-from-version" "4.0.0"
      "@lerna/prompt" "4.0.0"
      "@lerna/run-lifecycle" "4.0.0"
      "@lerna/run-topologically" "4.0.0"
      "@lerna/validation-error" "4.0.0"
      chalk "^4.1.0"
      dedent "^0.7.0"
      load-json-file "^6.2.0"
      minimatch "^3.0.4"
      npmlog "^4.1.2"
      p-map "^4.0.0"
      p-pipe "^3.1.0"
      p-reduce "^2.1.0"
      p-waterfall "^2.1.1"
      semver "^7.3.4"
      slash "^3.0.0"
      temp-write "^4.0.0"
      write-json-file "^4.3.0"
  
  "@lerna/write-log-file@4.0.0":
    version "4.0.0"
    resolved "http://172.16.0.199:8081/repository/npm-hosted/@lerna/write-log-file/-/write-log-file-4.0.0.tgz#18221a38a6a307d6b0a5844dd592ad53fa27091e"
    integrity sha1-GCIaOKajB9awpYRN1ZKtU/onCR4=
    dependencies:
      npmlog "^4.1.2"
      write-file-atomic "^3.0.3"
  
  "@microsoft/tsdoc-config@0.16.2":
    version "0.16.2"
    resolved "http://172.16.0.199:8081/repository/npm-hosted/@microsoft/tsdoc-config/-/tsdoc-config-0.16.2.tgz#b786bb4ead00d54f53839a458ce626c8548d3adf"
    integrity sha1-t4a7Tq0A1U9Tg5pFjOYmyFSNOt8=
    dependencies:
      "@microsoft/tsdoc" "0.14.2"
      ajv "~6.12.6"
      jju "~1.4.0"
      resolve "~1.19.0"
  
  "@microsoft/tsdoc@0.14.2":
    version "0.14.2"
    resolved "http://172.16.0.199:8081/repository/npm-hosted/@microsoft/tsdoc/-/tsdoc-0.14.2.tgz#c3ec604a0b54b9a9b87e9735dfc59e1a5da6a5fb"
    integrity sha1-w+xgSgtUuam4fpc138WeGl2mpfs=
  
  "@monaco-editor/loader@^1.4.0":
    version "1.4.0"
    resolved "http://172.16.0.199:8081/repository/npm-hosted/@monaco-editor/loader/-/loader-1.4.0.tgz#f08227057331ec890fa1e903912a5b711a2ad558"
    integrity sha1-8IInBXMx7IkPoekDkSpbcRoq1Vg=
    dependencies:
      state-local "^1.0.6"
  
  "@monaco-editor/react@^4.6.0":
    version "4.6.0"
    resolved "http://172.16.0.199:8081/repository/npm-hosted/@monaco-editor/react/-/react-4.6.0.tgz#bcc68671e358a21c3814566b865a54b191e24119"
    integrity sha1-vMaGceNYohw4FFZrhlpUsZHiQRk=
    dependencies:
      "@monaco-editor/loader" "^1.4.0"
  
  "@nicolo-ribaudo/chokidar-2@2.1.8-no-fsevents.3":
    version "2.1.8-no-fsevents.3"
    resolved "http://172.16.0.199:8081/repository/npm-hosted/@nicolo-ribaudo/chokidar-2/-/chokidar-2-2.1.8-no-fsevents.3.tgz#323d72dd25103d0c4fbdce89dadf574a787b1f9b"
    integrity sha1-Mj1y3SUQPQxPvc6J2t9XSnh7H5s=
  
  "@nicolo-ribaudo/eslint-scope-5-internals@5.1.1-v1":
    version "5.1.1-v1"
    resolved "http://172.16.0.199:8081/repository/npm-hosted/@nicolo-ribaudo/eslint-scope-5-internals/-/eslint-scope-5-internals-5.1.1-v1.tgz#dbf733a965ca47b1973177dc0bb6c889edcfb129"
    integrity sha1-2/czqWXKR7GXMXfcC7bIie3PsSk=
    dependencies:
      eslint-scope "5.1.1"
  
  "@nodelib/fs.scandir@2.1.5":
    version "2.1.5"
    resolved "http://172.16.0.199:8081/repository/npm-hosted/@nodelib/fs.scandir/-/fs.scandir-2.1.5.tgz#7619c2eb21b25483f6d167548b4cfd5a7488c3d5"
    integrity sha1-dhnC6yGyVIP20WdUi0z9WnSIw9U=
    dependencies:
      "@nodelib/fs.stat" "2.0.5"
      run-parallel "^1.1.9"
  
  "@nodelib/fs.stat@2.0.5", "@nodelib/fs.stat@^2.0.2":
    version "2.0.5"
    resolved "http://172.16.0.199:8081/repository/npm-hosted/@nodelib/fs.stat/-/fs.stat-2.0.5.tgz#5bd262af94e9d25bd1e71b05deed44876a222e8b"
    integrity sha1-W9Jir5Tp0lvR5xsF3u1Eh2oiLos=
  
  "@nodelib/fs.walk@^1.2.3", "@nodelib/fs.walk@^1.2.8":
    version "1.2.8"
    resolved "http://172.16.0.199:8081/repository/npm-hosted/@nodelib/fs.walk/-/fs.walk-1.2.8.tgz#e95737e8bb6746ddedf69c556953494f196fe69a"
    integrity sha1-6Vc36LtnRt3t9pxVaVNJTxlv5po=
    dependencies:
      "@nodelib/fs.scandir" "2.1.5"
      fastq "^1.6.0"
  
  "@npmcli/ci-detect@^1.0.0":
    version "1.4.0"
    resolved "http://172.16.0.199:8081/repository/npm-hosted/@npmcli/ci-detect/-/ci-detect-1.4.0.tgz#18478bbaa900c37bfbd8a2006a6262c62e8b0fe1"
    integrity sha1-GEeLuqkAw3v72KIAamJixi6LD+E=
  
  "@npmcli/fs@^1.0.0":
    version "1.1.1"
    resolved "http://172.16.0.199:8081/repository/npm-hosted/@npmcli/fs/-/fs-1.1.1.tgz#72f719fe935e687c56a4faecf3c03d06ba593257"
    integrity sha1-cvcZ/pNeaHxWpPrs88A9BrpZMlc=
    dependencies:
      "@gar/promisify" "^1.0.1"
      semver "^7.3.5"
  
  "@npmcli/git@^2.1.0":
    version "2.1.0"
    resolved "http://172.16.0.199:8081/repository/npm-hosted/@npmcli/git/-/git-2.1.0.tgz#2fbd77e147530247d37f325930d457b3ebe894f6"
    integrity sha1-L7134UdTAkfTfzJZMNRXs+volPY=
    dependencies:
      "@npmcli/promise-spawn" "^1.3.2"
      lru-cache "^6.0.0"
      mkdirp "^1.0.4"
      npm-pick-manifest "^6.1.1"
      promise-inflight "^1.0.1"
      promise-retry "^2.0.1"
      semver "^7.3.5"
      which "^2.0.2"
  
  "@npmcli/installed-package-contents@^1.0.6":
    version "1.0.7"
    resolved "http://172.16.0.199:8081/repository/npm-hosted/@npmcli/installed-package-contents/-/installed-package-contents-1.0.7.tgz#ab7408c6147911b970a8abe261ce512232a3f4fa"
    integrity sha1-q3QIxhR5EblwqKviYc5RIjKj9Po=
    dependencies:
      npm-bundled "^1.1.1"
      npm-normalize-package-bin "^1.0.1"
  
  "@npmcli/move-file@^1.0.1":
    version "1.1.2"
    resolved "http://172.16.0.199:8081/repository/npm-hosted/@npmcli/move-file/-/move-file-1.1.2.tgz#1a82c3e372f7cae9253eb66d72543d6b8685c674"
    integrity sha1-GoLD43L3yuklPrZtclQ9a4aFxnQ=
    dependencies:
      mkdirp "^1.0.4"
      rimraf "^3.0.2"
  
  "@npmcli/node-gyp@^1.0.2":
    version "1.0.3"
    resolved "http://172.16.0.199:8081/repository/npm-hosted/@npmcli/node-gyp/-/node-gyp-1.0.3.tgz#a912e637418ffc5f2db375e93b85837691a43a33"
    integrity sha1-qRLmN0GP/F8ts3XpO4WDdpGkOjM=
  
  "@npmcli/promise-spawn@^1.2.0", "@npmcli/promise-spawn@^1.3.2":
    version "1.3.2"
    resolved "http://172.16.0.199:8081/repository/npm-hosted/@npmcli/promise-spawn/-/promise-spawn-1.3.2.tgz#42d4e56a8e9274fba180dabc0aea6e38f29274f5"
    integrity sha1-QtTlao6SdPuhgNq8CupuOPKSdPU=
    dependencies:
      infer-owner "^1.0.4"
  
  "@npmcli/run-script@^1.8.2":
    version "1.8.6"
    resolved "http://172.16.0.199:8081/repository/npm-hosted/@npmcli/run-script/-/run-script-1.8.6.tgz#18314802a6660b0d4baa4c3afe7f1ad39d8c28b7"
    integrity sha1-GDFIAqZmCw1Lqkw6/n8a052MKLc=
    dependencies:
      "@npmcli/node-gyp" "^1.0.2"
      "@npmcli/promise-spawn" "^1.3.2"
      node-gyp "^7.1.0"
      read-package-json-fast "^2.0.1"
  
  "@octokit/auth-token@^2.4.4":
    version "2.5.0"
    resolved "http://172.16.0.199:8081/repository/npm-hosted/@octokit/auth-token/-/auth-token-2.5.0.tgz#27c37ea26c205f28443402477ffd261311f21e36"
    integrity sha1-J8N+omwgXyhENAJHf/0mExHyHjY=
    dependencies:
      "@octokit/types" "^6.0.3"
  
  "@octokit/core@^3.5.1":
    version "3.6.0"
    resolved "http://172.16.0.199:8081/repository/npm-hosted/@octokit/core/-/core-3.6.0.tgz#3376cb9f3008d9b3d110370d90e0a1fcd5fe6085"
    integrity sha1-M3bLnzAI2bPREDcNkOCh/NX+YIU=
    dependencies:
      "@octokit/auth-token" "^2.4.4"
      "@octokit/graphql" "^4.5.8"
      "@octokit/request" "^5.6.3"
      "@octokit/request-error" "^2.0.5"
      "@octokit/types" "^6.0.3"
      before-after-hook "^2.2.0"
      universal-user-agent "^6.0.0"
  
  "@octokit/endpoint@^6.0.1":
    version "6.0.12"
    resolved "http://172.16.0.199:8081/repository/npm-hosted/@octokit/endpoint/-/endpoint-6.0.12.tgz#3b4d47a4b0e79b1027fb8d75d4221928b2d05658"
    integrity sha1-O01HpLDnmxAn+4111CIZKLLQVlg=
    dependencies:
      "@octokit/types" "^6.0.3"
      is-plain-object "^5.0.0"
      universal-user-agent "^6.0.0"
  
  "@octokit/graphql@^4.5.8":
    version "4.8.0"
    resolved "http://172.16.0.199:8081/repository/npm-hosted/@octokit/graphql/-/graphql-4.8.0.tgz#664d9b11c0e12112cbf78e10f49a05959aa22cc3"
    integrity sha1-Zk2bEcDhIRLL944Q9JoFlZqiLMM=
    dependencies:
      "@octokit/request" "^5.6.0"
      "@octokit/types" "^6.0.3"
      universal-user-agent "^6.0.0"
  
  "@octokit/openapi-types@^12.11.0":
    version "12.11.0"
    resolved "http://172.16.0.199:8081/repository/npm-hosted/@octokit/openapi-types/-/openapi-types-12.11.0.tgz#da5638d64f2b919bca89ce6602d059f1b52d3ef0"
    integrity sha1-2lY41k8rkZvKic5mAtBZ8bUtPvA=
  
  "@octokit/plugin-enterprise-rest@^6.0.1":
    version "6.0.1"
    resolved "http://172.16.0.199:8081/repository/npm-hosted/@octokit/plugin-enterprise-rest/-/plugin-enterprise-rest-6.0.1.tgz#e07896739618dab8da7d4077c658003775f95437"
    integrity sha1-4HiWc5YY2rjafUB3xlgAN3X5VDc=
  
  "@octokit/plugin-paginate-rest@^2.16.8":
    version "2.21.3"
    resolved "http://172.16.0.199:8081/repository/npm-hosted/@octokit/plugin-paginate-rest/-/plugin-paginate-rest-2.21.3.tgz#7f12532797775640dbb8224da577da7dc210c87e"
    integrity sha1-fxJTJ5d3VkDbuCJNpXfafcIQyH4=
    dependencies:
      "@octokit/types" "^6.40.0"
  
  "@octokit/plugin-request-log@^1.0.4":
    version "1.0.4"
    resolved "http://172.16.0.199:8081/repository/npm-hosted/@octokit/plugin-request-log/-/plugin-request-log-1.0.4.tgz#5e50ed7083a613816b1e4a28aeec5fb7f1462e85"
    integrity sha1-XlDtcIOmE4FrHkooruxft/FGLoU=
  
  "@octokit/plugin-rest-endpoint-methods@^5.12.0":
    version "5.16.2"
    resolved "http://172.16.0.199:8081/repository/npm-hosted/@octokit/plugin-rest-endpoint-methods/-/plugin-rest-endpoint-methods-5.16.2.tgz#7ee8bf586df97dd6868cf68f641354e908c25342"
    integrity sha1-fui/WG35fdaGjPaPZBNU6QjCU0I=
    dependencies:
      "@octokit/types" "^6.39.0"
      deprecation "^2.3.1"
  
  "@octokit/request-error@^2.0.5", "@octokit/request-error@^2.1.0":
    version "2.1.0"
    resolved "http://172.16.0.199:8081/repository/npm-hosted/@octokit/request-error/-/request-error-2.1.0.tgz#9e150357831bfc788d13a4fd4b1913d60c74d677"
    integrity sha1-nhUDV4Mb/HiNE6T9SxkT1gx01nc=
    dependencies:
      "@octokit/types" "^6.0.3"
      deprecation "^2.0.0"
      once "^1.4.0"
  
  "@octokit/request@^5.6.0", "@octokit/request@^5.6.3":
    version "5.6.3"
    resolved "http://172.16.0.199:8081/repository/npm-hosted/@octokit/request/-/request-5.6.3.tgz#19a022515a5bba965ac06c9d1334514eb50c48b0"
    integrity sha1-GaAiUVpbupZawGydEzRRTrUMSLA=
    dependencies:
      "@octokit/endpoint" "^6.0.1"
      "@octokit/request-error" "^2.1.0"
      "@octokit/types" "^6.16.1"
      is-plain-object "^5.0.0"
      node-fetch "^2.6.7"
      universal-user-agent "^6.0.0"
  
  "@octokit/rest@^18.1.0":
    version "18.12.0"
    resolved "http://172.16.0.199:8081/repository/npm-hosted/@octokit/rest/-/rest-18.12.0.tgz#f06bc4952fc87130308d810ca9d00e79f6988881"
    integrity sha1-8GvElS/IcTAwjYEMqdAOefaYiIE=
    dependencies:
      "@octokit/core" "^3.5.1"
      "@octokit/plugin-paginate-rest" "^2.16.8"
      "@octokit/plugin-request-log" "^1.0.4"
      "@octokit/plugin-rest-endpoint-methods" "^5.12.0"
  
  "@octokit/types@^6.0.3", "@octokit/types@^6.16.1", "@octokit/types@^6.39.0", "@octokit/types@^6.40.0":
    version "6.41.0"
    resolved "http://172.16.0.199:8081/repository/npm-hosted/@octokit/types/-/types-6.41.0.tgz#e58ef78d78596d2fb7df9c6259802464b5f84a04"
    integrity sha1-5Y73jXhZbS+335xiWYAkZLX4SgQ=
    dependencies:
      "@octokit/openapi-types" "^12.11.0"
  
  "@pmmmwh/react-refresh-webpack-plugin@^0.5.1":
    version "0.5.11"
    resolved "http://172.16.0.199:8081/repository/npm-hosted/@pmmmwh/react-refresh-webpack-plugin/-/react-refresh-webpack-plugin-0.5.11.tgz#7c2268cedaa0644d677e8c4f377bc8fb304f714a"
    integrity sha1-fCJoztqgZE1nfoxPN3vI+zBPcUo=
    dependencies:
      ansi-html-community "^0.0.8"
      common-path-prefix "^3.0.0"
      core-js-pure "^3.23.3"
      error-stack-parser "^2.0.6"
      find-up "^5.0.0"
      html-entities "^2.1.0"
      loader-utils "^2.0.4"
      schema-utils "^3.0.0"
      source-map "^0.7.3"
  
  "@polka/url@^1.0.0-next.20":
    version "1.0.0-next.21"
    resolved "http://172.16.0.199:8081/repository/npm-hosted/@polka/url/-/url-1.0.0-next.21.tgz#5de5a2385a35309427f6011992b544514d559aa1"
    integrity sha1-XeWiOFo1MJQn9gEZkrVEUU1VmqE=
  
  "@rc-component/color-picker@~1.4.1":
    version "1.4.1"
    resolved "http://172.16.0.199:8081/repository/npm-hosted/@rc-component/color-picker/-/color-picker-1.4.1.tgz#dcab0b660e9c4ed63a7582db68ed4a77c862cb93"
    integrity sha1-3KsLZg6cTtY6dYLbaO1Kd8hiy5M=
    dependencies:
      "@babel/runtime" "^7.10.1"
      "@ctrl/tinycolor" "^3.6.0"
      classnames "^2.2.6"
      rc-util "^5.30.0"
  
  "@rc-component/context@^1.4.0":
    version "1.4.0"
    resolved "http://172.16.0.199:8081/repository/npm-hosted/@rc-component/context/-/context-1.4.0.tgz#dc6fb021d6773546af8f016ae4ce9aea088395e8"
    integrity sha1-3G+wIdZ3NUavjwFq5M6a6giDleg=
    dependencies:
      "@babel/runtime" "^7.10.1"
      rc-util "^5.27.0"
  
  "@rc-component/mini-decimal@^1.0.1":
    version "1.0.1"
    resolved "http://172.16.0.199:8081/repository/npm-hosted/@rc-component/mini-decimal/-/mini-decimal-1.0.1.tgz#e5dbc20a6a5b0e234d279bc71ce730ab865d3910"
    integrity sha1-5dvCCmpbDiNNJ5vHHOcwq4ZdORA=
    dependencies:
      "@babel/runtime" "^7.18.0"
  
  "@rc-component/mutate-observer@^1.1.0":
    version "1.1.0"
    resolved "http://172.16.0.199:8081/repository/npm-hosted/@rc-component/mutate-observer/-/mutate-observer-1.1.0.tgz#ee53cc88b78aade3cd0653609215a44779386fd8"
    integrity sha1-7lPMiLeKrePNBlNgkhWkR3k4b9g=
    dependencies:
      "@babel/runtime" "^7.18.0"
      classnames "^2.3.2"
      rc-util "^5.24.4"
  
  "@rc-component/portal@^1.0.0-8", "@rc-component/portal@^1.0.0-9", "@rc-component/portal@^1.0.2", "@rc-component/portal@^1.1.0":
    version "1.1.0"
    resolved "http://172.16.0.199:8081/repository/npm-hosted/@rc-component/portal/-/portal-1.1.0.tgz#6b94450d2c2b00d50b141bd7a0be23bd96503dbe"
    integrity sha1-a5RFDSwrANULFBvXoL4jvZZQPb4=
    dependencies:
      "@babel/runtime" "^7.18.0"
      classnames "^2.3.2"
      rc-util "^5.24.4"
  
  "@rc-component/portal@^1.1.1":
    version "1.1.2"
    resolved "http://172.16.0.199:8081/repository/npm-hosted/@rc-component/portal/-/portal-1.1.2.tgz#55db1e51d784e034442e9700536faaa6ab63fc71"
    integrity sha1-VdseUdeE4DRELpcAU2+qpqtj/HE=
    dependencies:
      "@babel/runtime" "^7.18.0"
      classnames "^2.3.2"
      rc-util "^5.24.4"
  
  "@rc-component/tour@~1.10.0":
    version "1.10.0"
    resolved "http://172.16.0.199:8081/repository/npm-hosted/@rc-component/tour/-/tour-1.10.0.tgz#b05bc327438f1c583439e2d2dcc10ec0530aea19"
    integrity sha1-sFvDJ0OPHFg0OeLS3MEOwFMK6hk=
    dependencies:
      "@babel/runtime" "^7.18.0"
      "@rc-component/portal" "^1.0.0-9"
      "@rc-component/trigger" "^1.3.6"
      classnames "^2.3.2"
      rc-util "^5.24.4"
  
  "@rc-component/trigger@^1.17.0", "@rc-component/trigger@^1.18.0", "@rc-component/trigger@^1.18.1", "@rc-component/trigger@^1.3.6", "@rc-component/trigger@^1.5.0", "@rc-component/trigger@^1.7.0":
    version "1.18.2"
    resolved "http://172.16.0.199:8081/repository/npm-hosted/@rc-component/trigger/-/trigger-1.18.2.tgz#dc52c4c66fa8aaccaf0710498f2429fc05454e3b"
    integrity sha1-3FLExm+oqsyvBxBJjyQp/AVFTjs=
    dependencies:
      "@babel/runtime" "^7.23.2"
      "@rc-component/portal" "^1.1.0"
      classnames "^2.3.2"
      rc-motion "^2.0.0"
      rc-resize-observer "^1.3.1"
      rc-util "^5.38.0"
  
  "@rollup/plugin-alias@~3.1.0":
    version "3.1.9"
    resolved "http://172.16.0.199:8081/repository/npm-hosted/@rollup/plugin-alias/-/plugin-alias-3.1.9.tgz#a5d267548fe48441f34be8323fb64d1d4a1b3fdf"
    integrity sha1-pdJnVI/khEHzS+gyP7ZNHUobP98=
    dependencies:
      slash "^3.0.0"
  
  "@rollup/plugin-babel@~5.3.0":
    version "5.3.1"
    resolved "http://172.16.0.199:8081/repository/npm-hosted/@rollup/plugin-babel/-/plugin-babel-5.3.1.tgz#04bc0608f4aa4b2e4b1aebf284344d0f68fda283"
    integrity sha1-BLwGCPSqSy5LGuvyhDRND2j9ooM=
    dependencies:
      "@babel/helper-module-imports" "^7.10.4"
      "@rollup/pluginutils" "^3.1.0"
  
  "@rollup/plugin-commonjs@~18.1.0":
    version "18.1.0"
    resolved "http://172.16.0.199:8081/repository/npm-hosted/@rollup/plugin-commonjs/-/plugin-commonjs-18.1.0.tgz#5a760d757af168a50727c0ae080251fbfcc5eb02"
    integrity sha1-WnYNdXrxaKUHJ8CuCAJR+/zF6wI=
    dependencies:
      "@rollup/pluginutils" "^3.1.0"
      commondir "^1.0.1"
      estree-walker "^2.0.1"
      glob "^7.1.6"
      is-reference "^1.2.1"
      magic-string "^0.25.7"
      resolve "^1.17.0"
  
  "@rollup/plugin-node-resolve@~11.2.0":
    version "11.2.1"
    resolved "http://172.16.0.199:8081/repository/npm-hosted/@rollup/plugin-node-resolve/-/plugin-node-resolve-11.2.1.tgz#82aa59397a29cd4e13248b106e6a4a1880362a60"
    integrity sha1-gqpZOXopzU4TJIsQbmpKGIA2KmA=
    dependencies:
      "@rollup/pluginutils" "^3.1.0"
      "@types/resolve" "1.17.1"
      builtin-modules "^3.1.0"
      deepmerge "^4.2.2"
      is-module "^1.0.0"
      resolve "^1.19.0"
  
  "@rollup/plugin-replace@~2.4.0":
    version "2.4.2"
    resolved "http://172.16.0.199:8081/repository/npm-hosted/@rollup/plugin-replace/-/plugin-replace-2.4.2.tgz#a2d539314fbc77c244858faa523012825068510a"
    integrity sha1-otU5MU+8d8JEhY+qUjASglBoUQo=
    dependencies:
      "@rollup/pluginutils" "^3.1.0"
      magic-string "^0.25.7"
  
  "@rollup/pluginutils@^3.1.0":
    version "3.1.0"
    resolved "http://172.16.0.199:8081/repository/npm-hosted/@rollup/pluginutils/-/pluginutils-3.1.0.tgz#706b4524ee6dc8b103b3c995533e5ad680c02b9b"
    integrity sha1-cGtFJO5tyLEDs8mVUz5a1oDAK5s=
    dependencies:
      "@types/estree" "0.0.39"
      estree-walker "^1.0.1"
      picomatch "^2.2.2"
  
  "@sinclair/typebox@^0.27.8":
    version "0.27.8"
    resolved "http://172.16.0.199:8081/repository/npm-hosted/@sinclair/typebox/-/typebox-0.27.8.tgz#6667fac16c436b5434a387a34dedb013198f6e6e"
    integrity sha1-Zmf6wWxDa1Q0o4ejTe2wExmPbm4=
  
  "@sinonjs/commons@^1.7.0":
    version "1.8.3"
    resolved "http://172.16.0.199:8081/repository/npm-hosted/@sinonjs/commons/-/commons-1.8.3.tgz#3802ddd21a50a949b6721ddd72da36e67e7f1b2d"
    integrity sha1-OALd0hpQqUm2ch3dcto25n5/Gy0=
    dependencies:
      type-detect "4.0.8"
  
  "@sinonjs/fake-timers@^8.0.1":
    version "8.1.0"
    resolved "http://172.16.0.199:8081/repository/npm-hosted/@sinonjs/fake-timers/-/fake-timers-8.1.0.tgz#3fdc2b6cb58935b21bfb8d1625eb1300484316e7"
    integrity sha1-P9wrbLWJNbIb+40WJesTAEhDFuc=
    dependencies:
      "@sinonjs/commons" "^1.7.0"
  
  "@tootallnate/once@1":
    version "1.1.2"
    resolved "http://172.16.0.199:8081/repository/npm-hosted/@tootallnate/once/-/once-1.1.2.tgz#ccb91445360179a04e7fe6aff78c00ffc1eeaf82"
    integrity sha1-zLkURTYBeaBOf+av94wA/8Hur4I=
  
  "@trysound/sax@0.2.0":
    version "0.2.0"
    resolved "http://172.16.0.199:8081/repository/npm-hosted/@trysound/sax/-/sax-0.2.0.tgz#cccaab758af56761eb7bf37af6f03f326dd798ad"
    integrity sha1-zMqrdYr1Z2Hre/N69vA/Mm3XmK0=
  
  "@tsconfig/node10@^1.0.7":
    version "1.0.9"
    resolved "http://172.16.0.199:8081/repository/npm-hosted/@tsconfig/node10/-/node10-1.0.9.tgz#df4907fc07a886922637b15e02d4cebc4c0021b2"
    integrity sha1-30kH/AeohpImN7FeAtTOvEwAIbI=
  
  "@tsconfig/node12@^1.0.7":
    version "1.0.11"
    resolved "http://172.16.0.199:8081/repository/npm-hosted/@tsconfig/node12/-/node12-1.0.11.tgz#ee3def1f27d9ed66dac6e46a295cffb0152e058d"
    integrity sha1-7j3vHyfZ7WbaxuRqKVz/sBUuBY0=
  
  "@tsconfig/node14@^1.0.0":
    version "1.0.3"
    resolved "http://172.16.0.199:8081/repository/npm-hosted/@tsconfig/node14/-/node14-1.0.3.tgz#e4386316284f00b98435bf40f72f75a09dabf6c1"
    integrity sha1-5DhjFihPALmENb9A9y91oJ2r9sE=
  
  "@tsconfig/node16@^1.0.2":
    version "1.0.3"
    resolved "http://172.16.0.199:8081/repository/npm-hosted/@tsconfig/node16/-/node16-1.0.3.tgz#472eaab5f15c1ffdd7f8628bd4c4f753995ec79e"
    integrity sha1-Ry6qtfFcH/3X+GKL1MT3U5lex54=
  
  "@types/babel__core@^7.0.0", "@types/babel__core@^7.1.14":
    version "7.20.0"
    resolved "http://172.16.0.199:8081/repository/npm-hosted/@types/babel__core/-/babel__core-7.20.0.tgz#61bc5a4cae505ce98e1e36c5445e4bee060d8891"
    integrity sha1-YbxaTK5QXOmOHjbFRF5L7gYNiJE=
    dependencies:
      "@babel/parser" "^7.20.7"
      "@babel/types" "^7.20.7"
      "@types/babel__generator" "*"
      "@types/babel__template" "*"
      "@types/babel__traverse" "*"
  
  "@types/babel__generator@*":
    version "7.6.7"
    resolved "http://172.16.0.199:8081/repository/npm-hosted/@types/babel__generator/-/babel__generator-7.6.7.tgz#a7aebf15c7bc0eb9abd638bdb5c0b8700399c9d0"
    integrity sha1-p66/Fce8Drmr1ji9tcC4cAOZydA=
    dependencies:
      "@babel/types" "^7.0.0"
  
  "@types/babel__template@*":
    version "7.4.4"
    resolved "http://172.16.0.199:8081/repository/npm-hosted/@types/babel__template/-/babel__template-7.4.4.tgz#5672513701c1b2199bc6dad636a9d7491586766f"
    integrity sha1-VnJRNwHBshmbxtrWNqnXSRWGdm8=
    dependencies:
      "@babel/parser" "^7.1.0"
      "@babel/types" "^7.0.0"
  
  "@types/babel__traverse@*", "@types/babel__traverse@^7.0.4", "@types/babel__traverse@^7.0.6":
    version "7.18.3"
    resolved "http://172.16.0.199:8081/repository/npm-hosted/@types/babel__traverse/-/babel__traverse-7.18.3.tgz#dfc508a85781e5698d5b33443416b6268c4b3e8d"
    integrity sha1-38UIqFeB5WmNWzNENBa2JoxLPo0=
    dependencies:
      "@babel/types" "^7.3.0"
  
  "@types/body-parser@*":
    version "1.19.5"
    resolved "http://172.16.0.199:8081/repository/npm-hosted/@types/body-parser/-/body-parser-1.19.5.tgz#04ce9a3b677dc8bd681a17da1ab9835dc9d3ede4"
    integrity sha1-BM6aO2d9yL1oGhfaGrmDXcnT7eQ=
    dependencies:
      "@types/connect" "*"
      "@types/node" "*"
  
  "@types/bonjour@^3.5.9":
    version "3.5.13"
    resolved "http://172.16.0.199:8081/repository/npm-hosted/@types/bonjour/-/bonjour-3.5.13.tgz#adf90ce1a105e81dd1f9c61fdc5afda1bfb92956"
    integrity sha1-rfkM4aEF6B3R+cYf3Fr9ob+5KVY=
    dependencies:
      "@types/node" "*"
  
  "@types/connect-history-api-fallback@^1.3.5":
    version "1.3.5"
    resolved "http://172.16.0.199:8081/repository/npm-hosted/@types/connect-history-api-fallback/-/connect-history-api-fallback-1.3.5.tgz#d1f7a8a09d0ed5a57aee5ae9c18ab9b803205dae"
    integrity sha1-0feooJ0O1aV67lrpwYq5uAMgXa4=
    dependencies:
      "@types/express-serve-static-core" "*"
      "@types/node" "*"
  
  "@types/connect@*":
    version "3.4.38"
    resolved "http://172.16.0.199:8081/repository/npm-hosted/@types/connect/-/connect-3.4.38.tgz#5ba7f3bc4fbbdeaff8dded952e5ff2cc53f8d858"
    integrity sha1-W6fzvE+73q/43e2VLl/yzFP42Fg=
    dependencies:
      "@types/node" "*"
  
  "@types/eslint-scope@^3.7.3":
    version "3.7.4"
    resolved "http://172.16.0.199:8081/repository/npm-hosted/@types/eslint-scope/-/eslint-scope-3.7.4.tgz#37fc1223f0786c39627068a12e94d6e6fc61de16"
    integrity sha1-N/wSI/B4bDlicGihLpTW5vxh3hY=
    dependencies:
      "@types/eslint" "*"
      "@types/estree" "*"
  
  "@types/eslint@*", "@types/eslint@^7.29.0 || ^8.4.1":
    version "8.44.7"
    resolved "http://172.16.0.199:8081/repository/npm-hosted/@types/eslint/-/eslint-8.44.7.tgz#430b3cc96db70c81f405e6a08aebdb13869198f5"
    integrity sha1-Qws8yW23DIH0BeagiuvbE4aRmPU=
    dependencies:
      "@types/estree" "*"
      "@types/json-schema" "*"
  
  "@types/estree@*":
    version "1.0.2"
    resolved "http://172.16.0.199:8081/repository/npm-hosted/@types/estree/-/estree-1.0.2.tgz#ff02bc3dc8317cd668dfec247b750ba1f1d62453"
    integrity sha1-/wK8PcgxfNZo3+wke3ULofHWJFM=
  
  "@types/estree@0.0.39":
    version "0.0.39"
    resolved "http://172.16.0.199:8081/repository/npm-hosted/@types/estree/-/estree-0.0.39.tgz#e177e699ee1b8c22d23174caaa7422644389509f"
    integrity sha1-4Xfmme4bjCLSMXTKqnQiZEOJUJ8=
  
  "@types/estree@^0.0.51":
    version "0.0.51"
    resolved "http://172.16.0.199:8081/repository/npm-hosted/@types/estree/-/estree-0.0.51.tgz#cfd70924a25a3fd32b218e5e420e6897e1ac4f40"
    integrity sha1-z9cJJKJaP9MrIY5eQg5ol+GsT0A=
  
  "@types/express-serve-static-core@*", "@types/express-serve-static-core@^4.17.33":
    version "4.17.36"
    resolved "http://172.16.0.199:8081/repository/npm-hosted/@types/express-serve-static-core/-/express-serve-static-core-4.17.36.tgz#baa9022119bdc05a4adfe740ffc97b5f9360e545"
    integrity sha1-uqkCIRm9wFpK3+dA/8l7X5Ng5UU=
    dependencies:
      "@types/node" "*"
      "@types/qs" "*"
      "@types/range-parser" "*"
      "@types/send" "*"
  
  "@types/express@*", "@types/express@^4.17.13":
    version "4.17.21"
    resolved "http://172.16.0.199:8081/repository/npm-hosted/@types/express/-/express-4.17.21.tgz#c26d4a151e60efe0084b23dc3369ebc631ed192d"
    integrity sha1-wm1KFR5g7+AISyPcM2nrxjHtGS0=
    dependencies:
      "@types/body-parser" "*"
      "@types/express-serve-static-core" "^4.17.33"
      "@types/qs" "*"
      "@types/serve-static" "*"
  
  "@types/fs-extra@^9.0.0":
    version "9.0.13"
    resolved "http://172.16.0.199:8081/repository/npm-hosted/@types/fs-extra/-/fs-extra-9.0.13.tgz#7594fbae04fe7f1918ce8b3d213f74ff44ac1f45"
    integrity sha1-dZT7rgT+fxkYzos9IT90/0SsH0U=
    dependencies:
      "@types/node" "*"
  
  "@types/glob@^7.1.1":
    version "7.2.0"
    resolved "http://172.16.0.199:8081/repository/npm-hosted/@types/glob/-/glob-7.2.0.tgz#bc1b5bf3aa92f25bd5dd39f35c57361bdce5b2eb"
    integrity sha1-vBtb86qS8lvV3TnzXFc2G9zlsus=
    dependencies:
      "@types/minimatch" "*"
      "@types/node" "*"
  
  "@types/graceful-fs@^4.1.2":
    version "4.1.6"
    resolved "http://172.16.0.199:8081/repository/npm-hosted/@types/graceful-fs/-/graceful-fs-4.1.6.tgz#e14b2576a1c25026b7f02ede1de3b84c3a1efeae"
    integrity sha1-4UsldqHCUCa38C7eHeO4TDoe/q4=
    dependencies:
      "@types/node" "*"
  
  "@types/hoist-non-react-statics@^3.3.1":
    version "3.3.1"
    resolved "http://172.16.0.199:8081/repository/npm-hosted/@types/hoist-non-react-statics/-/hoist-non-react-statics-3.3.1.tgz#1124aafe5118cb591977aeb1ceaaed1070eb039f"
    integrity sha1-ESSq/lEYy1kZd66xzqrtEHDrA58=
    dependencies:
      "@types/react" "*"
      hoist-non-react-statics "^3.3.0"
  
  "@types/html-minifier-terser@^6.0.0":
    version "6.1.0"
    resolved "http://172.16.0.199:8081/repository/npm-hosted/@types/html-minifier-terser/-/html-minifier-terser-6.1.0.tgz#4fc33a00c1d0c16987b1a20cf92d20614c55ac35"
    integrity sha1-T8M6AMHQwWmHsaIM+S0gYUxVrDU=
  
  "@types/http-proxy@^1.17.8":
    version "1.17.9"
    resolved "http://172.16.0.199:8081/repository/npm-hosted/@types/http-proxy/-/http-proxy-1.17.9.tgz#7f0e7931343761efde1e2bf48c40f02f3f75705a"
    integrity sha1-fw55MTQ3Ye/eHiv0jEDwLz91cFo=
    dependencies:
      "@types/node" "*"
  
  "@types/istanbul-lib-coverage@*", "@types/istanbul-lib-coverage@^2.0.0", "@types/istanbul-lib-coverage@^2.0.1":
    version "2.0.6"
    resolved "http://172.16.0.199:8081/repository/npm-hosted/@types/istanbul-lib-coverage/-/istanbul-lib-coverage-2.0.6.tgz#7739c232a1fee9b4d3ce8985f314c0c6d33549d7"
    integrity sha1-dznCMqH+6bTTzomF8xTAxtM1Sdc=
  
  "@types/istanbul-lib-report@*":
    version "3.0.3"
    resolved "http://172.16.0.199:8081/repository/npm-hosted/@types/istanbul-lib-report/-/istanbul-lib-report-3.0.3.tgz#53047614ae72e19fc0401d872de3ae2b4ce350bf"
    integrity sha1-UwR2FK5y4Z/AQB2HLeOuK0zjUL8=
    dependencies:
      "@types/istanbul-lib-coverage" "*"
  
  "@types/istanbul-reports@^3.0.0":
    version "3.0.1"
    resolved "http://172.16.0.199:8081/repository/npm-hosted/@types/istanbul-reports/-/istanbul-reports-3.0.1.tgz#9153fe98bba2bd565a63add9436d6f0d7f8468ff"
    integrity sha1-kVP+mLuivVZaY63ZQ21vDX+EaP8=
    dependencies:
      "@types/istanbul-lib-report" "*"
  
  "@types/jest@*":
    version "29.0.0"
    resolved "http://172.16.0.199:8081/repository/npm-hosted/@types/jest/-/jest-29.0.0.tgz#bc66835bf6b09d6a47e22c21d7f5b82692e60e72"
    integrity sha1-vGaDW/awnWpH4iwh1/W4JpLmDnI=
    dependencies:
      expect "^29.0.0"
      pretty-format "^29.0.0"
  
  "@types/json-schema@*", "@types/json-schema@^7.0.5", "@types/json-schema@^7.0.8", "@types/json-schema@^7.0.9":
    version "7.0.11"
    resolved "http://172.16.0.199:8081/repository/npm-hosted/@types/json-schema/-/json-schema-7.0.11.tgz#d421b6c527a3037f7c84433fd2c4229e016863d3"
    integrity sha1-1CG2xSejA398hEM/0sQingFoY9M=
  
  "@types/json5@^0.0.29":
    version "0.0.29"
    resolved "http://172.16.0.199:8081/repository/npm-hosted/@types/json5/-/json5-0.0.29.tgz#ee28707ae94e11d2b827bcbe5270bcea7f3e71ee"
    integrity sha1-7ihweulOEdK4J7y+UnC86n8+ce4=
  
  "@types/lodash@^4.0.0":
    version "4.14.199"
    resolved "http://172.16.0.199:8081/repository/npm-hosted/@types/lodash/-/lodash-4.14.199.tgz#c3edb5650149d847a277a8961a7ad360c474e9bf"
    integrity sha1-w+21ZQFJ2Eeid6iWGnrTYMR06b8=
  
  "@types/mdast@^3.0.0":
    version "3.0.15"
    resolved "http://172.16.0.199:8081/repository/npm-hosted/@types/mdast/-/mdast-3.0.15.tgz#49c524a263f30ffa28b71ae282f813ed000ab9f5"
    integrity sha1-ScUkomPzD/ootxrigvgT7QAKufU=
    dependencies:
      "@types/unist" "^2"
  
  "@types/mime@*":
    version "3.0.4"
    resolved "http://172.16.0.199:8081/repository/npm-hosted/@types/mime/-/mime-3.0.4.tgz#2198ac274de6017b44d941e00261d5bc6a0e0a45"
    integrity sha1-IZisJ03mAXtE2UHgAmHVvGoOCkU=
  
  "@types/mime@^1":
    version "1.3.5"
    resolved "http://172.16.0.199:8081/repository/npm-hosted/@types/mime/-/mime-1.3.5.tgz#1ef302e01cf7d2b5a0fa526790c9123bf1d06690"
    integrity sha1-HvMC4Bz30rWg+lJnkMkSO/HQZpA=
  
  "@types/minimatch@*", "@types/minimatch@^3.0.3":
    version "3.0.5"
    resolved "http://172.16.0.199:8081/repository/npm-hosted/@types/minimatch/-/minimatch-3.0.5.tgz#1001cc5e6a3704b83c236027e77f2f58ea010f40"
    integrity sha1-EAHMXmo3BLg8I2An538vWOoBD0A=
  
  "@types/minimist@^1.2.0":
    version "1.2.2"
    resolved "http://172.16.0.199:8081/repository/npm-hosted/@types/minimist/-/minimist-1.2.2.tgz#ee771e2ba4b3dc5b372935d549fd9617bf345b8c"
    integrity sha1-7nceK6Sz3Fs3KTXVSf2WF780W4w=
  
  "@types/node@*", "@types/node@^18.0.0":
    version "18.18.9"
    resolved "http://172.16.0.199:8081/repository/npm-hosted/@types/node/-/node-18.18.9.tgz#5527ea1832db3bba8eb8023ce8497b7d3f299592"
    integrity sha1-VSfqGDLbO7qOuAI86El7fT8plZI=
    dependencies:
      undici-types "~5.26.4"
  
  "@types/normalize-package-data@^2.4.0":
    version "2.4.4"
    resolved "http://172.16.0.199:8081/repository/npm-hosted/@types/normalize-package-data/-/normalize-package-data-2.4.4.tgz#56e2cc26c397c038fab0e3a917a12d5c5909e901"
    integrity sha1-VuLMJsOXwDj6sOOpF6EtXFkJ6QE=
  
  "@types/parse-json@^4.0.0":
    version "4.0.2"
    resolved "http://172.16.0.199:8081/repository/npm-hosted/@types/parse-json/-/parse-json-4.0.2.tgz#5950e50960793055845e956c427fc2b0d70c5239"
    integrity sha1-WVDlCWB5MFWEXpVsQn/CsNcMUjk=
  
  "@types/prettier@^2.1.5":
    version "2.7.0"
    resolved "http://172.16.0.199:8081/repository/npm-hosted/@types/prettier/-/prettier-2.7.0.tgz#ea03e9f0376a4446f44797ca19d9c46c36e352dc"
    integrity sha1-6gPp8DdqREb0R5fKGdnEbDbjUtw=
  
  "@types/prop-types@*":
    version "15.7.10"
    resolved "http://172.16.0.199:8081/repository/npm-hosted/@types/prop-types/-/prop-types-15.7.10.tgz#892afc9332c4d62a5ea7e897fe48ed2085bbb08a"
    integrity sha1-iSr8kzLE1ipep+iX/kjtIIW7sIo=
  
  "@types/qs@*":
    version "6.9.10"
    resolved "http://172.16.0.199:8081/repository/npm-hosted/@types/qs/-/qs-6.9.10.tgz#0af26845b5067e1c9a622658a51f60a3934d51e8"
    integrity sha1-CvJoRbUGfhyaYiZYpR9go5NNUeg=
  
  "@types/range-parser@*":
    version "1.2.4"
    resolved "http://172.16.0.199:8081/repository/npm-hosted/@types/range-parser/-/range-parser-1.2.4.tgz#cd667bcfdd025213aafb7ca5915a932590acdcdc"
    integrity sha1-zWZ7z90CUhOq+3ylkVqTJZCs3Nw=
  
  "@types/react-dom@^18.0.0":
    version "18.2.7"
    resolved "http://172.16.0.199:8081/repository/npm-hosted/@types/react-dom/-/react-dom-18.2.7.tgz#67222a08c0a6ae0a0da33c3532348277c70abb63"
    integrity sha1-ZyIqCMCmrgoNozw1MjSCd8cKu2M=
    dependencies:
      "@types/react" "*"
  
  "@types/react@*", "@types/react@^18.0.0":
    version "18.2.6"
    resolved "http://172.16.0.199:8081/repository/npm-hosted/@types/react/-/react-18.2.6.tgz#5cd53ee0d30ffc193b159d3516c8c8ad2f19d571"
    integrity sha1-XNU+4NMP/Bk7FZ01FsjIrS8Z1XE=
    dependencies:
      "@types/prop-types" "*"
      "@types/scheduler" "*"
      csstype "^3.0.2"
  
  "@types/resolve@1.17.1":
    version "1.17.1"
    resolved "http://172.16.0.199:8081/repository/npm-hosted/@types/resolve/-/resolve-1.17.1.tgz#3afd6ad8967c77e4376c598a82ddd58f46ec45d6"
    integrity sha1-Ov1q2JZ8d+Q3bFmKgt3Vj0bsRdY=
    dependencies:
      "@types/node" "*"
  
  "@types/retry@0.12.0":
    version "0.12.0"
    resolved "http://172.16.0.199:8081/repository/npm-hosted/@types/retry/-/retry-0.12.0.tgz#2b35eccfcee7d38cd72ad99232fbd58bffb3c84d"
    integrity sha1-KzXsz87n04zXKtmSMvvVi/+zyE0=
  
  "@types/scheduler@*":
    version "0.16.2"
    resolved "http://172.16.0.199:8081/repository/npm-hosted/@types/scheduler/-/scheduler-0.16.2.tgz#1a62f89525723dde24ba1b01b092bf5df8ad4d39"
    integrity sha1-GmL4lSVyPd4kuhsBsJK/XfitTTk=
  
  "@types/semver@^7.3.12":
    version "7.5.5"
    resolved "http://172.16.0.199:8081/repository/npm-hosted/@types/semver/-/semver-7.5.5.tgz#deed5ab7019756c9c90ea86139106b0346223f35"
    integrity sha1-3u1atwGXVsnJDqhhORBrA0YiPzU=
  
  "@types/send@*":
    version "0.17.4"
    resolved "http://172.16.0.199:8081/repository/npm-hosted/@types/send/-/send-0.17.4.tgz#6619cd24e7270793702e4e6a4b958a9010cfc57a"
    integrity sha1-ZhnNJOcnB5NwLk5qS5WKkBDPxXo=
    dependencies:
      "@types/mime" "^1"
      "@types/node" "*"
  
  "@types/serve-index@^1.9.1":
    version "1.9.1"
    resolved "http://172.16.0.199:8081/repository/npm-hosted/@types/serve-index/-/serve-index-1.9.1.tgz#1b5e85370a192c01ec6cec4735cf2917337a6278"
    integrity sha1-G16FNwoZLAHsbOxHNc8pFzN6Yng=
    dependencies:
      "@types/express" "*"
  
  "@types/serve-static@*", "@types/serve-static@^1.13.10":
    version "1.15.0"
    resolved "http://172.16.0.199:8081/repository/npm-hosted/@types/serve-static/-/serve-static-1.15.0.tgz#c7930ff61afb334e121a9da780aac0d9b8f34155"
    integrity sha1-x5MP9hr7M04SGp2ngKrA2bjzQVU=
    dependencies:
      "@types/mime" "*"
      "@types/node" "*"
  
  "@types/sockjs@^0.3.33":
    version "0.3.36"
    resolved "http://172.16.0.199:8081/repository/npm-hosted/@types/sockjs/-/sockjs-0.3.36.tgz#ce322cf07bcc119d4cbf7f88954f3a3bd0f67535"
    integrity sha1-zjIs8HvMEZ1Mv3+IlU86O9D2dTU=
    dependencies:
      "@types/node" "*"
  
  "@types/stack-utils@^2.0.0":
    version "2.0.1"
    resolved "http://172.16.0.199:8081/repository/npm-hosted/@types/stack-utils/-/stack-utils-2.0.1.tgz#20f18294f797f2209b5f65c8e3b5c8e8261d127c"
    integrity sha1-IPGClPeX8iCbX2XI47XI6CYdEnw=
  
  "@types/unist@^2", "@types/unist@^2.0.2":
    version "2.0.6"
    resolved "http://172.16.0.199:8081/repository/npm-hosted/@types/unist/-/unist-2.0.6.tgz#250a7b16c3b91f672a24552ec64678eeb1d3a08d"
    integrity sha1-JQp7FsO5H2cqJFUuxkZ47rHToI0=
  
  "@types/use-sync-external-store@^0.0.3":
    version "0.0.3"
    resolved "http://172.16.0.199:8081/repository/npm-hosted/@types/use-sync-external-store/-/use-sync-external-store-0.0.3.tgz#b6725d5f4af24ace33b36fafd295136e75509f43"
    integrity sha1-tnJdX0rySs4zs2+v0pUTbnVQn0M=
  
  "@types/ws@^8.5.1":
    version "8.5.9"
    resolved "http://172.16.0.199:8081/repository/npm-hosted/@types/ws/-/ws-8.5.9.tgz#384c489f99c83225a53f01ebc3eddf3b8e202a8c"
    integrity sha1-OExIn5nIMiWlPwHrw+3fO44gKow=
    dependencies:
      "@types/node" "*"
  
  "@types/yargs-parser@*":
    version "21.0.3"
    resolved "http://172.16.0.199:8081/repository/npm-hosted/@types/yargs-parser/-/yargs-parser-21.0.3.tgz#815e30b786d2e8f0dcd85fd5bcf5e1a04d008f15"
    integrity sha1-gV4wt4bS6PDc2F/VvPXhoE0AjxU=
  
  "@types/yargs@^16.0.0":
    version "16.0.8"
    resolved "http://172.16.0.199:8081/repository/npm-hosted/@types/yargs/-/yargs-16.0.8.tgz#0d57a5a491d85ae75d372a32e657b1779b86c65d"
    integrity sha1-DVelpJHYWuddNyoy5lexd5uGxl0=
    dependencies:
      "@types/yargs-parser" "*"
  
  "@types/yargs@^17.0.8":
    version "17.0.23"
    resolved "http://172.16.0.199:8081/repository/npm-hosted/@types/yargs/-/yargs-17.0.23.tgz#a7db3a2062c95ca1a5e0d5d5ddb6521cbc649e35"
    integrity sha1-p9s6IGLJXKGl4NXV3bZSHLxknjU=
    dependencies:
      "@types/yargs-parser" "*"
  
  "@typescript-eslint/eslint-plugin@^5.2.0":
    version "5.62.0"
    resolved "http://172.16.0.199:8081/repository/npm-hosted/@typescript-eslint/eslint-plugin/-/eslint-plugin-5.62.0.tgz#aeef0328d172b9e37d9bab6dbc13b87ed88977db"
    integrity sha1-ru8DKNFyueN9m6ttvBO4ftiJd9s=
    dependencies:
      "@eslint-community/regexpp" "^4.4.0"
      "@typescript-eslint/scope-manager" "5.62.0"
      "@typescript-eslint/type-utils" "5.62.0"
      "@typescript-eslint/utils" "5.62.0"
      debug "^4.3.4"
      graphemer "^1.4.0"
      ignore "^5.2.0"
      natural-compare-lite "^1.4.0"
      semver "^7.3.7"
      tsutils "^3.21.0"
  
  "@typescript-eslint/parser@^5.2.0":
    version "5.62.0"
    resolved "http://172.16.0.199:8081/repository/npm-hosted/@typescript-eslint/parser/-/parser-5.62.0.tgz#1b63d082d849a2fcae8a569248fbe2ee1b8a56c7"
    integrity sha1-G2PQgthJovyuilaSSPvi7huKVsc=
    dependencies:
      "@typescript-eslint/scope-manager" "5.62.0"
      "@typescript-eslint/types" "5.62.0"
      "@typescript-eslint/typescript-estree" "5.62.0"
      debug "^4.3.4"
  
  "@typescript-eslint/scope-manager@5.62.0":
    version "5.62.0"
    resolved "http://172.16.0.199:8081/repository/npm-hosted/@typescript-eslint/scope-manager/-/scope-manager-5.62.0.tgz#d9457ccc6a0b8d6b37d0eb252a23022478c5460c"
    integrity sha1-2UV8zGoLjWs30OslKiMCJHjFRgw=
    dependencies:
      "@typescript-eslint/types" "5.62.0"
      "@typescript-eslint/visitor-keys" "5.62.0"
  
  "@typescript-eslint/type-utils@5.62.0":
    version "5.62.0"
    resolved "http://172.16.0.199:8081/repository/npm-hosted/@typescript-eslint/type-utils/-/type-utils-5.62.0.tgz#286f0389c41681376cdad96b309cedd17d70346a"
    integrity sha1-KG8DicQWgTds2tlrMJzt0X1wNGo=
    dependencies:
      "@typescript-eslint/typescript-estree" "5.62.0"
      "@typescript-eslint/utils" "5.62.0"
      debug "^4.3.4"
      tsutils "^3.21.0"
  
  "@typescript-eslint/types@5.62.0":
    version "5.62.0"
    resolved "http://172.16.0.199:8081/repository/npm-hosted/@typescript-eslint/types/-/types-5.62.0.tgz#258607e60effa309f067608931c3df6fed41fd2f"
    integrity sha1-JYYH5g7/ownwZ2CJMcPfb+1B/S8=
  
  "@typescript-eslint/typescript-estree@5.62.0":
    version "5.62.0"
    resolved "http://172.16.0.199:8081/repository/npm-hosted/@typescript-eslint/typescript-estree/-/typescript-estree-5.62.0.tgz#7d17794b77fabcac615d6a48fb143330d962eb9b"
    integrity sha1-fRd5S3f6vKxhXWpI+xQzMNli65s=
    dependencies:
      "@typescript-eslint/types" "5.62.0"
      "@typescript-eslint/visitor-keys" "5.62.0"
      debug "^4.3.4"
      globby "^11.1.0"
      is-glob "^4.0.3"
      semver "^7.3.7"
      tsutils "^3.21.0"
  
  "@typescript-eslint/utils@5.62.0":
    version "5.62.0"
    resolved "http://172.16.0.199:8081/repository/npm-hosted/@typescript-eslint/utils/-/utils-5.62.0.tgz#141e809c71636e4a75daa39faed2fb5f4b10df86"
    integrity sha1-FB6AnHFjbkp12qOfrtL7X0sQ34Y=
    dependencies:
      "@eslint-community/eslint-utils" "^4.2.0"
      "@types/json-schema" "^7.0.9"
      "@types/semver" "^7.3.12"
      "@typescript-eslint/scope-manager" "5.62.0"
      "@typescript-eslint/types" "5.62.0"
      "@typescript-eslint/typescript-estree" "5.62.0"
      eslint-scope "^5.1.1"
      semver "^7.3.7"
  
  "@typescript-eslint/visitor-keys@5.62.0":
    version "5.62.0"
    resolved "http://172.16.0.199:8081/repository/npm-hosted/@typescript-eslint/visitor-keys/-/visitor-keys-5.62.0.tgz#2174011917ce582875954ffe2f6912d5931e353e"
    integrity sha1-IXQBGRfOWCh1lU/+L2kS1ZMeNT4=
    dependencies:
      "@typescript-eslint/types" "5.62.0"
      eslint-visitor-keys "^3.3.0"
  
  "@vue/babel-helper-vue-jsx-merge-props@^1.2.1", "@vue/babel-helper-vue-jsx-merge-props@^1.4.0":
    version "1.4.0"
    resolved "http://172.16.0.199:8081/repository/npm-hosted/@vue/babel-helper-vue-jsx-merge-props/-/babel-helper-vue-jsx-merge-props-1.4.0.tgz#8d53a1e21347db8edbe54d339902583176de09f2"
    integrity sha1-jVOh4hNH247b5U0zmQJYMXbeCfI=
  
  "@vue/babel-helper-vue-transform-on@^1.0.2":
    version "1.1.5"
    resolved "http://172.16.0.199:8081/repository/npm-hosted/@vue/babel-helper-vue-transform-on/-/babel-helper-vue-transform-on-1.1.5.tgz#a976486b21e108e545524fe41ffe3fc9bbc28c7f"
    integrity sha1-qXZIayHhCOVFUk/kH/4/ybvCjH8=
  
  "@vue/babel-plugin-jsx@~1.1.1":
    version "1.1.1"
    resolved "http://172.16.0.199:8081/repository/npm-hosted/@vue/babel-plugin-jsx/-/babel-plugin-jsx-1.1.1.tgz#0c5bac27880d23f89894cd036a37b55ef61ddfc1"
    integrity sha1-DFusJ4gNI/iYlM0Daje1XvYd38E=
    dependencies:
      "@babel/helper-module-imports" "^7.0.0"
      "@babel/plugin-syntax-jsx" "^7.0.0"
      "@babel/template" "^7.0.0"
      "@babel/traverse" "^7.0.0"
      "@babel/types" "^7.0.0"
      "@vue/babel-helper-vue-transform-on" "^1.0.2"
      camelcase "^6.0.0"
      html-tags "^3.1.0"
      svg-tags "^1.0.0"
  
  "@vue/babel-plugin-transform-vue-jsx@^1.2.1", "@vue/babel-plugin-transform-vue-jsx@^1.4.0":
    version "1.4.0"
    resolved "http://172.16.0.199:8081/repository/npm-hosted/@vue/babel-plugin-transform-vue-jsx/-/babel-plugin-transform-vue-jsx-1.4.0.tgz#4d4b3d46a39ea62b7467dd6e26ce47f7ceafb2fe"
    integrity sha1-TUs9RqOepit0Z91uJs5H986vsv4=
    dependencies:
      "@babel/helper-module-imports" "^7.0.0"
      "@babel/plugin-syntax-jsx" "^7.2.0"
      "@vue/babel-helper-vue-jsx-merge-props" "^1.4.0"
      html-tags "^2.0.0"
      lodash.kebabcase "^4.1.1"
      svg-tags "^1.0.0"
  
  "@vue/babel-preset-jsx@~1.2.4":
    version "1.2.4"
    resolved "http://172.16.0.199:8081/repository/npm-hosted/@vue/babel-preset-jsx/-/babel-preset-jsx-1.2.4.tgz#92fea79db6f13b01e80d3a0099e2924bdcbe4e87"
    integrity sha1-kv6nnbbxOwHoDToAmeKSS9y+Toc=
    dependencies:
      "@vue/babel-helper-vue-jsx-merge-props" "^1.2.1"
      "@vue/babel-plugin-transform-vue-jsx" "^1.2.1"
      "@vue/babel-sugar-composition-api-inject-h" "^1.2.1"
      "@vue/babel-sugar-composition-api-render-instance" "^1.2.4"
      "@vue/babel-sugar-functional-vue" "^1.2.2"
      "@vue/babel-sugar-inject-h" "^1.2.2"
      "@vue/babel-sugar-v-model" "^1.2.3"
      "@vue/babel-sugar-v-on" "^1.2.3"
  
  "@vue/babel-sugar-composition-api-inject-h@^1.2.1":
    version "1.4.0"
    resolved "http://172.16.0.199:8081/repository/npm-hosted/@vue/babel-sugar-composition-api-inject-h/-/babel-sugar-composition-api-inject-h-1.4.0.tgz#187e1389f8871d89ece743bb50aed713be9d6c85"
    integrity sha1-GH4TifiHHYns50O7UK7XE76dbIU=
    dependencies:
      "@babel/plugin-syntax-jsx" "^7.2.0"
  
  "@vue/babel-sugar-composition-api-render-instance@^1.2.4":
    version "1.4.0"
    resolved "http://172.16.0.199:8081/repository/npm-hosted/@vue/babel-sugar-composition-api-render-instance/-/babel-sugar-composition-api-render-instance-1.4.0.tgz#2c1607ae6dffdab47e785bc01fa45ba756e992c1"
    integrity sha1-LBYHrm3/2rR+eFvAH6Rbp1bpksE=
    dependencies:
      "@babel/plugin-syntax-jsx" "^7.2.0"
  
  "@vue/babel-sugar-functional-vue@^1.2.2":
    version "1.4.0"
    resolved "http://172.16.0.199:8081/repository/npm-hosted/@vue/babel-sugar-functional-vue/-/babel-sugar-functional-vue-1.4.0.tgz#60da31068567082287c7337c66ef4df04e0a1029"
    integrity sha1-YNoxBoVnCCKHxzN8Zu9N8E4KECk=
    dependencies:
      "@babel/plugin-syntax-jsx" "^7.2.0"
  
  "@vue/babel-sugar-inject-h@^1.2.2":
    version "1.4.0"
    resolved "http://172.16.0.199:8081/repository/npm-hosted/@vue/babel-sugar-inject-h/-/babel-sugar-inject-h-1.4.0.tgz#bf39aa6631fb1d0399b1c49b4c59e1c8899b4363"
    integrity sha1-vzmqZjH7HQOZscSbTFnhyImbQ2M=
    dependencies:
      "@babel/plugin-syntax-jsx" "^7.2.0"
  
  "@vue/babel-sugar-v-model@^1.2.3":
    version "1.4.0"
    resolved "http://172.16.0.199:8081/repository/npm-hosted/@vue/babel-sugar-v-model/-/babel-sugar-v-model-1.4.0.tgz#a51d986609f430c4f70ada3a93cc560a2970f720"
    integrity sha1-pR2YZgn0MMT3Cto6k8xWCilw9yA=
    dependencies:
      "@babel/plugin-syntax-jsx" "^7.2.0"
      "@vue/babel-helper-vue-jsx-merge-props" "^1.4.0"
      "@vue/babel-plugin-transform-vue-jsx" "^1.4.0"
      camelcase "^5.0.0"
      html-tags "^2.0.0"
      svg-tags "^1.0.0"
  
  "@vue/babel-sugar-v-on@^1.2.3":
    version "1.4.0"
    resolved "http://172.16.0.199:8081/repository/npm-hosted/@vue/babel-sugar-v-on/-/babel-sugar-v-on-1.4.0.tgz#43b7106a9672d8cbeefc0eb8afe1d376edc6166e"
    integrity sha1-Q7cQapZy2Mvu/A64r+HTdu3GFm4=
    dependencies:
      "@babel/plugin-syntax-jsx" "^7.2.0"
      "@vue/babel-plugin-transform-vue-jsx" "^1.4.0"
      camelcase "^5.0.0"
  
  "@webassemblyjs/ast@1.11.1":
    version "1.11.1"
    resolved "http://172.16.0.199:8081/repository/npm-hosted/@webassemblyjs/ast/-/ast-1.11.1.tgz#2bfd767eae1a6996f432ff7e8d7fc75679c0b6a7"
    integrity sha1-K/12fq4aaZb0Mv9+jX/HVnnAtqc=
    dependencies:
      "@webassemblyjs/helper-numbers" "1.11.1"
      "@webassemblyjs/helper-wasm-bytecode" "1.11.1"
  
  "@webassemblyjs/floating-point-hex-parser@1.11.1":
    version "1.11.1"
    resolved "http://172.16.0.199:8081/repository/npm-hosted/@webassemblyjs/floating-point-hex-parser/-/floating-point-hex-parser-1.11.1.tgz#f6c61a705f0fd7a6aecaa4e8198f23d9dc179e4f"
    integrity sha1-9sYacF8P16auyqToGY8j2dwXnk8=
  
  "@webassemblyjs/helper-api-error@1.11.1":
    version "1.11.1"
    resolved "http://172.16.0.199:8081/repository/npm-hosted/@webassemblyjs/helper-api-error/-/helper-api-error-1.11.1.tgz#1a63192d8788e5c012800ba6a7a46c705288fd16"
    integrity sha1-GmMZLYeI5cASgAump6RscFKI/RY=
  
  "@webassemblyjs/helper-buffer@1.11.1":
    version "1.11.1"
    resolved "http://172.16.0.199:8081/repository/npm-hosted/@webassemblyjs/helper-buffer/-/helper-buffer-1.11.1.tgz#832a900eb444884cde9a7cad467f81500f5e5ab5"
    integrity sha1-gyqQDrREiEzemnytRn+BUA9eWrU=
  
  "@webassemblyjs/helper-numbers@1.11.1":
    version "1.11.1"
    resolved "http://172.16.0.199:8081/repository/npm-hosted/@webassemblyjs/helper-numbers/-/helper-numbers-1.11.1.tgz#64d81da219fbbba1e3bd1bfc74f6e8c4e10a62ae"
    integrity sha1-ZNgdohn7u6HjvRv8dPboxOEKYq4=
    dependencies:
      "@webassemblyjs/floating-point-hex-parser" "1.11.1"
      "@webassemblyjs/helper-api-error" "1.11.1"
      "@xtuc/long" "4.2.2"
  
  "@webassemblyjs/helper-wasm-bytecode@1.11.1":
    version "1.11.1"
    resolved "http://172.16.0.199:8081/repository/npm-hosted/@webassemblyjs/helper-wasm-bytecode/-/helper-wasm-bytecode-1.11.1.tgz#f328241e41e7b199d0b20c18e88429c4433295e1"
    integrity sha1-8ygkHkHnsZnQsgwY6IQpxEMyleE=
  
  "@webassemblyjs/helper-wasm-section@1.11.1":
    version "1.11.1"
    resolved "http://172.16.0.199:8081/repository/npm-hosted/@webassemblyjs/helper-wasm-section/-/helper-wasm-section-1.11.1.tgz#21ee065a7b635f319e738f0dd73bfbda281c097a"
    integrity sha1-Ie4GWntjXzGec48N1zv72igcCXo=
    dependencies:
      "@webassemblyjs/ast" "1.11.1"
      "@webassemblyjs/helper-buffer" "1.11.1"
      "@webassemblyjs/helper-wasm-bytecode" "1.11.1"
      "@webassemblyjs/wasm-gen" "1.11.1"
  
  "@webassemblyjs/ieee754@1.11.1":
    version "1.11.1"
    resolved "http://172.16.0.199:8081/repository/npm-hosted/@webassemblyjs/ieee754/-/ieee754-1.11.1.tgz#963929e9bbd05709e7e12243a099180812992614"
    integrity sha1-ljkp6bvQVwnn4SJDoJkYCBKZJhQ=
    dependencies:
      "@xtuc/ieee754" "^1.2.0"
  
  "@webassemblyjs/leb128@1.11.1":
    version "1.11.1"
    resolved "http://172.16.0.199:8081/repository/npm-hosted/@webassemblyjs/leb128/-/leb128-1.11.1.tgz#ce814b45574e93d76bae1fb2644ab9cdd9527aa5"
    integrity sha1-zoFLRVdOk9drrh+yZEq5zdlSeqU=
    dependencies:
      "@xtuc/long" "4.2.2"
  
  "@webassemblyjs/utf8@1.11.1":
    version "1.11.1"
    resolved "http://172.16.0.199:8081/repository/npm-hosted/@webassemblyjs/utf8/-/utf8-1.11.1.tgz#d1f8b764369e7c6e6bae350e854dec9a59f0a3ff"
    integrity sha1-0fi3ZDaefG5rrjUOhU3smlnwo/8=
  
  "@webassemblyjs/wasm-edit@1.11.1":
    version "1.11.1"
    resolved "http://172.16.0.199:8081/repository/npm-hosted/@webassemblyjs/wasm-edit/-/wasm-edit-1.11.1.tgz#ad206ebf4bf95a058ce9880a8c092c5dec8193d6"
    integrity sha1-rSBuv0v5WgWM6YgKjAksXeyBk9Y=
    dependencies:
      "@webassemblyjs/ast" "1.11.1"
      "@webassemblyjs/helper-buffer" "1.11.1"
      "@webassemblyjs/helper-wasm-bytecode" "1.11.1"
      "@webassemblyjs/helper-wasm-section" "1.11.1"
      "@webassemblyjs/wasm-gen" "1.11.1"
      "@webassemblyjs/wasm-opt" "1.11.1"
      "@webassemblyjs/wasm-parser" "1.11.1"
      "@webassemblyjs/wast-printer" "1.11.1"
  
  "@webassemblyjs/wasm-gen@1.11.1":
    version "1.11.1"
    resolved "http://172.16.0.199:8081/repository/npm-hosted/@webassemblyjs/wasm-gen/-/wasm-gen-1.11.1.tgz#86c5ea304849759b7d88c47a32f4f039ae3c8f76"
    integrity sha1-hsXqMEhJdZt9iMR6MvTwOa48j3Y=
    dependencies:
      "@webassemblyjs/ast" "1.11.1"
      "@webassemblyjs/helper-wasm-bytecode" "1.11.1"
      "@webassemblyjs/ieee754" "1.11.1"
      "@webassemblyjs/leb128" "1.11.1"
      "@webassemblyjs/utf8" "1.11.1"
  
  "@webassemblyjs/wasm-opt@1.11.1":
    version "1.11.1"
    resolved "http://172.16.0.199:8081/repository/npm-hosted/@webassemblyjs/wasm-opt/-/wasm-opt-1.11.1.tgz#657b4c2202f4cf3b345f8a4c6461c8c2418985f2"
    integrity sha1-ZXtMIgL0zzs0X4pMZGHIwkGJhfI=
    dependencies:
      "@webassemblyjs/ast" "1.11.1"
      "@webassemblyjs/helper-buffer" "1.11.1"
      "@webassemblyjs/wasm-gen" "1.11.1"
      "@webassemblyjs/wasm-parser" "1.11.1"
  
  "@webassemblyjs/wasm-parser@1.11.1":
    version "1.11.1"
    resolved "http://172.16.0.199:8081/repository/npm-hosted/@webassemblyjs/wasm-parser/-/wasm-parser-1.11.1.tgz#86ca734534f417e9bd3c67c7a1c75d8be41fb199"
    integrity sha1-hspzRTT0F+m9PGfHocddi+QfsZk=
    dependencies:
      "@webassemblyjs/ast" "1.11.1"
      "@webassemblyjs/helper-api-error" "1.11.1"
      "@webassemblyjs/helper-wasm-bytecode" "1.11.1"
      "@webassemblyjs/ieee754" "1.11.1"
      "@webassemblyjs/leb128" "1.11.1"
      "@webassemblyjs/utf8" "1.11.1"
  
  "@webassemblyjs/wast-printer@1.11.1":
    version "1.11.1"
    resolved "http://172.16.0.199:8081/repository/npm-hosted/@webassemblyjs/wast-printer/-/wast-printer-1.11.1.tgz#d0c73beda8eec5426f10ae8ef55cee5e7084c2f0"
    integrity sha1-0Mc77ajuxUJvEK6O9VzuXnCEwvA=
    dependencies:
      "@webassemblyjs/ast" "1.11.1"
      "@xtuc/long" "4.2.2"
  
  "@xtuc/ieee754@^1.2.0":
    version "1.2.0"
    resolved "http://172.16.0.199:8081/repository/npm-hosted/@xtuc/ieee754/-/ieee754-1.2.0.tgz#eef014a3145ae477a1cbc00cd1e552336dceb790"
    integrity sha1-7vAUoxRa5Hehy8AM0eVSM23Ot5A=
  
  "@xtuc/long@4.2.2":
    version "4.2.2"
    resolved "http://172.16.0.199:8081/repository/npm-hosted/@xtuc/long/-/long-4.2.2.tgz#d291c6a4e97989b5c61d9acf396ae4fe133a718d"
    integrity sha1-0pHGpOl5ibXGHZrPOWrk/hM6cY0=
  
  JSONStream@^1.0.4:
    version "1.3.5"
    resolved "http://172.16.0.199:8081/repository/npm-hosted/JSONStream/-/JSONStream-1.3.5.tgz#3208c1f08d3a4d99261ab64f92302bc15e111ca0"
    integrity sha1-MgjB8I06TZkmGrZPkjArwV4RHKA=
    dependencies:
      jsonparse "^1.2.0"
      through ">=2.2.7 <3"
  
  abab@^2.0.3, abab@^2.0.5:
    version "2.0.6"
    resolved "http://172.16.0.199:8081/repository/npm-hosted/abab/-/abab-2.0.6.tgz#41b80f2c871d19686216b82309231cfd3cb3d291"
    integrity sha1-QbgPLIcdGWhiFrgjCSMc/Tyz0pE=
  
  abbrev@1:
    version "1.1.1"
    resolved "http://172.16.0.199:8081/repository/npm-hosted/abbrev/-/abbrev-1.1.1.tgz#f8f2c887ad10bf67f634f005b6987fed3179aac8"
    integrity sha1-+PLIh60Qv2f2NPAFtph/7TF5qsg=
  
  accepts@~1.3.4, accepts@~1.3.5, accepts@~1.3.8:
    version "1.3.8"
    resolved "http://172.16.0.199:8081/repository/npm-hosted/accepts/-/accepts-1.3.8.tgz#0bf0be125b67014adcb0b0921e62db7bffe16b2e"
    integrity sha1-C/C+EltnAUrcsLCSHmLbe//hay4=
    dependencies:
      mime-types "~2.1.34"
      negotiator "0.6.3"
  
  acorn-globals@^6.0.0:
    version "6.0.0"
    resolved "http://172.16.0.199:8081/repository/npm-hosted/acorn-globals/-/acorn-globals-6.0.0.tgz#46cdd39f0f8ff08a876619b55f5ac8a6dc770b45"
    integrity sha1-Rs3Tnw+P8IqHZhm1X1rIptx3C0U=
    dependencies:
      acorn "^7.1.1"
      acorn-walk "^7.1.1"
  
  acorn-import-assertions@^1.7.6:
    version "1.8.0"
    resolved "http://172.16.0.199:8081/repository/npm-hosted/acorn-import-assertions/-/acorn-import-assertions-1.8.0.tgz#ba2b5939ce62c238db6d93d81c9b111b29b855e9"
    integrity sha1-uitZOc5iwjjbbZPYHJsRGym4Vek=
  
  acorn-jsx@^5.3.2:
    version "5.3.2"
    resolved "http://172.16.0.199:8081/repository/npm-hosted/acorn-jsx/-/acorn-jsx-5.3.2.tgz#7ed5bb55908b3b2f1bc55c6af1653bada7f07937"
    integrity sha1-ftW7VZCLOy8bxVxq8WU7rafweTc=
  
  acorn-walk@^7.1.1:
    version "7.2.0"
    resolved "http://172.16.0.199:8081/repository/npm-hosted/acorn-walk/-/acorn-walk-7.2.0.tgz#0de889a601203909b0fbe07b8938dc21d2e967bc"
    integrity sha1-DeiJpgEgOQmw++B7iTjcIdLpZ7w=
  
  acorn-walk@^8.0.0, acorn-walk@^8.1.1:
    version "8.3.0"
    resolved "http://172.16.0.199:8081/repository/npm-hosted/acorn-walk/-/acorn-walk-8.3.0.tgz#2097665af50fd0cf7a2dfccd2b9368964e66540f"
    integrity sha1-IJdmWvUP0M96LfzNK5Nolk5mVA8=
  
  acorn@^7.1.1:
    version "7.4.1"
    resolved "http://172.16.0.199:8081/repository/npm-hosted/acorn/-/acorn-7.4.1.tgz#feaed255973d2e77555b83dbc08851a6c63520fa"
    integrity sha1-/q7SVZc9LndVW4PbwIhRpsY1IPo=
  
  acorn@^8.0.4, acorn@^8.2.4, acorn@^8.4.1, acorn@^8.7.1, acorn@^8.8.2, acorn@^8.9.0:
    version "8.11.2"
    resolved "http://172.16.0.199:8081/repository/npm-hosted/acorn/-/acorn-8.11.2.tgz#ca0d78b51895be5390a5903c5b3bdcdaf78ae40b"
    integrity sha1-yg14tRiVvlOQpZA8Wzvc2veK5As=
  
  add-stream@^1.0.0:
    version "1.0.0"
    resolved "http://172.16.0.199:8081/repository/npm-hosted/add-stream/-/add-stream-1.0.0.tgz#6a7990437ca736d5e1288db92bd3266d5f5cb2aa"
    integrity sha1-anmQQ3ynNtXhKI25K9MmbV9csqo=
  
  agent-base@6, agent-base@^6.0.2:
    version "6.0.2"
    resolved "http://172.16.0.199:8081/repository/npm-hosted/agent-base/-/agent-base-6.0.2.tgz#49fff58577cfee3f37176feab4c22e00f86d7f77"
    integrity sha1-Sf/1hXfP7j83F2/qtMIuAPhtf3c=
    dependencies:
      debug "4"
  
  agentkeepalive@^4.1.3:
    version "4.5.0"
    resolved "http://172.16.0.199:8081/repository/npm-hosted/agentkeepalive/-/agentkeepalive-4.5.0.tgz#2673ad1389b3c418c5a20c5d7364f93ca04be923"
    integrity sha1-JnOtE4mzxBjFogxdc2T5PKBL6SM=
    dependencies:
      humanize-ms "^1.2.1"
  
  aggregate-error@^3.0.0:
    version "3.1.0"
    resolved "http://172.16.0.199:8081/repository/npm-hosted/aggregate-error/-/aggregate-error-3.1.0.tgz#92670ff50f5359bdb7a3e0d40d0ec30c5737687a"
    integrity sha1-kmcP9Q9TWb23o+DUDQ7DDFc3aHo=
    dependencies:
      clean-stack "^2.0.0"
      indent-string "^4.0.0"
  
  ajv-formats@^2.1.1:
    version "2.1.1"
    resolved "http://172.16.0.199:8081/repository/npm-hosted/ajv-formats/-/ajv-formats-2.1.1.tgz#6e669400659eb74973bbf2e33327180a0996b520"
    integrity sha1-bmaUAGWet0lzu/LjMycYCgmWtSA=
    dependencies:
      ajv "^8.0.0"
  
  ajv-keywords@^3.5.2:
    version "3.5.2"
    resolved "http://172.16.0.199:8081/repository/npm-hosted/ajv-keywords/-/ajv-keywords-3.5.2.tgz#31f29da5ab6e00d1c2d329acf7b5929614d5014d"
    integrity sha1-MfKdpatuANHC0yms97WSlhTVAU0=
  
  ajv-keywords@^5.1.0:
    version "5.1.0"
    resolved "http://172.16.0.199:8081/repository/npm-hosted/ajv-keywords/-/ajv-keywords-5.1.0.tgz#69d4d385a4733cdbeab44964a1170a88f87f0e16"
    integrity sha1-adTThaRzPNvqtElkoRcKiPh/DhY=
    dependencies:
      fast-deep-equal "^3.1.3"
  
  ajv@^6.10.0, ajv@^6.12.3, ajv@^6.12.4, ajv@^6.12.5, ajv@~6.12.6:
    version "6.12.6"
    resolved "http://172.16.0.199:8081/repository/npm-hosted/ajv/-/ajv-6.12.6.tgz#baf5a62e802b07d977034586f8c3baf5adf26df4"
    integrity sha1-uvWmLoArB9l3A0WG+MO69a3ybfQ=
    dependencies:
      fast-deep-equal "^3.1.1"
      fast-json-stable-stringify "^2.0.0"
      json-schema-traverse "^0.4.1"
      uri-js "^4.2.2"
  
  ajv@^8.0.0, ajv@^8.0.1, ajv@^8.9.0:
    version "8.12.0"
    resolved "http://172.16.0.199:8081/repository/npm-hosted/ajv/-/ajv-8.12.0.tgz#d1a0527323e22f53562c567c00991577dfbe19d1"
    integrity sha1-0aBScyPiL1NWLFZ8AJkVd9++GdE=
    dependencies:
      fast-deep-equal "^3.1.1"
      json-schema-traverse "^1.0.0"
      require-from-string "^2.0.2"
      uri-js "^4.2.2"
  
  ansi-colors@^4.1.1:
    version "4.1.3"
    resolved "http://172.16.0.199:8081/repository/npm-hosted/ansi-colors/-/ansi-colors-4.1.3.tgz#37611340eb2243e70cc604cad35d63270d48781b"
    integrity sha1-N2ETQOsiQ+cMxgTK011jJw1IeBs=
  
  ansi-escapes@^4.2.1, ansi-escapes@^4.3.0:
    version "4.3.2"
    resolved "http://172.16.0.199:8081/repository/npm-hosted/ansi-escapes/-/ansi-escapes-4.3.2.tgz#6b2291d1db7d98b6521d5f1efa42d0f3a9feb65e"
    integrity sha1-ayKR0dt9mLZSHV8e+kLQ86n+tl4=
    dependencies:
      type-fest "^0.21.3"
  
  ansi-html-community@^0.0.8:
    version "0.0.8"
    resolved "http://172.16.0.199:8081/repository/npm-hosted/ansi-html-community/-/ansi-html-community-0.0.8.tgz#69fbc4d6ccbe383f9736934ae34c3f8290f1bf41"
    integrity sha1-afvE1sy+OD+XNpNK40w/gpDxv0E=
  
  ansi-regex@^2.0.0:
    version "2.1.1"
    resolved "http://172.16.0.199:8081/repository/npm-hosted/ansi-regex/-/ansi-regex-2.1.1.tgz#c3b33ab5ee360d86e0e628f0468ae7ef27d654df"
    integrity sha1-w7M6te42DYbg5ijwRorn7yfWVN8=
  
  ansi-regex@^5.0.1:
    version "5.0.1"
    resolved "http://172.16.0.199:8081/repository/npm-hosted/ansi-regex/-/ansi-regex-5.0.1.tgz#082cb2c89c9fe8659a311a53bd6a4dc5301db304"
    integrity sha1-CCyyyJyf6GWaMRpTvWpNxTAdswQ=
  
  ansi-styles@^3.2.1:
    version "3.2.1"
    resolved "http://172.16.0.199:8081/repository/npm-hosted/ansi-styles/-/ansi-styles-3.2.1.tgz#41fbb20243e50b12be0f04b8dedbf07520ce841d"
    integrity sha1-QfuyAkPlCxK+DwS43tvwdSDOhB0=
    dependencies:
      color-convert "^1.9.0"
  
  ansi-styles@^4.0.0, ansi-styles@^4.1.0:
    version "4.3.0"
    resolved "http://172.16.0.199:8081/repository/npm-hosted/ansi-styles/-/ansi-styles-4.3.0.tgz#edd803628ae71c04c85ae7a0906edad34b648937"
    integrity sha1-7dgDYornHATIWuegkG7a00tkiTc=
    dependencies:
      color-convert "^2.0.1"
  
  ansi-styles@^5.0.0:
    version "5.2.0"
    resolved "http://172.16.0.199:8081/repository/npm-hosted/ansi-styles/-/ansi-styles-5.2.0.tgz#07449690ad45777d1924ac2abb2fc8895dba836b"
    integrity sha1-B0SWkK1Fd30ZJKwquy/IiV26g2s=
  
  antd@^5.0.0:
    version "5.11.1"
    resolved "http://172.16.0.199:8081/repository/npm-hosted/antd/-/antd-5.11.1.tgz#69bc1a7f52536ec5eec0afe88ec3aacd274c5faf"
    integrity sha1-abwaf1JTbsXuwK/ojsOqzSdMX68=
    dependencies:
      "@ant-design/colors" "^7.0.0"
      "@ant-design/cssinjs" "^1.17.2"
      "@ant-design/icons" "^5.2.6"
      "@ant-design/react-slick" "~1.0.2"
      "@babel/runtime" "^7.18.3"
      "@ctrl/tinycolor" "^3.6.1"
      "@rc-component/color-picker" "~1.4.1"
      "@rc-component/mutate-observer" "^1.1.0"
      "@rc-component/tour" "~1.10.0"
      "@rc-component/trigger" "^1.18.1"
      classnames "^2.3.2"
      copy-to-clipboard "^3.3.3"
      dayjs "^1.11.1"
      qrcode.react "^3.1.0"
      rc-cascader "~3.20.0"
      rc-checkbox "~3.1.0"
      rc-collapse "~3.7.1"
      rc-dialog "~9.3.4"
      rc-drawer "~6.5.2"
      rc-dropdown "~4.1.0"
      rc-field-form "~1.40.0"
      rc-image "~7.3.2"
      rc-input "~1.3.5"
      rc-input-number "~8.4.0"
      rc-mentions "~2.9.1"
      rc-menu "~9.12.2"
      rc-motion "^2.9.0"
      rc-notification "~5.3.0"
      rc-pagination "~3.7.0"
      rc-picker "~3.14.6"
      rc-progress "~3.5.1"
      rc-rate "~2.12.0"
      rc-resize-observer "^1.4.0"
      rc-segmented "~2.2.2"
      rc-select "~14.10.0"
      rc-slider "~10.4.0"
      rc-steps "~6.0.1"
      rc-switch "~4.1.0"
      rc-table "~7.35.2"
      rc-tabs "~12.13.1"
      rc-textarea "~1.5.2"
      rc-tooltip "~6.1.2"
      rc-tree "~5.8.2"
      rc-tree-select "~5.15.0"
      rc-upload "~4.3.5"
      rc-util "^5.38.1"
      scroll-into-view-if-needed "^3.1.0"
      throttle-debounce "^5.0.0"
  
  anymatch@^3.0.3, anymatch@~3.1.2:
    version "3.1.3"
    resolved "http://172.16.0.199:8081/repository/npm-hosted/anymatch/-/anymatch-3.1.3.tgz#790c58b19ba1720a84205b57c618d5ad8524973e"
    integrity sha1-eQxYsZuhcgqEIFtXxhjVrYUklz4=
    dependencies:
      normalize-path "^3.0.0"
      picomatch "^2.0.4"
  
  aproba@^1.0.3:
    version "1.2.0"
    resolved "http://172.16.0.199:8081/repository/npm-hosted/aproba/-/aproba-1.2.0.tgz#6802e6264efd18c790a1b0d517f0f2627bf2c94a"
    integrity sha1-aALmJk79GMeQobDVF/DyYnvyyUo=
  
  aproba@^2.0.0:
    version "2.0.0"
    resolved "http://172.16.0.199:8081/repository/npm-hosted/aproba/-/aproba-2.0.0.tgz#52520b8ae5b569215b354efc0caa3fe1e45a8adc"
    integrity sha1-UlILiuW1aSFbNU78DKo/4eRaitw=
  
  are-we-there-yet@~1.1.2:
    version "1.1.7"
    resolved "http://172.16.0.199:8081/repository/npm-hosted/are-we-there-yet/-/are-we-there-yet-1.1.7.tgz#b15474a932adab4ff8a50d9adfa7e4e926f21146"
    integrity sha1-sVR0qTKtq0/4pQ2a36fk6SbyEUY=
    dependencies:
      delegates "^1.0.0"
      readable-stream "^2.0.6"
  
  arg@^4.1.0:
    version "4.1.3"
    resolved "http://172.16.0.199:8081/repository/npm-hosted/arg/-/arg-4.1.3.tgz#269fc7ad5b8e42cb63c896d5666017261c144089"
    integrity sha1-Jp/HrVuOQstjyJbVZmAXJhwUQIk=
  
  argparse@^1.0.7:
    version "1.0.10"
    resolved "http://172.16.0.199:8081/repository/npm-hosted/argparse/-/argparse-1.0.10.tgz#bcd6791ea5ae09725e17e5ad988134cd40b3d911"
    integrity sha1-vNZ5HqWuCXJeF+WtmIE0zUCz2RE=
    dependencies:
      sprintf-js "~1.0.2"
  
  argparse@^2.0.1:
    version "2.0.1"
    resolved "http://172.16.0.199:8081/repository/npm-hosted/argparse/-/argparse-2.0.1.tgz#246f50f3ca78a3240f6c997e8a9bd1eac49e4b38"
    integrity sha1-JG9Q88p4oyQPbJl+ipvR6sSeSzg=
  
  array-buffer-byte-length@^1.0.0:
    version "1.0.0"
    resolved "http://172.16.0.199:8081/repository/npm-hosted/array-buffer-byte-length/-/array-buffer-byte-length-1.0.0.tgz#fabe8bc193fea865f317fe7807085ee0dee5aead"
    integrity sha1-+r6LwZP+qGXzF/54Bwhe4N7lrq0=
    dependencies:
      call-bind "^1.0.2"
      is-array-buffer "^3.0.1"
  
  array-differ@^3.0.0:
    version "3.0.0"
    resolved "http://172.16.0.199:8081/repository/npm-hosted/array-differ/-/array-differ-3.0.0.tgz#3cbb3d0f316810eafcc47624734237d6aee4ae6b"
    integrity sha1-PLs9DzFoEOr8xHYkc0I31q7krms=
  
  array-flatten@1.1.1:
    version "1.1.1"
    resolved "http://172.16.0.199:8081/repository/npm-hosted/array-flatten/-/array-flatten-1.1.1.tgz#9a5f699051b1e7073328f2a008968b64ea2955d2"
    integrity sha1-ml9pkFGx5wczKPKgCJaLZOopVdI=
  
  array-flatten@^2.1.2:
    version "2.1.2"
    resolved "http://172.16.0.199:8081/repository/npm-hosted/array-flatten/-/array-flatten-2.1.2.tgz#24ef80a28c1a893617e2149b0c6d0d788293b099"
    integrity sha1-JO+AoowaiTYX4hSbDG0NeIKTsJk=
  
  array-ify@^1.0.0:
    version "1.0.0"
    resolved "http://172.16.0.199:8081/repository/npm-hosted/array-ify/-/array-ify-1.0.0.tgz#9e528762b4a9066ad163a6962a364418e9626ece"
    integrity sha1-nlKHYrSpBmrRY6aWKjZEGOlibs4=
  
  array-includes@^3.1.6:
    version "3.1.6"
    resolved "http://172.16.0.199:8081/repository/npm-hosted/array-includes/-/array-includes-3.1.6.tgz#9e9e720e194f198266ba9e18c29e6a9b0e4b225f"
    integrity sha1-np5yDhlPGYJmup4Ywp5qmw5LIl8=
    dependencies:
      call-bind "^1.0.2"
      define-properties "^1.1.4"
      es-abstract "^1.20.4"
      get-intrinsic "^1.1.3"
      is-string "^1.0.7"
  
  array-tree-filter@^2.1.0:
    version "2.1.0"
    resolved "http://172.16.0.199:8081/repository/npm-hosted/array-tree-filter/-/array-tree-filter-2.1.0.tgz#873ac00fec83749f255ac8dd083814b4f6329190"
    integrity sha1-hzrAD+yDdJ8lWsjdCDgUtPYykZA=
  
  array-union@^1.0.1:
    version "1.0.2"
    resolved "http://172.16.0.199:8081/repository/npm-hosted/array-union/-/array-union-1.0.2.tgz#9a34410e4f4e3da23dea375be5be70f24778ec39"
    integrity sha1-mjRBDk9OPaI96jdb5b5w8kd47Dk=
    dependencies:
      array-uniq "^1.0.1"
  
  array-union@^2.1.0:
    version "2.1.0"
    resolved "http://172.16.0.199:8081/repository/npm-hosted/array-union/-/array-union-2.1.0.tgz#b798420adbeb1de828d84acd8a2e23d3efe85e8d"
    integrity sha1-t5hCCtvrHego2ErNii4j0+/oXo0=
  
  array-uniq@^1.0.1:
    version "1.0.3"
    resolved "http://172.16.0.199:8081/repository/npm-hosted/array-uniq/-/array-uniq-1.0.3.tgz#af6ac877a25cc7f74e058894753858dfdb24fdb6"
    integrity sha1-r2rId6Jcx/dOBYiUdThY39sk/bY=
  
  array.prototype.flat@^1.3.1:
    version "1.3.1"
    resolved "http://172.16.0.199:8081/repository/npm-hosted/array.prototype.flat/-/array.prototype.flat-1.3.1.tgz#ffc6576a7ca3efc2f46a143b9d1dda9b4b3cf5e2"
    integrity sha1-/8ZXanyj78L0ahQ7nR3am0s89eI=
    dependencies:
      call-bind "^1.0.2"
      define-properties "^1.1.4"
      es-abstract "^1.20.4"
      es-shim-unscopables "^1.0.0"
  
  array.prototype.flatmap@^1.3.1:
    version "1.3.2"
    resolved "http://172.16.0.199:8081/repository/npm-hosted/array.prototype.flatmap/-/array.prototype.flatmap-1.3.2.tgz#c9a7c6831db8e719d6ce639190146c24bbd3e527"
    integrity sha1-yafGgx245xnWzmORkBRsJLvT5Sc=
    dependencies:
      call-bind "^1.0.2"
      define-properties "^1.2.0"
      es-abstract "^1.22.1"
      es-shim-unscopables "^1.0.0"
  
  array.prototype.reduce@^1.0.5:
    version "1.0.5"
    resolved "http://172.16.0.199:8081/repository/npm-hosted/array.prototype.reduce/-/array.prototype.reduce-1.0.5.tgz#6b20b0daa9d9734dd6bc7ea66b5bbce395471eac"
    integrity sha1-ayCw2qnZc03WvH6ma1u845VHHqw=
    dependencies:
      call-bind "^1.0.2"
      define-properties "^1.1.4"
      es-abstract "^1.20.4"
      es-array-method-boxes-properly "^1.0.0"
      is-string "^1.0.7"
  
  array.prototype.tosorted@^1.1.1:
    version "1.1.1"
    resolved "http://172.16.0.199:8081/repository/npm-hosted/array.prototype.tosorted/-/array.prototype.tosorted-1.1.1.tgz#ccf44738aa2b5ac56578ffda97c03fd3e23dd532"
    integrity sha1-zPRHOKorWsVleP/al8A/0+I91TI=
    dependencies:
      call-bind "^1.0.2"
      define-properties "^1.1.4"
      es-abstract "^1.20.4"
      es-shim-unscopables "^1.0.0"
      get-intrinsic "^1.1.3"
  
  arraybuffer.prototype.slice@^1.0.2:
    version "1.0.2"
    resolved "http://172.16.0.199:8081/repository/npm-hosted/arraybuffer.prototype.slice/-/arraybuffer.prototype.slice-1.0.2.tgz#98bd561953e3e74bb34938e77647179dfe6e9f12"
    integrity sha1-mL1WGVPj50uzSTjndkcXnf5unxI=
    dependencies:
      array-buffer-byte-length "^1.0.0"
      call-bind "^1.0.2"
      define-properties "^1.2.0"
      es-abstract "^1.22.1"
      get-intrinsic "^1.2.1"
      is-array-buffer "^3.0.2"
      is-shared-array-buffer "^1.0.2"
  
  arrify@^1.0.1:
    version "1.0.1"
    resolved "http://172.16.0.199:8081/repository/npm-hosted/arrify/-/arrify-1.0.1.tgz#898508da2226f380df904728456849c1501a4b0d"
    integrity sha1-iYUI2iIm84DfkEcoRWhJwVAaSw0=
  
  arrify@^2.0.1:
    version "2.0.1"
    resolved "http://172.16.0.199:8081/repository/npm-hosted/arrify/-/arrify-2.0.1.tgz#c9655e9331e0abcd588d2a7cad7e9956f66701fa"
    integrity sha1-yWVekzHgq81YjSp8rX6ZVvZnAfo=
  
  asap@^2.0.0:
    version "2.0.6"
    resolved "http://172.16.0.199:8081/repository/npm-hosted/asap/-/asap-2.0.6.tgz#e50347611d7e690943208bbdafebcbc2fb866d46"
    integrity sha1-5QNHYR1+aQlDIIu9r+vLwvuGbUY=
  
  asn1@~0.2.3:
    version "0.2.6"
    resolved "http://172.16.0.199:8081/repository/npm-hosted/asn1/-/asn1-0.2.6.tgz#0d3a7bb6e64e02a90c0303b31f292868ea09a08d"
    integrity sha1-DTp7tuZOAqkMAwOzHykoaOoJoI0=
    dependencies:
      safer-buffer "~2.1.0"
  
  assert-plus@1.0.0, assert-plus@^1.0.0:
    version "1.0.0"
    resolved "http://172.16.0.199:8081/repository/npm-hosted/assert-plus/-/assert-plus-1.0.0.tgz#f12e0f3c5d77b0b1cdd9146942e4e96c1e4dd525"
    integrity sha1-8S4PPF13sLHN2RRpQuTpbB5N1SU=
  
  astral-regex@^2.0.0:
    version "2.0.0"
    resolved "http://172.16.0.199:8081/repository/npm-hosted/astral-regex/-/astral-regex-2.0.0.tgz#483143c567aeed4785759c0865786dc77d7d2e31"
    integrity sha1-SDFDxWeu7UeFdZwIZXhtx319LjE=
  
  async-validator@^4.1.0:
    version "4.2.5"
    resolved "http://172.16.0.199:8081/repository/npm-hosted/async-validator/-/async-validator-4.2.5.tgz#c96ea3332a521699d0afaaceed510a54656c6339"
    integrity sha1-yW6jMypSFpnQr6rO7VEKVGVsYzk=
  
  asynckit@^0.4.0:
    version "0.4.0"
    resolved "http://172.16.0.199:8081/repository/npm-hosted/asynckit/-/asynckit-0.4.0.tgz#c79ed97f7f34cb8f2ba1bc9790bcc366474b4b79"
    integrity sha1-x57Zf380y48robyXkLzDZkdLS3k=
  
  at-least-node@^1.0.0:
    version "1.0.0"
    resolved "http://172.16.0.199:8081/repository/npm-hosted/at-least-node/-/at-least-node-1.0.0.tgz#602cd4b46e844ad4effc92a8011a3c46e0238dc2"
    integrity sha1-YCzUtG6EStTv/JKoARo8RuAjjcI=
  
  autoprefixer@~10.4.0:
    version "10.4.13"
    resolved "http://172.16.0.199:8081/repository/npm-hosted/autoprefixer/-/autoprefixer-10.4.13.tgz#b5136b59930209a321e9fa3dca2e7c4d223e83a8"
    integrity sha1-tRNrWZMCCaMh6fo9yi58TSI+g6g=
    dependencies:
      browserslist "^4.21.4"
      caniuse-lite "^1.0.30001426"
      fraction.js "^4.2.0"
      normalize-range "^0.1.2"
      picocolors "^1.0.0"
      postcss-value-parser "^4.2.0"
  
  available-typed-arrays@^1.0.5:
    version "1.0.5"
    resolved "http://172.16.0.199:8081/repository/npm-hosted/available-typed-arrays/-/available-typed-arrays-1.0.5.tgz#92f95616501069d07d10edb2fc37d3e1c65123b7"
    integrity sha1-kvlWFlAQadB9EO2y/DfT4cZRI7c=
  
  aws-sign2@~0.7.0:
    version "0.7.0"
    resolved "http://172.16.0.199:8081/repository/npm-hosted/aws-sign2/-/aws-sign2-0.7.0.tgz#b46e890934a9591f2d2f6f86d7e6a9f1b3fe76a8"
    integrity sha1-tG6JCTSpWR8tL2+G1+ap8bP+dqg=
  
  aws4@^1.8.0:
    version "1.12.0"
    resolved "http://172.16.0.199:8081/repository/npm-hosted/aws4/-/aws4-1.12.0.tgz#ce1c9d143389679e253b314241ea9aa5cec980d3"
    integrity sha1-zhydFDOJZ54lOzFCQeqapc7JgNM=
  
  axios@^1.3.0:
    version "1.6.1"
    resolved "http://172.16.0.199:8081/repository/npm-hosted/axios/-/axios-1.6.1.tgz#76550d644bf0a2d469a01f9244db6753208397d7"
    integrity sha1-dlUNZEvwotRpoB+SRNtnUyCDl9c=
    dependencies:
      follow-redirects "^1.15.0"
      form-data "^4.0.0"
      proxy-from-env "^1.1.0"
  
  babel-jest@^27.5.1:
    version "27.5.1"
    resolved "http://172.16.0.199:8081/repository/npm-hosted/babel-jest/-/babel-jest-27.5.1.tgz#a1bf8d61928edfefd21da27eb86a695bfd691444"
    integrity sha1-ob+NYZKO3+/SHaJ+uGppW/1pFEQ=
    dependencies:
      "@jest/transform" "^27.5.1"
      "@jest/types" "^27.5.1"
      "@types/babel__core" "^7.1.14"
      babel-plugin-istanbul "^6.1.1"
      babel-preset-jest "^27.5.1"
      chalk "^4.0.0"
      graceful-fs "^4.2.9"
      slash "^3.0.0"
  
  babel-loader@^8.2.3:
    version "8.3.0"
    resolved "http://172.16.0.199:8081/repository/npm-hosted/babel-loader/-/babel-loader-8.3.0.tgz#124936e841ba4fe8176786d6ff28add1f134d6a8"
    integrity sha1-Ekk26EG6T+gXZ4bW/yit0fE01qg=
    dependencies:
      find-cache-dir "^3.3.1"
      loader-utils "^2.0.0"
      make-dir "^3.1.0"
      schema-utils "^2.6.5"
  
  babel-plugin-istanbul@^6.1.1:
    version "6.1.1"
    resolved "http://172.16.0.199:8081/repository/npm-hosted/babel-plugin-istanbul/-/babel-plugin-istanbul-6.1.1.tgz#fa88ec59232fd9b4e36dbbc540a8ec9a9b47da73"
    integrity sha1-+ojsWSMv2bTjbbvFQKjsmptH2nM=
    dependencies:
      "@babel/helper-plugin-utils" "^7.0.0"
      "@istanbuljs/load-nyc-config" "^1.0.0"
      "@istanbuljs/schema" "^0.1.2"
      istanbul-lib-instrument "^5.0.4"
      test-exclude "^6.0.0"
  
  babel-plugin-jest-hoist@^27.5.1:
    version "27.5.1"
    resolved "http://172.16.0.199:8081/repository/npm-hosted/babel-plugin-jest-hoist/-/babel-plugin-jest-hoist-27.5.1.tgz#9be98ecf28c331eb9f5df9c72d6f89deb8181c2e"
    integrity sha1-m+mOzyjDMeufXfnHLW+J3rgYHC4=
    dependencies:
      "@babel/template" "^7.3.3"
      "@babel/types" "^7.3.3"
      "@types/babel__core" "^7.0.0"
      "@types/babel__traverse" "^7.0.6"
  
  babel-plugin-module-resolver@~4.1.0:
    version "4.1.0"
    resolved "http://172.16.0.199:8081/repository/npm-hosted/babel-plugin-module-resolver/-/babel-plugin-module-resolver-4.1.0.tgz#22a4f32f7441727ec1fbf4967b863e1e3e9f33e2"
    integrity sha1-IqTzL3RBcn7B+/SWe4Y+Hj6fM+I=
    dependencies:
      find-babel-config "^1.2.0"
      glob "^7.1.6"
      pkg-up "^3.1.0"
      reselect "^4.0.0"
      resolve "^1.13.1"
  
  babel-plugin-polyfill-corejs2@^0.2.2:
    version "0.2.3"
    resolved "http://172.16.0.199:8081/repository/npm-hosted/babel-plugin-polyfill-corejs2/-/babel-plugin-polyfill-corejs2-0.2.3.tgz#6ed8e30981b062f8fe6aca8873a37ebcc8cc1c0f"
    integrity sha1-btjjCYGwYvj+asqIc6N+vMjMHA8=
    dependencies:
      "@babel/compat-data" "^7.13.11"
      "@babel/helper-define-polyfill-provider" "^0.2.4"
      semver "^6.1.1"
  
  babel-plugin-polyfill-corejs3@^0.2.5:
    version "0.2.5"
    resolved "http://172.16.0.199:8081/repository/npm-hosted/babel-plugin-polyfill-corejs3/-/babel-plugin-polyfill-corejs3-0.2.5.tgz#2779846a16a1652244ae268b1e906ada107faf92"
    integrity sha1-J3mEahahZSJEriaLHpBq2hB/r5I=
    dependencies:
      "@babel/helper-define-polyfill-provider" "^0.2.2"
      core-js-compat "^3.16.2"
  
  babel-plugin-polyfill-regenerator@^0.2.2:
    version "0.2.3"
    resolved "http://172.16.0.199:8081/repository/npm-hosted/babel-plugin-polyfill-regenerator/-/babel-plugin-polyfill-regenerator-0.2.3.tgz#2e9808f5027c4336c994992b48a4262580cb8d6d"
    integrity sha1-LpgI9QJ8QzbJlJkrSKQmJYDLjW0=
    dependencies:
      "@babel/helper-define-polyfill-provider" "^0.2.4"
  
  babel-plugin-root-import@~6.6.0:
    version "6.6.0"
    resolved "http://172.16.0.199:8081/repository/npm-hosted/babel-plugin-root-import/-/babel-plugin-root-import-6.6.0.tgz#85940840f308a8c292f66ca0b5bdd314046273ed"
    integrity sha1-hZQIQPMIqMKS9mygtb3TFARic+0=
    dependencies:
      slash "^3.0.0"
  
  babel-preset-current-node-syntax@^1.0.0:
    version "1.0.1"
    resolved "http://172.16.0.199:8081/repository/npm-hosted/babel-preset-current-node-syntax/-/babel-preset-current-node-syntax-1.0.1.tgz#b4399239b89b2a011f9ddbe3e4f401fc40cff73b"
    integrity sha1-tDmSObibKgEfndvj5PQB/EDP9zs=
    dependencies:
      "@babel/plugin-syntax-async-generators" "^7.8.4"
      "@babel/plugin-syntax-bigint" "^7.8.3"
      "@babel/plugin-syntax-class-properties" "^7.8.3"
      "@babel/plugin-syntax-import-meta" "^7.8.3"
      "@babel/plugin-syntax-json-strings" "^7.8.3"
      "@babel/plugin-syntax-logical-assignment-operators" "^7.8.3"
      "@babel/plugin-syntax-nullish-coalescing-operator" "^7.8.3"
      "@babel/plugin-syntax-numeric-separator" "^7.8.3"
      "@babel/plugin-syntax-object-rest-spread" "^7.8.3"
      "@babel/plugin-syntax-optional-catch-binding" "^7.8.3"
      "@babel/plugin-syntax-optional-chaining" "^7.8.3"
      "@babel/plugin-syntax-top-level-await" "^7.8.3"
  
  babel-preset-jest@^27.5.1:
    version "27.5.1"
    resolved "http://172.16.0.199:8081/repository/npm-hosted/babel-preset-jest/-/babel-preset-jest-27.5.1.tgz#91f10f58034cb7989cb4f962b69fa6eef6a6bc81"
    integrity sha1-kfEPWANMt5ictPlitp+m7vamvIE=
    dependencies:
      babel-plugin-jest-hoist "^27.5.1"
      babel-preset-current-node-syntax "^1.0.0"
  
  babel-runtime@^6.26.0:
    version "6.26.0"
    resolved "http://172.16.0.199:8081/repository/npm-hosted/babel-runtime/-/babel-runtime-6.26.0.tgz#965c7058668e82b55d7bfe04ff2337bc8b5647fe"
    integrity sha1-llxwWGaOgrVde/4E/yM3vItWR/4=
    dependencies:
      core-js "^2.4.0"
      regenerator-runtime "^0.11.0"
  
  balanced-match@^1.0.0:
    version "1.0.2"
    resolved "http://172.16.0.199:8081/repository/npm-hosted/balanced-match/-/balanced-match-1.0.2.tgz#e83e3a7e3f300b34cb9d87f615fa0cbf357690ee"
    integrity sha1-6D46fj8wCzTLnYf2FfoMvzV2kO4=
  
  balanced-match@^2.0.0:
    version "2.0.0"
    resolved "http://172.16.0.199:8081/repository/npm-hosted/balanced-match/-/balanced-match-2.0.0.tgz#dc70f920d78db8b858535795867bf48f820633d9"
    integrity sha1-3HD5INeNuLhYU1eVhnv0j4IGM9k=
  
  base64-js@^1.3.1:
    version "1.5.1"
    resolved "http://172.16.0.199:8081/repository/npm-hosted/base64-js/-/base64-js-1.5.1.tgz#1b1b440160a5bf7ad40b650f095963481903930a"
    integrity sha1-GxtEAWClv3rUC2UPCVljSBkDkwo=
  
  batch@0.6.1:
    version "0.6.1"
    resolved "http://172.16.0.199:8081/repository/npm-hosted/batch/-/batch-0.6.1.tgz#dc34314f4e679318093fc760272525f94bf25c16"
    integrity sha1-3DQxT05nkxgJP8dgJyUl+UvyXBY=
  
  bcrypt-pbkdf@^1.0.0:
    version "1.0.2"
    resolved "http://172.16.0.199:8081/repository/npm-hosted/bcrypt-pbkdf/-/bcrypt-pbkdf-1.0.2.tgz#a4301d389b6a43f9b67ff3ca11a3f6637e360e9e"
    integrity sha1-pDAdOJtqQ/m2f/PKEaP2Y342Dp4=
    dependencies:
      tweetnacl "^0.14.3"
  
  before-after-hook@^2.2.0:
    version "2.2.3"
    resolved "http://172.16.0.199:8081/repository/npm-hosted/before-after-hook/-/before-after-hook-2.2.3.tgz#c51e809c81a4e354084422b9b26bad88249c517c"
    integrity sha1-xR6AnIGk41QIRCK5smutiCScUXw=
  
  big.js@^5.2.2:
    version "5.2.2"
    resolved "http://172.16.0.199:8081/repository/npm-hosted/big.js/-/big.js-5.2.2.tgz#65f0af382f578bcdc742bd9c281e9cb2d7768328"
    integrity sha1-ZfCvOC9Xi83HQr2cKB6cstd2gyg=
  
  binary-extensions@^2.0.0:
    version "2.2.0"
    resolved "http://172.16.0.199:8081/repository/npm-hosted/binary-extensions/-/binary-extensions-2.2.0.tgz#75f502eeaf9ffde42fc98829645be4ea76bd9e2d"
    integrity sha1-dfUC7q+f/eQvyYgpZFvk6na9ni0=
  
  bl@^4.1.0:
    version "4.1.0"
    resolved "http://172.16.0.199:8081/repository/npm-hosted/bl/-/bl-4.1.0.tgz#451535264182bec2fbbc83a62ab98cf11d9f7b3a"
    integrity sha1-RRU1JkGCvsL7vIOmKrmM8R2fezo=
    dependencies:
      buffer "^5.5.0"
      inherits "^2.0.4"
      readable-stream "^3.4.0"
  
  body-parser@1.20.1:
    version "1.20.1"
    resolved "http://172.16.0.199:8081/repository/npm-hosted/body-parser/-/body-parser-1.20.1.tgz#b1812a8912c195cd371a3ee5e66faa2338a5c668"
    integrity sha1-sYEqiRLBlc03Gj7l5m+qIzilxmg=
    dependencies:
      bytes "3.1.2"
      content-type "~1.0.4"
      debug "2.6.9"
      depd "2.0.0"
      destroy "1.2.0"
      http-errors "2.0.0"
      iconv-lite "0.4.24"
      on-finished "2.4.1"
      qs "6.11.0"
      raw-body "2.5.1"
      type-is "~1.6.18"
      unpipe "1.0.0"
  
  bonjour-service@^1.0.11:
    version "1.0.14"
    resolved "http://172.16.0.199:8081/repository/npm-hosted/bonjour-service/-/bonjour-service-1.0.14.tgz#c346f5bc84e87802d08f8d5a60b93f758e514ee7"
    integrity sha1-w0b1vIToeALQj41aYLk/dY5RTuc=
    dependencies:
      array-flatten "^2.1.2"
      dns-equal "^1.0.0"
      fast-deep-equal "^3.1.3"
      multicast-dns "^7.2.5"
  
  boolbase@^1.0.0:
    version "1.0.0"
    resolved "http://172.16.0.199:8081/repository/npm-hosted/boolbase/-/boolbase-1.0.0.tgz#68dff5fbe60c51eb37725ea9e3ed310dcc1e776e"
    integrity sha1-aN/1++YMUes3cl6p4+0xDcwed24=
  
  boolean@^3.0.1:
    version "3.2.0"
    resolved "http://172.16.0.199:8081/repository/npm-hosted/boolean/-/boolean-3.2.0.tgz#9e5294af4e98314494cbb17979fa54ca159f116b"
    integrity sha1-nlKUr06YMUSUy7F5efpUyhWfEWs=
  
  brace-expansion@^1.1.7:
    version "1.1.11"
    resolved "http://172.16.0.199:8081/repository/npm-hosted/brace-expansion/-/brace-expansion-1.1.11.tgz#3c7fcbf529d87226f3d2f52b966ff5271eb441dd"
    integrity sha1-PH/L9SnYcibz0vUrlm/1Jx60Qd0=
    dependencies:
      balanced-match "^1.0.0"
      concat-map "0.0.1"
  
  braces@^3.0.2, braces@~3.0.2:
    version "3.0.2"
    resolved "http://172.16.0.199:8081/repository/npm-hosted/braces/-/braces-3.0.2.tgz#3454e1a462ee8d599e236df336cd9ea4f8afe107"
    integrity sha1-NFThpGLujVmeI23zNs2epPiv4Qc=
    dependencies:
      fill-range "^7.0.1"
  
  browser-process-hrtime@^1.0.0:
    version "1.0.0"
    resolved "http://172.16.0.199:8081/repository/npm-hosted/browser-process-hrtime/-/browser-process-hrtime-1.0.0.tgz#3c9b4b7d782c8121e56f10106d84c0d0ffc94626"
    integrity sha1-PJtLfXgsgSHlbxAQbYTA0P/JRiY=
  
  browserslist@^4.0.0, browserslist@^4.14.5, browserslist@^4.21.4:
    version "4.21.4"
    resolved "http://172.16.0.199:8081/repository/npm-hosted/browserslist/-/browserslist-4.21.4.tgz#e7496bbc67b9e39dd0f98565feccdcb0d4ff6987"
    integrity sha1-50lrvGe5453Q+YVl/szcsNT/aYc=
    dependencies:
      caniuse-lite "^1.0.30001400"
      electron-to-chromium "^1.4.251"
      node-releases "^2.0.6"
      update-browserslist-db "^1.0.9"
  
  browserslist@^4.21.9, browserslist@^4.22.1:
    version "4.22.1"
    resolved "http://172.16.0.199:8081/repository/npm-hosted/browserslist/-/browserslist-4.22.1.tgz#ba91958d1a59b87dab6fed8dfbcb3da5e2e9c619"
    integrity sha1-upGVjRpZuH2rb+2N+8s9peLpxhk=
    dependencies:
      caniuse-lite "^1.0.30001541"
      electron-to-chromium "^1.4.535"
      node-releases "^2.0.13"
      update-browserslist-db "^1.0.13"
  
  bser@2.1.1:
    version "2.1.1"
    resolved "http://172.16.0.199:8081/repository/npm-hosted/bser/-/bser-2.1.1.tgz#e6787da20ece9d07998533cfd9de6f5c38f4bc05"
    integrity sha1-5nh9og7OnQeZhTPP2d5vXDj0vAU=
    dependencies:
      node-int64 "^0.4.0"
  
  buffer-from@^1.0.0:
    version "1.1.2"
    resolved "http://172.16.0.199:8081/repository/npm-hosted/buffer-from/-/buffer-from-1.1.2.tgz#2b146a6fd72e80b4f55d255f35ed59a3a9a41bd5"
    integrity sha1-KxRqb9cugLT1XSVfNe1Zo6mkG9U=
  
  buffer@^5.5.0:
    version "5.7.1"
    resolved "http://172.16.0.199:8081/repository/npm-hosted/buffer/-/buffer-5.7.1.tgz#ba62e7c13133053582197160851a8f648e99eed0"
    integrity sha1-umLnwTEzBTWCGXFghRqPZI6Z7tA=
    dependencies:
      base64-js "^1.3.1"
      ieee754 "^1.1.13"
  
  builtin-modules@^3.1.0:
    version "3.3.0"
    resolved "http://172.16.0.199:8081/repository/npm-hosted/builtin-modules/-/builtin-modules-3.3.0.tgz#cae62812b89801e9656336e46223e030386be7b6"
    integrity sha1-yuYoEriYAellYzbkYiPgMDhr57Y=
  
  builtins@^1.0.3:
    version "1.0.3"
    resolved "http://172.16.0.199:8081/repository/npm-hosted/builtins/-/builtins-1.0.3.tgz#cb94faeb61c8696451db36534e1422f94f0aee88"
    integrity sha1-y5T662HIaWRR2zZTThQi+U8K7og=
  
  builtins@^5.0.0:
    version "5.0.1"
    resolved "http://172.16.0.199:8081/repository/npm-hosted/builtins/-/builtins-5.0.1.tgz#87f6db9ab0458be728564fa81d876d8d74552fa9"
    integrity sha1-h/bbmrBFi+coVk+oHYdtjXRVL6k=
    dependencies:
      semver "^7.0.0"
  
  bundle-loader@^0.5.6:
    version "0.5.6"
    resolved "http://172.16.0.199:8081/repository/npm-hosted/bundle-loader/-/bundle-loader-0.5.6.tgz#6c9042e62f1c89941458805a3a479d10f34c71fd"
    integrity sha1-bJBC5i8ciZQUWIBaOkedEPNMcf0=
    dependencies:
      loader-utils "^1.1.0"
  
  byline@^5.0.0:
    version "5.0.0"
    resolved "http://172.16.0.199:8081/repository/npm-hosted/byline/-/byline-5.0.0.tgz#741c5216468eadc457b03410118ad77de8c1ddb1"
    integrity sha1-dBxSFkaOrcRXsDQQEYrXfejB3bE=
  
  byte-size@^7.0.0:
    version "7.0.1"
    resolved "http://172.16.0.199:8081/repository/npm-hosted/byte-size/-/byte-size-7.0.1.tgz#b1daf3386de7ab9d706b941a748dbfc71130dee3"
    integrity sha1-sdrzOG3nq51wa5QadI2/xxEw3uM=
  
  bytes@3.0.0:
    version "3.0.0"
    resolved "http://172.16.0.199:8081/repository/npm-hosted/bytes/-/bytes-3.0.0.tgz#d32815404d689699f85a4ea4fa8755dd13a96048"
    integrity sha1-0ygVQE1olpn4Wk6k+odV3ROpYEg=
  
  bytes@3.1.2:
    version "3.1.2"
    resolved "http://172.16.0.199:8081/repository/npm-hosted/bytes/-/bytes-3.1.2.tgz#8b0beeb98605adf1b128fa4386403c009e0221a5"
    integrity sha1-iwvuuYYFrfGxKPpDhkA8AJ4CIaU=
  
  cacache@^15.0.5, cacache@^15.2.0:
    version "15.3.0"
    resolved "http://172.16.0.199:8081/repository/npm-hosted/cacache/-/cacache-15.3.0.tgz#dc85380fb2f556fe3dda4c719bfa0ec875a7f1eb"
    integrity sha1-3IU4D7L1Vv492kxxm/oOyHWn8es=
    dependencies:
      "@npmcli/fs" "^1.0.0"
      "@npmcli/move-file" "^1.0.1"
      chownr "^2.0.0"
      fs-minipass "^2.0.0"
      glob "^7.1.4"
      infer-owner "^1.0.4"
      lru-cache "^6.0.0"
      minipass "^3.1.1"
      minipass-collect "^1.0.2"
      minipass-flush "^1.0.5"
      minipass-pipeline "^1.2.2"
      mkdirp "^1.0.3"
      p-map "^4.0.0"
      promise-inflight "^1.0.1"
      rimraf "^3.0.2"
      ssri "^8.0.1"
      tar "^6.0.2"
      unique-filename "^1.1.1"
  
  cachedir@2.3.0:
    version "2.3.0"
    resolved "http://172.16.0.199:8081/repository/npm-hosted/cachedir/-/cachedir-2.3.0.tgz#0c75892a052198f0b21c7c1804d8331edfcae0e8"
    integrity sha1-DHWJKgUhmPCyHHwYBNgzHt/K4Og=
  
  call-bind@^1.0.0, call-bind@^1.0.2:
    version "1.0.2"
    resolved "http://172.16.0.199:8081/repository/npm-hosted/call-bind/-/call-bind-1.0.2.tgz#b1d4e89e688119c3c9a903ad30abb2f6a919be3c"
    integrity sha1-sdTonmiBGcPJqQOtMKuy9qkZvjw=
    dependencies:
      function-bind "^1.1.1"
      get-intrinsic "^1.0.2"
  
  call-bind@^1.0.4, call-bind@^1.0.5:
    version "1.0.5"
    resolved "http://172.16.0.199:8081/repository/npm-hosted/call-bind/-/call-bind-1.0.5.tgz#6fa2b7845ce0ea49bf4d8b9ef64727a2c2e2e513"
    integrity sha1-b6K3hFzg6km/TYue9kcnosLi5RM=
    dependencies:
      function-bind "^1.1.2"
      get-intrinsic "^1.2.1"
      set-function-length "^1.1.1"
  
  callsites@^3.0.0:
    version "3.1.0"
    resolved "http://172.16.0.199:8081/repository/npm-hosted/callsites/-/callsites-3.1.0.tgz#b3630abd8943432f54b3f0519238e33cd7df2f73"
    integrity sha1-s2MKvYlDQy9Us/BRkjjjPNffL3M=
  
  camel-case@^4.1.2:
    version "4.1.2"
    resolved "http://172.16.0.199:8081/repository/npm-hosted/camel-case/-/camel-case-4.1.2.tgz#9728072a954f805228225a6deea6b38461e1bd5a"
    integrity sha1-lygHKpVPgFIoIlpt7qazhGHhvVo=
    dependencies:
      pascal-case "^3.1.2"
      tslib "^2.0.3"
  
  camelcase-keys@^6.2.2:
    version "6.2.2"
    resolved "http://172.16.0.199:8081/repository/npm-hosted/camelcase-keys/-/camelcase-keys-6.2.2.tgz#5e755d6ba51aa223ec7d3d52f25778210f9dc3c0"
    integrity sha1-XnVda6UaoiPsfT1S8ld4IQ+dw8A=
    dependencies:
      camelcase "^5.3.1"
      map-obj "^4.0.0"
      quick-lru "^4.0.1"
  
  camelcase@^5.0.0, camelcase@^5.3.1:
    version "5.3.1"
    resolved "http://172.16.0.199:8081/repository/npm-hosted/camelcase/-/camelcase-5.3.1.tgz#e3c9b31569e106811df242f715725a1f4c494320"
    integrity sha1-48mzFWnhBoEd8kL3FXJaH0xJQyA=
  
  camelcase@^6.0.0, camelcase@^6.2.0:
    version "6.3.0"
    resolved "http://172.16.0.199:8081/repository/npm-hosted/camelcase/-/camelcase-6.3.0.tgz#5685b95eb209ac9c0c177467778c9c84df58ba9a"
    integrity sha1-VoW5XrIJrJwMF3Rnd4ychN9Yupo=
  
  caniuse-api@^3.0.0:
    version "3.0.0"
    resolved "http://172.16.0.199:8081/repository/npm-hosted/caniuse-api/-/caniuse-api-3.0.0.tgz#5e4d90e2274961d46291997df599e3ed008ee4c0"
    integrity sha1-Xk2Q4idJYdRikZl99Znj7QCO5MA=
    dependencies:
      browserslist "^4.0.0"
      caniuse-lite "^1.0.0"
      lodash.memoize "^4.1.2"
      lodash.uniq "^4.5.0"
  
  caniuse-lite@^1.0.0, caniuse-lite@^1.0.30001400, caniuse-lite@^1.0.30001426:
    version "1.0.30001441"
    resolved "http://172.16.0.199:8081/repository/npm-hosted/caniuse-lite/-/caniuse-lite-1.0.30001441.tgz#987437b266260b640a23cd18fbddb509d7f69f3e"
    integrity sha1-mHQ3smYmC2QKI80Y+921Cdf2nz4=
  
  caniuse-lite@^1.0.30001541:
    version "1.0.30001561"
    resolved "http://172.16.0.199:8081/repository/npm-hosted/caniuse-lite/-/caniuse-lite-1.0.30001561.tgz#752f21f56f96f1b1a52e97aae98c57c562d5d9da"
    integrity sha1-dS8h9W+W8bGlLpeq6YxXxWLV2do=
  
  caseless@~0.12.0:
    version "0.12.0"
    resolved "http://172.16.0.199:8081/repository/npm-hosted/caseless/-/caseless-0.12.0.tgz#1b681c21ff84033c826543090689420d187151dc"
    integrity sha1-G2gcIf+EAzyCZUMJBolCDRhxUdw=
  
  chalk@^2.4.1, chalk@^2.4.2:
    version "2.4.2"
    resolved "http://172.16.0.199:8081/repository/npm-hosted/chalk/-/chalk-2.4.2.tgz#cd42541677a54333cf541a49108c1432b44c9424"
    integrity sha1-zUJUFnelQzPPVBpJEIwUMrRMlCQ=
    dependencies:
      ansi-styles "^3.2.1"
      escape-string-regexp "^1.0.5"
      supports-color "^5.3.0"
  
  chalk@^4.0.0, chalk@^4.1.0, chalk@^4.1.1, chalk@^4.1.2:
    version "4.1.2"
    resolved "http://172.16.0.199:8081/repository/npm-hosted/chalk/-/chalk-4.1.2.tgz#aac4e2b7734a740867aeb16bf02aad556a1e7a01"
    integrity sha1-qsTit3NKdAhnrrFr8CqtVWoeegE=
    dependencies:
      ansi-styles "^4.1.0"
      supports-color "^7.1.0"
  
  char-regex@^1.0.2:
    version "1.0.2"
    resolved "http://172.16.0.199:8081/repository/npm-hosted/char-regex/-/char-regex-1.0.2.tgz#d744358226217f981ed58f479b1d6bcc29545dcf"
    integrity sha1-10Q1giYhf5ge1Y9Hmx1rzClUXc8=
  
  character-entities-legacy@^1.0.0:
    version "1.1.4"
    resolved "http://172.16.0.199:8081/repository/npm-hosted/character-entities-legacy/-/character-entities-legacy-1.1.4.tgz#94bc1845dce70a5bb9d2ecc748725661293d8fc1"
    integrity sha1-lLwYRdznClu50uzHSHJWYSk9j8E=
  
  character-entities@^1.0.0:
    version "1.2.4"
    resolved "http://172.16.0.199:8081/repository/npm-hosted/character-entities/-/character-entities-1.2.4.tgz#e12c3939b7eaf4e5b15e7ad4c5e28e1d48c5b16b"
    integrity sha1-4Sw5Obfq9OWxXnrUxeKOHUjFsWs=
  
  character-reference-invalid@^1.0.0:
    version "1.1.4"
    resolved "http://172.16.0.199:8081/repository/npm-hosted/character-reference-invalid/-/character-reference-invalid-1.1.4.tgz#083329cda0eae272ab3dbbf37e9a382c13af1560"
    integrity sha1-CDMpzaDq4nKrPbvzfpo4LBOvFWA=
  
  chardet@^0.7.0:
    version "0.7.0"
    resolved "http://172.16.0.199:8081/repository/npm-hosted/chardet/-/chardet-0.7.0.tgz#90094849f0937f2eedc2425d0d28a9e5f0cbad9e"
    integrity sha1-kAlISfCTfy7twkJdDSip5fDLrZ4=
  
  chokidar@^3.4.0, chokidar@^3.5.2, chokidar@^3.5.3:
    version "3.5.3"
    resolved "http://172.16.0.199:8081/repository/npm-hosted/chokidar/-/chokidar-3.5.3.tgz#1cf37c8707b932bd1af1ae22c0432e2acd1903bd"
    integrity sha1-HPN8hwe5Mr0a8a4iwEMuKs0ZA70=
    dependencies:
      anymatch "~3.1.2"
      braces "~3.0.2"
      glob-parent "~5.1.2"
      is-binary-path "~2.1.0"
      is-glob "~4.0.1"
      normalize-path "~3.0.0"
      readdirp "~3.6.0"
    optionalDependencies:
      fsevents "~2.3.2"
  
  chownr@^1.1.4:
    version "1.1.4"
    resolved "http://172.16.0.199:8081/repository/npm-hosted/chownr/-/chownr-1.1.4.tgz#6fc9d7b42d32a583596337666e7d08084da2cc6b"
    integrity sha1-b8nXtC0ypYNZYzdmbn0ICE2izGs=
  
  chownr@^2.0.0:
    version "2.0.0"
    resolved "http://172.16.0.199:8081/repository/npm-hosted/chownr/-/chownr-2.0.0.tgz#15bfbe53d2eab4cf70f18a8cd68ebe5b3cb1dece"
    integrity sha1-Fb++U9LqtM9w8YqM1o6+Wzyx3s4=
  
  chrome-trace-event@^1.0.2:
    version "1.0.3"
    resolved "http://172.16.0.199:8081/repository/npm-hosted/chrome-trace-event/-/chrome-trace-event-1.0.3.tgz#1015eced4741e15d06664a957dbbf50d041e26ac"
    integrity sha1-EBXs7UdB4V0GZkqVfbv1DQQeJqw=
  
  ci-info@^2.0.0:
    version "2.0.0"
    resolved "http://172.16.0.199:8081/repository/npm-hosted/ci-info/-/ci-info-2.0.0.tgz#67a9e964be31a51e15e5010d58e6f12834002f46"
    integrity sha1-Z6npZL4xpR4V5QENWObxKDQAL0Y=
  
  ci-info@^3.2.0:
    version "3.8.0"
    resolved "http://172.16.0.199:8081/repository/npm-hosted/ci-info/-/ci-info-3.8.0.tgz#81408265a5380c929f0bc665d62256628ce9ef91"
    integrity sha1-gUCCZaU4DJKfC8Zl1iJWYozp75E=
  
  cjs-module-lexer@^1.0.0:
    version "1.2.2"
    resolved "http://172.16.0.199:8081/repository/npm-hosted/cjs-module-lexer/-/cjs-module-lexer-1.2.2.tgz#9f84ba3244a512f3a54e5277e8eef4c489864e40"
    integrity sha1-n4S6MkSlEvOlTlJ36O70xImGTkA=
  
  classnames@2.x, classnames@^2.0.0, classnames@^2.2.1, classnames@^2.2.3, classnames@^2.2.5, classnames@^2.2.6, classnames@^2.3.1, classnames@^2.3.2:
    version "2.3.2"
    resolved "http://172.16.0.199:8081/repository/npm-hosted/classnames/-/classnames-2.3.2.tgz#351d813bf0137fcc6a76a16b88208d2560a0d924"
    integrity sha1-NR2BO/ATf8xqdqFriCCNJWCg2SQ=
  
  clean-css@^5.2.2:
    version "5.3.2"
    resolved "http://172.16.0.199:8081/repository/npm-hosted/clean-css/-/clean-css-5.3.2.tgz#70ecc7d4d4114921f5d298349ff86a31a9975224"
    integrity sha1-cOzH1NQRSSH10pg0n/hqMamXUiQ=
    dependencies:
      source-map "~0.6.0"
  
  clean-stack@^2.0.0:
    version "2.2.0"
    resolved "http://172.16.0.199:8081/repository/npm-hosted/clean-stack/-/clean-stack-2.2.0.tgz#ee8472dbb129e727b31e8a10a427dee9dfe4008b"
    integrity sha1-7oRy27Ep5yezHooQpCfe6d/kAIs=
  
  clean-webpack-plugin@^4.0.0:
    version "4.0.0"
    resolved "http://172.16.0.199:8081/repository/npm-hosted/clean-webpack-plugin/-/clean-webpack-plugin-4.0.0.tgz#72947d4403d452f38ed61a9ff0ada8122aacd729"
    integrity sha1-cpR9RAPUUvOO1hqf8K2oEiqs1yk=
    dependencies:
      del "^4.1.1"
  
  cli-cursor@^3.1.0:
    version "3.1.0"
    resolved "http://172.16.0.199:8081/repository/npm-hosted/cli-cursor/-/cli-cursor-3.1.0.tgz#264305a7ae490d1d03bf0c9ba7c925d1753af307"
    integrity sha1-JkMFp65JDR0Dvwybp8kl0XU68wc=
    dependencies:
      restore-cursor "^3.1.0"
  
  cli-spinners@^2.5.0:
    version "2.7.0"
    resolved "http://172.16.0.199:8081/repository/npm-hosted/cli-spinners/-/cli-spinners-2.7.0.tgz#f815fd30b5f9eaac02db604c7a231ed7cb2f797a"
    integrity sha1-+BX9MLX56qwC22BMeiMe18sveXo=
  
  cli-truncate@^2.1.0:
    version "2.1.0"
    resolved "http://172.16.0.199:8081/repository/npm-hosted/cli-truncate/-/cli-truncate-2.1.0.tgz#c39e28bf05edcde5be3b98992a22deed5a2b93c7"
    integrity sha1-w54ovwXtzeW+O5iZKiLe7Vork8c=
    dependencies:
      slice-ansi "^3.0.0"
      string-width "^4.2.0"
  
  cli-width@^3.0.0:
    version "3.0.0"
    resolved "http://172.16.0.199:8081/repository/npm-hosted/cli-width/-/cli-width-3.0.0.tgz#a2f48437a2caa9a22436e794bf071ec9e61cedf6"
    integrity sha1-ovSEN6LKqaIkNueUvwceyeYc7fY=
  
  cliui@^7.0.2:
    version "7.0.4"
    resolved "http://172.16.0.199:8081/repository/npm-hosted/cliui/-/cliui-7.0.4.tgz#a0265ee655476fc807aea9df3df8df7783808b4f"
    integrity sha1-oCZe5lVHb8gHrqnfPfjfd4OAi08=
    dependencies:
      string-width "^4.2.0"
      strip-ansi "^6.0.0"
      wrap-ansi "^7.0.0"
  
  clone-deep@^4.0.1:
    version "4.0.1"
    resolved "http://172.16.0.199:8081/repository/npm-hosted/clone-deep/-/clone-deep-4.0.1.tgz#c19fd9bdbbf85942b4fd979c84dcf7d5f07c2387"
    integrity sha1-wZ/Zvbv4WUK0/ZechNz31fB8I4c=
    dependencies:
      is-plain-object "^2.0.4"
      kind-of "^6.0.2"
      shallow-clone "^3.0.0"
  
  clone@^1.0.2:
    version "1.0.4"
    resolved "http://172.16.0.199:8081/repository/npm-hosted/clone/-/clone-1.0.4.tgz#da309cc263df15994c688ca902179ca3c7cd7c7e"
    integrity sha1-2jCcwmPfFZlMaIypAheco8fNfH4=
  
  cmd-shim@^4.1.0:
    version "4.1.0"
    resolved "http://172.16.0.199:8081/repository/npm-hosted/cmd-shim/-/cmd-shim-4.1.0.tgz#b3a904a6743e9fede4148c6f3800bf2a08135bdd"
    integrity sha1-s6kEpnQ+n+3kFIxvOAC/KggTW90=
    dependencies:
      mkdirp-infer-owner "^2.0.0"
  
  co@^4.6.0:
    version "4.6.0"
    resolved "http://172.16.0.199:8081/repository/npm-hosted/co/-/co-4.6.0.tgz#6ea6bdf3d853ae54ccb8e47bfa0bf3f9031fb184"
    integrity sha1-bqa989hTrlTMuOR7+gvz+QMfsYQ=
  
  code-point-at@^1.0.0:
    version "1.1.0"
    resolved "http://172.16.0.199:8081/repository/npm-hosted/code-point-at/-/code-point-at-1.1.0.tgz#0d070b4d043a5bea33a2f1a40e2edb3d9a4ccf77"
    integrity sha1-DQcLTQQ6W+ozovGkDi7bPZpMz3c=
  
  collect-v8-coverage@^1.0.0:
    version "1.0.1"
    resolved "http://172.16.0.199:8081/repository/npm-hosted/collect-v8-coverage/-/collect-v8-coverage-1.0.1.tgz#cc2c8e94fc18bbdffe64d6534570c8a673b27f59"
    integrity sha1-zCyOlPwYu9/+ZNZTRXDIpnOyf1k=
  
  color-convert@^1.9.0:
    version "1.9.3"
    resolved "http://172.16.0.199:8081/repository/npm-hosted/color-convert/-/color-convert-1.9.3.tgz#bb71850690e1f136567de629d2d5471deda4c1e8"
    integrity sha1-u3GFBpDh8TZWfeYp0tVHHe2kweg=
    dependencies:
      color-name "1.1.3"
  
  color-convert@^2.0.1:
    version "2.0.1"
    resolved "http://172.16.0.199:8081/repository/npm-hosted/color-convert/-/color-convert-2.0.1.tgz#72d3a68d598c9bdb3af2ad1e84f21d896abd4de3"
    integrity sha1-ctOmjVmMm9s68q0ehPIdiWq9TeM=
    dependencies:
      color-name "~1.1.4"
  
  color-name@1.1.3:
    version "1.1.3"
    resolved "http://172.16.0.199:8081/repository/npm-hosted/color-name/-/color-name-1.1.3.tgz#a7d0558bd89c42f795dd42328f740831ca53bc25"
    integrity sha1-p9BVi9icQveV3UIyj3QIMcpTvCU=
  
  color-name@~1.1.4:
    version "1.1.4"
    resolved "http://172.16.0.199:8081/repository/npm-hosted/color-name/-/color-name-1.1.4.tgz#c2a09a87acbde69543de6f63fa3995c826c536a2"
    integrity sha1-wqCah6y95pVD3m9j+jmVyCbFNqI=
  
  colord@^2.9.1, colord@^2.9.3:
    version "2.9.3"
    resolved "http://172.16.0.199:8081/repository/npm-hosted/colord/-/colord-2.9.3.tgz#4f8ce919de456f1d5c1c368c307fe20f3e59fb43"
    integrity sha1-T4zpGd5Fbx1cHDaMMH/iDz5Z+0M=
  
  colorette@^2.0.10, colorette@^2.0.16:
    version "2.0.20"
    resolved "http://172.16.0.199:8081/repository/npm-hosted/colorette/-/colorette-2.0.20.tgz#9eb793e6833067f7235902fcd3b09917a000a95a"
    integrity sha1-nreT5oMwZ/cjWQL807CZF6AAqVo=
  
  columnify@^1.5.4:
    version "1.6.0"
    resolved "http://172.16.0.199:8081/repository/npm-hosted/columnify/-/columnify-1.6.0.tgz#6989531713c9008bb29735e61e37acf5bd553cf3"
    integrity sha1-aYlTFxPJAIuylzXmHjes9b1VPPM=
    dependencies:
      strip-ansi "^6.0.1"
      wcwidth "^1.0.0"
  
  combined-stream@^1.0.6, combined-stream@^1.0.8, combined-stream@~1.0.6:
    version "1.0.8"
    resolved "http://172.16.0.199:8081/repository/npm-hosted/combined-stream/-/combined-stream-1.0.8.tgz#c3d45a8b34fd730631a110a8a2520682b31d5a7f"
    integrity sha1-w9RaizT9cwYxoRCoolIGgrMdWn8=
    dependencies:
      delayed-stream "~1.0.0"
  
  commander@^2.20.0:
    version "2.20.3"
    resolved "http://172.16.0.199:8081/repository/npm-hosted/commander/-/commander-2.20.3.tgz#fd485e84c03eb4881c20722ba48035e8531aeb33"
    integrity sha1-/UhehMA+tIgcIHIrpIA16FMa6zM=
  
  commander@^4.0.1:
    version "4.1.1"
    resolved "http://172.16.0.199:8081/repository/npm-hosted/commander/-/commander-4.1.1.tgz#9fd602bd936294e9e9ef46a3f4d6964044b18068"
    integrity sha1-n9YCvZNilOnp70aj9NaWQESxgGg=
  
  commander@^6.2.0:
    version "6.2.1"
    resolved "http://172.16.0.199:8081/repository/npm-hosted/commander/-/commander-6.2.1.tgz#0792eb682dfbc325999bb2b84fddddba110ac73c"
    integrity sha1-B5LraC37wyWZm7K4T93duhEKxzw=
  
  commander@^7.0.0, commander@^7.2.0:
    version "7.2.0"
    resolved "http://172.16.0.199:8081/repository/npm-hosted/commander/-/commander-7.2.0.tgz#a36cb57d0b501ce108e4d20559a150a391d97ab7"
    integrity sha1-o2y1fQtQHOEI5NIFWaFQo5HZerc=
  
  commander@^8.3.0:
    version "8.3.0"
    resolved "http://172.16.0.199:8081/repository/npm-hosted/commander/-/commander-8.3.0.tgz#4837ea1b2da67b9c616a67afbb0fafee567bca66"
    integrity sha1-SDfqGy2me5xhamevuw+v7lZ7ymY=
  
  commitizen@^4.0.3, commitizen@~4.2.3:
    version "4.2.6"
    resolved "http://172.16.0.199:8081/repository/npm-hosted/commitizen/-/commitizen-4.2.6.tgz#c35af39e1cb5fc2de88511df802da4344dc3ca80"
    integrity sha1-w1rznhy1/C3ohRHfgC2kNE3DyoA=
    dependencies:
      cachedir "2.3.0"
      cz-conventional-changelog "3.3.0"
      dedent "0.7.0"
      detect-indent "6.1.0"
      find-node-modules "^2.1.2"
      find-root "1.1.0"
      fs-extra "9.1.0"
      glob "7.2.3"
      inquirer "8.2.4"
      is-utf8 "^0.2.1"
      lodash "4.17.21"
      minimist "1.2.6"
      strip-bom "4.0.0"
      strip-json-comments "3.1.1"
  
  common-path-prefix@^3.0.0:
    version "3.0.0"
    resolved "http://172.16.0.199:8081/repository/npm-hosted/common-path-prefix/-/common-path-prefix-3.0.0.tgz#7d007a7e07c58c4b4d5f433131a19141b29f11e0"
    integrity sha1-fQB6fgfFjEtNX0MxMaGRQbKfEeA=
  
  commondir@^1.0.1:
    version "1.0.1"
    resolved "http://172.16.0.199:8081/repository/npm-hosted/commondir/-/commondir-1.0.1.tgz#ddd800da0c66127393cca5950ea968a3aaf1253b"
    integrity sha1-3dgA2gxmEnOTzKWVDqloo6rxJTs=
  
  compare-func@^2.0.0:
    version "2.0.0"
    resolved "http://172.16.0.199:8081/repository/npm-hosted/compare-func/-/compare-func-2.0.0.tgz#fb65e75edbddfd2e568554e8b5b05fff7a51fcb3"
    integrity sha1-+2XnXtvd/S5WhVTotbBf/3pR/LM=
    dependencies:
      array-ify "^1.0.0"
      dot-prop "^5.1.0"
  
  compare-versions@^3.6.0:
    version "3.6.0"
    resolved "http://172.16.0.199:8081/repository/npm-hosted/compare-versions/-/compare-versions-3.6.0.tgz#1a5689913685e5a87637b8d3ffca75514ec41d62"
    integrity sha1-GlaJkTaF5ah2N7jT/8p1UU7EHWI=
  
  compressible@~2.0.16:
    version "2.0.18"
    resolved "http://172.16.0.199:8081/repository/npm-hosted/compressible/-/compressible-2.0.18.tgz#af53cca6b070d4c3c0750fbd77286a6d7cc46fba"
    integrity sha1-r1PMprBw1MPAdQ+9dyhqbXzEb7o=
    dependencies:
      mime-db ">= 1.43.0 < 2"
  
  compression@^1.7.4:
    version "1.7.4"
    resolved "http://172.16.0.199:8081/repository/npm-hosted/compression/-/compression-1.7.4.tgz#95523eff170ca57c29a0ca41e6fe131f41e5bb8f"
    integrity sha1-lVI+/xcMpXwpoMpB5v4TH0Hlu48=
    dependencies:
      accepts "~1.3.5"
      bytes "3.0.0"
      compressible "~2.0.16"
      debug "2.6.9"
      on-headers "~1.0.2"
      safe-buffer "5.1.2"
      vary "~1.1.2"
  
  compute-scroll-into-view@^3.0.2:
    version "3.1.0"
    resolved "http://172.16.0.199:8081/repository/npm-hosted/compute-scroll-into-view/-/compute-scroll-into-view-3.1.0.tgz#753f11d972596558d8fe7c6bcbc8497690ab4c87"
    integrity sha1-dT8R2XJZZVjY/nxry8hJdpCrTIc=
  
  concat-map@0.0.1:
    version "0.0.1"
    resolved "http://172.16.0.199:8081/repository/npm-hosted/concat-map/-/concat-map-0.0.1.tgz#d8a96bd77fd68df7793a73036a3ba0d5405d477b"
    integrity sha1-2Klr13/Wjfd5OnMDajug1UBdR3s=
  
  concat-stream@^2.0.0:
    version "2.0.0"
    resolved "http://172.16.0.199:8081/repository/npm-hosted/concat-stream/-/concat-stream-2.0.0.tgz#414cf5af790a48c60ab9be4527d56d5e41133cb1"
    integrity sha1-QUz1r3kKSMYKub5FJ9VtXkETPLE=
    dependencies:
      buffer-from "^1.0.0"
      inherits "^2.0.3"
      readable-stream "^3.0.2"
      typedarray "^0.0.6"
  
  config-chain@^1.1.12:
    version "1.1.13"
    resolved "http://172.16.0.199:8081/repository/npm-hosted/config-chain/-/config-chain-1.1.13.tgz#fad0795aa6a6cdaff9ed1b68e9dff94372c232f4"
    integrity sha1-+tB5Wqamza/57Rto6d/5Q3LCMvQ=
    dependencies:
      ini "^1.3.4"
      proto-list "~1.2.1"
  
  connect-history-api-fallback@^2.0.0:
    version "2.0.0"
    resolved "http://172.16.0.199:8081/repository/npm-hosted/connect-history-api-fallback/-/connect-history-api-fallback-2.0.0.tgz#647264845251a0daf25b97ce87834cace0f5f1c8"
    integrity sha1-ZHJkhFJRoNryW5fOh4NMrOD18cg=
  
  console-control-strings@^1.0.0, console-control-strings@~1.1.0:
    version "1.1.0"
    resolved "http://172.16.0.199:8081/repository/npm-hosted/console-control-strings/-/console-control-strings-1.1.0.tgz#3d7cf4464db6446ea644bf4b39507f9851008e8e"
    integrity sha1-PXz0Rk22RG6mRL9LOVB/mFEAjo4=
  
  content-disposition@0.5.4:
    version "0.5.4"
    resolved "http://172.16.0.199:8081/repository/npm-hosted/content-disposition/-/content-disposition-0.5.4.tgz#8b82b4efac82512a02bb0b1dcec9d2c5e8eb5bfe"
    integrity sha1-i4K076yCUSoCuwsdzsnSxejrW/4=
    dependencies:
      safe-buffer "5.2.1"
  
  content-type@~1.0.4:
    version "1.0.4"
    resolved "http://172.16.0.199:8081/repository/npm-hosted/content-type/-/content-type-1.0.4.tgz#e138cc75e040c727b1966fe5e5f8c9aee256fe3b"
    integrity sha1-4TjMdeBAxyexlm/l5fjJruJW/js=
  
  conventional-changelog-angular@^5.0.11, conventional-changelog-angular@^5.0.12:
    version "5.0.13"
    resolved "http://172.16.0.199:8081/repository/npm-hosted/conventional-changelog-angular/-/conventional-changelog-angular-5.0.13.tgz#896885d63b914a70d4934b59d2fe7bde1832b28c"
    integrity sha1-iWiF1juRSnDUk0tZ0v573hgysow=
    dependencies:
      compare-func "^2.0.0"
      q "^1.5.1"
  
  conventional-changelog-conventionalcommits@^4.3.1:
    version "4.6.3"
    resolved "http://172.16.0.199:8081/repository/npm-hosted/conventional-changelog-conventionalcommits/-/conventional-changelog-conventionalcommits-4.6.3.tgz#0765490f56424b46f6cb4db9135902d6e5a36dc2"
    integrity sha1-B2VJD1ZCS0b2y025E1kC1uWjbcI=
    dependencies:
      compare-func "^2.0.0"
      lodash "^4.17.15"
      q "^1.5.1"
  
  conventional-changelog-core@^4.2.2:
    version "4.2.4"
    resolved "http://172.16.0.199:8081/repository/npm-hosted/conventional-changelog-core/-/conventional-changelog-core-4.2.4.tgz#e50d047e8ebacf63fac3dc67bf918177001e1e9f"
    integrity sha1-5Q0Efo66z2P6w9xnv5GBdwAeHp8=
    dependencies:
      add-stream "^1.0.0"
      conventional-changelog-writer "^5.0.0"
      conventional-commits-parser "^3.2.0"
      dateformat "^3.0.0"
      get-pkg-repo "^4.0.0"
      git-raw-commits "^2.0.8"
      git-remote-origin-url "^2.0.0"
      git-semver-tags "^4.1.1"
      lodash "^4.17.15"
      normalize-package-data "^3.0.0"
      q "^1.5.1"
      read-pkg "^3.0.0"
      read-pkg-up "^3.0.0"
      through2 "^4.0.0"
  
  conventional-changelog-preset-loader@^2.3.4:
    version "2.3.4"
    resolved "http://172.16.0.199:8081/repository/npm-hosted/conventional-changelog-preset-loader/-/conventional-changelog-preset-loader-2.3.4.tgz#14a855abbffd59027fd602581f1f34d9862ea44c"
    integrity sha1-FKhVq7/9WQJ/1gJYHx802YYupEw=
  
  conventional-changelog-writer@^5.0.0:
    version "5.0.1"
    resolved "http://172.16.0.199:8081/repository/npm-hosted/conventional-changelog-writer/-/conventional-changelog-writer-5.0.1.tgz#e0757072f045fe03d91da6343c843029e702f359"
    integrity sha1-4HVwcvBF/gPZHaY0PIQwKecC81k=
    dependencies:
      conventional-commits-filter "^2.0.7"
      dateformat "^3.0.0"
      handlebars "^4.7.7"
      json-stringify-safe "^5.0.1"
      lodash "^4.17.15"
      meow "^8.0.0"
      semver "^6.0.0"
      split "^1.0.0"
      through2 "^4.0.0"
  
  conventional-commit-types@^3.0.0:
    version "3.0.0"
    resolved "http://172.16.0.199:8081/repository/npm-hosted/conventional-commit-types/-/conventional-commit-types-3.0.0.tgz#7c9214e58eae93e85dd66dbfbafe7e4fffa2365b"
    integrity sha1-fJIU5Y6uk+hd1m2/uv5+T/+iNls=
  
  conventional-commits-filter@^2.0.7:
    version "2.0.7"
    resolved "http://172.16.0.199:8081/repository/npm-hosted/conventional-commits-filter/-/conventional-commits-filter-2.0.7.tgz#f8d9b4f182fce00c9af7139da49365b136c8a0b3"
    integrity sha1-+Nm08YL84Aya9xOdpJNlsTbIoLM=
    dependencies:
      lodash.ismatch "^4.4.0"
      modify-values "^1.0.0"
  
  conventional-commits-parser@^3.0.0, conventional-commits-parser@^3.2.0:
    version "3.2.4"
    resolved "http://172.16.0.199:8081/repository/npm-hosted/conventional-commits-parser/-/conventional-commits-parser-3.2.4.tgz#a7d3b77758a202a9b2293d2112a8d8052c740972"
    integrity sha1-p9O3d1iiAqmyKT0hEqjYBSx0CXI=
    dependencies:
      JSONStream "^1.0.4"
      is-text-path "^1.0.1"
      lodash "^4.17.15"
      meow "^8.0.0"
      split2 "^3.0.0"
      through2 "^4.0.0"
  
  conventional-recommended-bump@^6.1.0:
    version "6.1.0"
    resolved "http://172.16.0.199:8081/repository/npm-hosted/conventional-recommended-bump/-/conventional-recommended-bump-6.1.0.tgz#cfa623285d1de554012f2ffde70d9c8a22231f55"
    integrity sha1-z6YjKF0d5VQBLy/95w2ciiIjH1U=
    dependencies:
      concat-stream "^2.0.0"
      conventional-changelog-preset-loader "^2.3.4"
      conventional-commits-filter "^2.0.7"
      conventional-commits-parser "^3.2.0"
      git-raw-commits "^2.0.8"
      git-semver-tags "^4.1.1"
      meow "^8.0.0"
      q "^1.5.1"
  
  convert-source-map@^1.1.0, convert-source-map@^1.4.0, convert-source-map@^1.6.0, convert-source-map@^1.7.0:
    version "1.9.0"
    resolved "http://172.16.0.199:8081/repository/npm-hosted/convert-source-map/-/convert-source-map-1.9.0.tgz#7faae62353fb4213366d0ca98358d22e8368b05f"
    integrity sha1-f6rmI1P7QhM2bQypg1jSLoNosF8=
  
  cookie-signature@1.0.6:
    version "1.0.6"
    resolved "http://172.16.0.199:8081/repository/npm-hosted/cookie-signature/-/cookie-signature-1.0.6.tgz#e303a882b342cc3ee8ca513a79999734dab3ae2c"
    integrity sha1-4wOogrNCzD7oylE6eZmXNNqzriw=
  
  cookie@0.5.0:
    version "0.5.0"
    resolved "http://172.16.0.199:8081/repository/npm-hosted/cookie/-/cookie-0.5.0.tgz#d1f5d71adec6558c58f389987c366aa47e994f8b"
    integrity sha1-0fXXGt7GVYxY84mYfDZqpH6ZT4s=
  
  copy-to-clipboard@^3.0.0, copy-to-clipboard@^3.3.3:
    version "3.3.3"
    resolved "http://172.16.0.199:8081/repository/npm-hosted/copy-to-clipboard/-/copy-to-clipboard-3.3.3.tgz#55ac43a1db8ae639a4bd99511c148cdd1b83a1b0"
    integrity sha1-VaxDoduK5jmkvZlRHBSM3RuDobA=
    dependencies:
      toggle-selection "^1.0.6"
  
  copyfiles@~2.4.0:
    version "2.4.1"
    resolved "http://172.16.0.199:8081/repository/npm-hosted/copyfiles/-/copyfiles-2.4.1.tgz#d2dcff60aaad1015f09d0b66e7f0f1c5cd3c5da5"
    integrity sha1-0tz/YKqtEBXwnQtm5/Dxxc08XaU=
    dependencies:
      glob "^7.0.5"
      minimatch "^3.0.3"
      mkdirp "^1.0.4"
      noms "0.0.0"
      through2 "^2.0.1"
      untildify "^4.0.0"
      yargs "^16.1.0"
  
  core-js-compat@^3.16.0, core-js-compat@^3.16.2:
    version "3.33.2"
    resolved "http://172.16.0.199:8081/repository/npm-hosted/core-js-compat/-/core-js-compat-3.33.2.tgz#3ea4563bfd015ad4e4b52442865b02c62aba5085"
    integrity sha1-PqRWO/0BWtTktSRChlsCxiq6UIU=
    dependencies:
      browserslist "^4.22.1"
  
  core-js-pure@^3.23.3:
    version "3.30.2"
    resolved "http://172.16.0.199:8081/repository/npm-hosted/core-js-pure/-/core-js-pure-3.30.2.tgz#005a82551f4af3250dcfb46ed360fad32ced114e"
    integrity sha1-AFqCVR9K8yUNz7Ru02D60yztEU4=
  
  core-js@^2.4.0:
    version "2.6.12"
    resolved "http://172.16.0.199:8081/repository/npm-hosted/core-js/-/core-js-2.6.12.tgz#d9333dfa7b065e347cc5682219d6f690859cc2ec"
    integrity sha1-2TM9+nsGXjR8xWgiGdb2kIWcwuw=
  
  core-js@^3.19.0:
    version "3.27.2"
    resolved "http://172.16.0.199:8081/repository/npm-hosted/core-js/-/core-js-3.27.2.tgz#85b35453a424abdcacb97474797815f4d62ebbf7"
    integrity sha1-hbNUU6Qkq9ysuXR0eXgV9NYuu/c=
  
  core-util-is@1.0.2, core-util-is@~1.0.0:
    version "1.0.2"
    resolved "http://172.16.0.199:8081/repository/npm-hosted/core-util-is/-/core-util-is-1.0.2.tgz#b5fd54220aa2bc5ab57aab7140c940754503c1a7"
    integrity sha1-tf1UIgqivFq1eqtxQMlAdUUDwac=
  
  cosmiconfig@^7.0.0, cosmiconfig@^7.0.1, cosmiconfig@^7.1.0:
    version "7.1.0"
    resolved "http://172.16.0.199:8081/repository/npm-hosted/cosmiconfig/-/cosmiconfig-7.1.0.tgz#1443b9afa596b670082ea46cbd8f6a62b84635f6"
    integrity sha1-FEO5r6WWtnAILqRsvY9qYrhGNfY=
    dependencies:
      "@types/parse-json" "^4.0.0"
      import-fresh "^3.2.1"
      parse-json "^5.0.0"
      path-type "^4.0.0"
      yaml "^1.10.0"
  
  create-require@^1.1.0:
    version "1.1.1"
    resolved "http://172.16.0.199:8081/repository/npm-hosted/create-require/-/create-require-1.1.1.tgz#c1d7e8f1e5f6cfc9ff65f9cd352d37348756c333"
    integrity sha1-wdfo8eX2z8n/ZfnNNS03NIdWwzM=
  
  cross-env@~7.0.0:
    version "7.0.3"
    resolved "http://172.16.0.199:8081/repository/npm-hosted/cross-env/-/cross-env-7.0.3.tgz#865264b29677dc015ba8418918965dd232fc54cf"
    integrity sha1-hlJkspZ33AFbqEGJGJZd0jL8VM8=
    dependencies:
      cross-spawn "^7.0.1"
  
  cross-spawn@^6.0.5:
    version "6.0.5"
    resolved "http://172.16.0.199:8081/repository/npm-hosted/cross-spawn/-/cross-spawn-6.0.5.tgz#4a5ec7c64dfae22c3a14124dbacdee846d80cbc4"
    integrity sha1-Sl7Hxk364iw6FBJNus3uhG2Ay8Q=
    dependencies:
      nice-try "^1.0.4"
      path-key "^2.0.1"
      semver "^5.5.0"
      shebang-command "^1.2.0"
      which "^1.2.9"
  
  cross-spawn@^7.0.0, cross-spawn@^7.0.1, cross-spawn@^7.0.2, cross-spawn@^7.0.3:
    version "7.0.3"
    resolved "http://172.16.0.199:8081/repository/npm-hosted/cross-spawn/-/cross-spawn-7.0.3.tgz#f73a85b9d5d41d045551c177e2882d4ac85728a6"
    integrity sha1-9zqFudXUHQRVUcF34ogtSshXKKY=
    dependencies:
      path-key "^3.1.0"
      shebang-command "^2.0.0"
      which "^2.0.1"
  
  css-declaration-sorter@^6.3.1:
    version "6.4.1"
    resolved "http://172.16.0.199:8081/repository/npm-hosted/css-declaration-sorter/-/css-declaration-sorter-6.4.1.tgz#28beac7c20bad7f1775be3a7129d7eae409a3a71"
    integrity sha1-KL6sfCC61/F3W+OnEp1+rkCaOnE=
  
  css-functions-list@^3.1.0:
    version "3.2.1"
    resolved "http://172.16.0.199:8081/repository/npm-hosted/css-functions-list/-/css-functions-list-3.2.1.tgz#2eb205d8ce9f9ce74c5c1d7490b66b77c45ce3ea"
    integrity sha1-LrIF2M6fnOdMXB10kLZrd8Rc4+o=
  
  css-loader@^6.5.0:
    version "6.7.3"
    resolved "http://172.16.0.199:8081/repository/npm-hosted/css-loader/-/css-loader-6.7.3.tgz#1e8799f3ccc5874fdd55461af51137fcc5befbcd"
    integrity sha1-HoeZ88zFh0/dVUYa9RE3/MW++80=
    dependencies:
      icss-utils "^5.1.0"
      postcss "^8.4.19"
      postcss-modules-extract-imports "^3.0.0"
      postcss-modules-local-by-default "^4.0.0"
      postcss-modules-scope "^3.0.0"
      postcss-modules-values "^4.0.0"
      postcss-value-parser "^4.2.0"
      semver "^7.3.8"
  
  css-minimizer-webpack-plugin@^3.1.1:
    version "3.4.1"
    resolved "http://172.16.0.199:8081/repository/npm-hosted/css-minimizer-webpack-plugin/-/css-minimizer-webpack-plugin-3.4.1.tgz#ab78f781ced9181992fe7b6e4f3422e76429878f"
    integrity sha1-q3j3gc7ZGBmS/ntuTzQi52Qph48=
    dependencies:
      cssnano "^5.0.6"
      jest-worker "^27.0.2"
      postcss "^8.3.5"
      schema-utils "^4.0.0"
      serialize-javascript "^6.0.0"
      source-map "^0.6.1"
  
  css-select@^4.1.3:
    version "4.3.0"
    resolved "http://172.16.0.199:8081/repository/npm-hosted/css-select/-/css-select-4.3.0.tgz#db7129b2846662fd8628cfc496abb2b59e41529b"
    integrity sha1-23EpsoRmYv2GKM/ElquytZ5BUps=
    dependencies:
      boolbase "^1.0.0"
      css-what "^6.0.1"
      domhandler "^4.3.1"
      domutils "^2.8.0"
      nth-check "^2.0.1"
  
  css-tree@^1.1.2, css-tree@^1.1.3:
    version "1.1.3"
    resolved "http://172.16.0.199:8081/repository/npm-hosted/css-tree/-/css-tree-1.1.3.tgz#eb4870fb6fd7707327ec95c2ff2ab09b5e8db91d"
    integrity sha1-60hw+2/XcHMn7JXC/yqwm16NuR0=
    dependencies:
      mdn-data "2.0.14"
      source-map "^0.6.1"
  
  css-what@^6.0.1:
    version "6.1.0"
    resolved "http://172.16.0.199:8081/repository/npm-hosted/css-what/-/css-what-6.1.0.tgz#fb5effcf76f1ddea2c81bdfaa4de44e79bac70f4"
    integrity sha1-+17/z3bx3eosgb36pN5E55uscPQ=
  
  cssesc@^3.0.0:
    version "3.0.0"
    resolved "http://172.16.0.199:8081/repository/npm-hosted/cssesc/-/cssesc-3.0.0.tgz#37741919903b868565e1c09ea747445cd18983ee"
    integrity sha1-N3QZGZA7hoVl4cCep0dEXNGJg+4=
  
  cssnano-preset-default@^5.2.14:
    version "5.2.14"
    resolved "http://172.16.0.199:8081/repository/npm-hosted/cssnano-preset-default/-/cssnano-preset-default-5.2.14.tgz#309def4f7b7e16d71ab2438052093330d9ab45d8"
    integrity sha1-MJ3vT3t+FtcaskOAUgkzMNmrRdg=
    dependencies:
      css-declaration-sorter "^6.3.1"
      cssnano-utils "^3.1.0"
      postcss-calc "^8.2.3"
      postcss-colormin "^5.3.1"
      postcss-convert-values "^5.1.3"
      postcss-discard-comments "^5.1.2"
      postcss-discard-duplicates "^5.1.0"
      postcss-discard-empty "^5.1.1"
      postcss-discard-overridden "^5.1.0"
      postcss-merge-longhand "^5.1.7"
      postcss-merge-rules "^5.1.4"
      postcss-minify-font-values "^5.1.0"
      postcss-minify-gradients "^5.1.1"
      postcss-minify-params "^5.1.4"
      postcss-minify-selectors "^5.2.1"
      postcss-normalize-charset "^5.1.0"
      postcss-normalize-display-values "^5.1.0"
      postcss-normalize-positions "^5.1.1"
      postcss-normalize-repeat-style "^5.1.1"
      postcss-normalize-string "^5.1.0"
      postcss-normalize-timing-functions "^5.1.0"
      postcss-normalize-unicode "^5.1.1"
      postcss-normalize-url "^5.1.0"
      postcss-normalize-whitespace "^5.1.1"
      postcss-ordered-values "^5.1.3"
      postcss-reduce-initial "^5.1.2"
      postcss-reduce-transforms "^5.1.0"
      postcss-svgo "^5.1.0"
      postcss-unique-selectors "^5.1.1"
  
  cssnano-utils@^3.1.0:
    version "3.1.0"
    resolved "http://172.16.0.199:8081/repository/npm-hosted/cssnano-utils/-/cssnano-utils-3.1.0.tgz#95684d08c91511edfc70d2636338ca37ef3a6861"
    integrity sha1-lWhNCMkVEe38cNJjYzjKN+86aGE=
  
  cssnano@^5.0.6:
    version "5.1.15"
    resolved "http://172.16.0.199:8081/repository/npm-hosted/cssnano/-/cssnano-5.1.15.tgz#ded66b5480d5127fcb44dac12ea5a983755136bf"
    integrity sha1-3tZrVIDVEn/LRNrBLqWpg3VRNr8=
    dependencies:
      cssnano-preset-default "^5.2.14"
      lilconfig "^2.0.3"
      yaml "^1.10.2"
  
  csso@^4.2.0:
    version "4.2.0"
    resolved "http://172.16.0.199:8081/repository/npm-hosted/csso/-/csso-4.2.0.tgz#ea3a561346e8dc9f546d6febedd50187cf389529"
    integrity sha1-6jpWE0bo3J9UbW/r7dUBh884lSk=
    dependencies:
      css-tree "^1.1.2"
  
  cssom@^0.4.4:
    version "0.4.4"
    resolved "http://172.16.0.199:8081/repository/npm-hosted/cssom/-/cssom-0.4.4.tgz#5a66cf93d2d0b661d80bf6a44fb65f5c2e4e0a10"
    integrity sha1-WmbPk9LQtmHYC/akT7ZfXC5OChA=
  
  cssom@~0.3.6:
    version "0.3.8"
    resolved "http://172.16.0.199:8081/repository/npm-hosted/cssom/-/cssom-0.3.8.tgz#9f1276f5b2b463f2114d3f2c75250af8c1a36f4a"
    integrity sha1-nxJ29bK0Y/IRTT8sdSUK+MGjb0o=
  
  cssstyle@^2.3.0:
    version "2.3.0"
    resolved "http://172.16.0.199:8081/repository/npm-hosted/cssstyle/-/cssstyle-2.3.0.tgz#ff665a0ddbdc31864b09647f34163443d90b0852"
    integrity sha1-/2ZaDdvcMYZLCWR/NBY0Q9kLCFI=
    dependencies:
      cssom "~0.3.6"
  
  csstype@^3.0.10, csstype@^3.0.2:
    version "3.1.1"
    resolved "http://172.16.0.199:8081/repository/npm-hosted/csstype/-/csstype-3.1.1.tgz#841b532c45c758ee546a11d5bd7b7b473c8c30b9"
    integrity sha1-hBtTLEXHWO5UahHVvXt7RzyMMLk=
  
  cz-conventional-changelog@3.3.0, cz-conventional-changelog@~3.3.0:
    version "3.3.0"
    resolved "http://172.16.0.199:8081/repository/npm-hosted/cz-conventional-changelog/-/cz-conventional-changelog-3.3.0.tgz#9246947c90404149b3fe2cf7ee91acad3b7d22d2"
    integrity sha1-kkaUfJBAQUmz/iz37pGsrTt9ItI=
    dependencies:
      chalk "^2.4.1"
      commitizen "^4.0.3"
      conventional-commit-types "^3.0.0"
      lodash.map "^4.5.1"
      longest "^2.0.1"
      word-wrap "^1.0.3"
    optionalDependencies:
      "@commitlint/load" ">6.1.1"
  
  dargs@^7.0.0:
    version "7.0.0"
    resolved "http://172.16.0.199:8081/repository/npm-hosted/dargs/-/dargs-7.0.0.tgz#04015c41de0bcb69ec84050f3d9be0caf8d6d5cc"
    integrity sha1-BAFcQd4Ly2nshAUPPZvgyvjW1cw=
  
  dashdash@^1.12.0:
    version "1.14.1"
    resolved "http://172.16.0.199:8081/repository/npm-hosted/dashdash/-/dashdash-1.14.1.tgz#853cfa0f7cbe2fed5de20326b8dd581035f6e2f0"
    integrity sha1-hTz6D3y+L+1d4gMmuN1YEDX24vA=
    dependencies:
      assert-plus "^1.0.0"
  
  data-urls@^2.0.0:
    version "2.0.0"
    resolved "http://172.16.0.199:8081/repository/npm-hosted/data-urls/-/data-urls-2.0.0.tgz#156485a72963a970f5d5821aaf642bef2bf2db9b"
    integrity sha1-FWSFpyljqXD11YIar2Qr7yvy25s=
    dependencies:
      abab "^2.0.3"
      whatwg-mimetype "^2.3.0"
      whatwg-url "^8.0.0"
  
  dateformat@^3.0.0:
    version "3.0.3"
    resolved "http://172.16.0.199:8081/repository/npm-hosted/dateformat/-/dateformat-3.0.3.tgz#a6e37499a4d9a9cf85ef5872044d62901c9889ae"
    integrity sha1-puN0maTZqc+F71hyBE1ikByYia4=
  
  dayjs@^1.11.0, dayjs@^1.11.1:
    version "1.11.10"
    resolved "http://172.16.0.199:8081/repository/npm-hosted/dayjs/-/dayjs-1.11.10.tgz#68acea85317a6e164457d6d6947564029a6a16a0"
    integrity sha1-aKzqhTF6bhZEV9bWlHVkAppqFqA=
  
  debug@2.6.9:
    version "2.6.9"
    resolved "http://172.16.0.199:8081/repository/npm-hosted/debug/-/debug-2.6.9.tgz#5d128515df134ff327e90a4c93f4e077a536341f"
    integrity sha1-XRKFFd8TT/Mn6QpMk/Tgd6U2NB8=
    dependencies:
      ms "2.0.0"
  
  debug@4, debug@^4.0.0, debug@^4.1.0, debug@^4.1.1, debug@^4.2.0, debug@^4.3.2, debug@^4.3.3, debug@^4.3.4:
    version "4.3.4"
    resolved "http://172.16.0.199:8081/repository/npm-hosted/debug/-/debug-4.3.4.tgz#1319f6579357f2338d3337d2cdd4914bb5dcc865"
    integrity sha1-Exn2V5NX8jONMzfSzdSRS7XcyGU=
    dependencies:
      ms "2.1.2"
  
  debug@^3.2.7:
    version "3.2.7"
    resolved "http://172.16.0.199:8081/repository/npm-hosted/debug/-/debug-3.2.7.tgz#72580b7e9145fb39b6676f9c5e5fb100b934179a"
    integrity sha1-clgLfpFF+zm2Z2+cXl+xALk0F5o=
    dependencies:
      ms "^2.1.1"
  
  debuglog@^1.0.1:
    version "1.0.1"
    resolved "http://172.16.0.199:8081/repository/npm-hosted/debuglog/-/debuglog-1.0.1.tgz#aa24ffb9ac3df9a2351837cfb2d279360cd78492"
    integrity sha1-qiT/uaw9+aI1GDfPstJ5NgzXhJI=
  
  decamelize-keys@^1.1.0:
    version "1.1.1"
    resolved "http://172.16.0.199:8081/repository/npm-hosted/decamelize-keys/-/decamelize-keys-1.1.1.tgz#04a2d523b2f18d80d0158a43b895d56dff8d19d8"
    integrity sha1-BKLVI7LxjYDQFYpDuJXVbf+NGdg=
    dependencies:
      decamelize "^1.1.0"
      map-obj "^1.0.0"
  
  decamelize@^1.1.0, decamelize@^1.2.0:
    version "1.2.0"
    resolved "http://172.16.0.199:8081/repository/npm-hosted/decamelize/-/decamelize-1.2.0.tgz#f6534d15148269b20352e7bee26f501f9a191290"
    integrity sha1-9lNNFRSCabIDUue+4m9QH5oZEpA=
  
  decimal.js@^10.2.1:
    version "10.4.0"
    resolved "http://172.16.0.199:8081/repository/npm-hosted/decimal.js/-/decimal.js-10.4.0.tgz#97a7448873b01e92e5ff9117d89a7bca8e63e0fe"
    integrity sha1-l6dEiHOwHpLl/5EX2Jp7yo5j4P4=
  
  decode-uri-component@^0.2.2:
    version "0.2.2"
    resolved "http://172.16.0.199:8081/repository/npm-hosted/decode-uri-component/-/decode-uri-component-0.2.2.tgz#e69dbe25d37941171dd540e024c444cd5188e1e9"
    integrity sha1-5p2+JdN5QRcd1UDgJMREzVGI4ek=
  
  dedent@0.7.0, dedent@^0.7.0:
    version "0.7.0"
    resolved "http://172.16.0.199:8081/repository/npm-hosted/dedent/-/dedent-0.7.0.tgz#2495ddbaf6eb874abb0e1be9df22d2e5a544326c"
    integrity sha1-JJXduvbrh0q7Dhvp3yLS5aVEMmw=
  
  deep-extend@^0.6.0:
    version "0.6.0"
    resolved "http://172.16.0.199:8081/repository/npm-hosted/deep-extend/-/deep-extend-0.6.0.tgz#c4fa7c95404a17a9c3e8ca7e1537312b736330ac"
    integrity sha1-xPp8lUBKF6nD6Mp+FTcxK3NjMKw=
  
  deep-is@^0.1.3:
    version "0.1.4"
    resolved "http://172.16.0.199:8081/repository/npm-hosted/deep-is/-/deep-is-0.1.4.tgz#a6f2dce612fadd2ef1f519b73551f17e85199831"
    integrity sha1-pvLc5hL63S7x9Rm3NVHxfoUZmDE=
  
  deepmerge@^4.2.2:
    version "4.3.1"
    resolved "http://172.16.0.199:8081/repository/npm-hosted/deepmerge/-/deepmerge-4.3.1.tgz#44b5f2147cd3b00d4b56137685966f26fd25dd4a"
    integrity sha1-RLXyFHzTsA1LVhN2hZZvJv0l3Uo=
  
  default-gateway@^6.0.3:
    version "6.0.3"
    resolved "http://172.16.0.199:8081/repository/npm-hosted/default-gateway/-/default-gateway-6.0.3.tgz#819494c888053bdb743edbf343d6cdf7f2943a71"
    integrity sha1-gZSUyIgFO9t0PtvzQ9bN9/KUOnE=
    dependencies:
      execa "^5.0.0"
  
  defaults@^1.0.3:
    version "1.0.4"
    resolved "http://172.16.0.199:8081/repository/npm-hosted/defaults/-/defaults-1.0.4.tgz#b0b02062c1e2aa62ff5d9528f0f98baa90978d7a"
    integrity sha1-sLAgYsHiqmL/XZUo8PmLqpCXjXo=
    dependencies:
      clone "^1.0.2"
  
  define-data-property@^1.0.1, define-data-property@^1.1.1:
    version "1.1.1"
    resolved "http://172.16.0.199:8081/repository/npm-hosted/define-data-property/-/define-data-property-1.1.1.tgz#c35f7cd0ab09883480d12ac5cb213715587800b3"
    integrity sha1-w1980KsJiDSA0SrFyyE3FVh4ALM=
    dependencies:
      get-intrinsic "^1.2.1"
      gopd "^1.0.1"
      has-property-descriptors "^1.0.0"
  
  define-lazy-prop@^2.0.0:
    version "2.0.0"
    resolved "http://172.16.0.199:8081/repository/npm-hosted/define-lazy-prop/-/define-lazy-prop-2.0.0.tgz#3f7ae421129bcaaac9bc74905c98a0009ec9ee7f"
    integrity sha1-P3rkIRKbyqrJvHSQXJigAJ7J7n8=
  
  define-properties@^1.1.3, define-properties@^1.1.4:
    version "1.1.4"
    resolved "http://172.16.0.199:8081/repository/npm-hosted/define-properties/-/define-properties-1.1.4.tgz#0b14d7bd7fbeb2f3572c3a7eda80ea5d57fb05b1"
    integrity sha1-CxTXvX++svNXLDp+2oDqXVf7BbE=
    dependencies:
      has-property-descriptors "^1.0.0"
      object-keys "^1.1.1"
  
  define-properties@^1.2.0:
    version "1.2.1"
    resolved "http://172.16.0.199:8081/repository/npm-hosted/define-properties/-/define-properties-1.2.1.tgz#10781cc616eb951a80a034bafcaa7377f6af2b6c"
    integrity sha1-EHgcxhbrlRqAoDS6/Kpzd/avK2w=
    dependencies:
      define-data-property "^1.0.1"
      has-property-descriptors "^1.0.0"
      object-keys "^1.1.1"
  
  del@^4.1.1:
    version "4.1.1"
    resolved "http://172.16.0.199:8081/repository/npm-hosted/del/-/del-4.1.1.tgz#9e8f117222ea44a31ff3a156c049b99052a9f0b4"
    integrity sha1-no8RciLqRKMf86FWwEm5kFKp8LQ=
    dependencies:
      "@types/glob" "^7.1.1"
      globby "^6.1.0"
      is-path-cwd "^2.0.0"
      is-path-in-cwd "^2.0.0"
      p-map "^2.0.0"
      pify "^4.0.1"
      rimraf "^2.6.3"
  
  delayed-stream@~1.0.0:
    version "1.0.0"
    resolved "http://172.16.0.199:8081/repository/npm-hosted/delayed-stream/-/delayed-stream-1.0.0.tgz#df3ae199acadfb7d440aaae0b29e2272b24ec619"
    integrity sha1-3zrhmayt+31ECqrgsp4icrJOxhk=
  
  delegates@^1.0.0:
    version "1.0.0"
    resolved "http://172.16.0.199:8081/repository/npm-hosted/delegates/-/delegates-1.0.0.tgz#84c6e159b81904fdca59a0ef44cd870d31250f9a"
    integrity sha1-hMbhWbgZBP3KWaDvRM2HDTElD5o=
  
  depd@2.0.0:
    version "2.0.0"
    resolved "http://172.16.0.199:8081/repository/npm-hosted/depd/-/depd-2.0.0.tgz#b696163cc757560d09cf22cc8fad1571b79e76df"
    integrity sha1-tpYWPMdXVg0JzyLMj60Vcbeedt8=
  
  depd@~1.1.2:
    version "1.1.2"
    resolved "http://172.16.0.199:8081/repository/npm-hosted/depd/-/depd-1.1.2.tgz#9bcd52e14c097763e749b274c4346ed2e560b5a9"
    integrity sha1-m81S4UwJd2PnSbJ0xDRu0uVgtak=
  
  deprecation@^2.0.0, deprecation@^2.3.1:
    version "2.3.1"
    resolved "http://172.16.0.199:8081/repository/npm-hosted/deprecation/-/deprecation-2.3.1.tgz#6368cbdb40abf3373b525ac87e4a260c3a700919"
    integrity sha1-Y2jL20Cr8zc7UlrIfkomDDpwCRk=
  
  destroy@1.2.0:
    version "1.2.0"
    resolved "http://172.16.0.199:8081/repository/npm-hosted/destroy/-/destroy-1.2.0.tgz#4803735509ad8be552934c67df614f94e66fa015"
    integrity sha1-SANzVQmti+VSk0xn32FPlOZvoBU=
  
  detect-file@^1.0.0:
    version "1.0.0"
    resolved "http://172.16.0.199:8081/repository/npm-hosted/detect-file/-/detect-file-1.0.0.tgz#f0d66d03672a825cb1b73bdb3fe62310c8e552b7"
    integrity sha1-8NZtA2cqglyxtzvbP+YjEMjlUrc=
  
  detect-indent@6.1.0, detect-indent@^6.0.0:
    version "6.1.0"
    resolved "http://172.16.0.199:8081/repository/npm-hosted/detect-indent/-/detect-indent-6.1.0.tgz#592485ebbbf6b3b1ab2be175c8393d04ca0d57e6"
    integrity sha1-WSSF67v2s7GrK+F1yDk9BMoNV+Y=
  
  detect-indent@^5.0.0:
    version "5.0.0"
    resolved "http://172.16.0.199:8081/repository/npm-hosted/detect-indent/-/detect-indent-5.0.0.tgz#3871cc0a6a002e8c3e5b3cf7f336264675f06b9d"
    integrity sha1-OHHMCmoALow+Wzz38zYmRnXwa50=
  
  detect-newline@^3.0.0:
    version "3.1.0"
    resolved "http://172.16.0.199:8081/repository/npm-hosted/detect-newline/-/detect-newline-3.1.0.tgz#576f5dfc63ae1a192ff192d8ad3af6308991b651"
    integrity sha1-V29d/GOuGhkv8ZLYrTr2MImRtlE=
  
  detect-node@^2.0.4:
    version "2.1.0"
    resolved "http://172.16.0.199:8081/repository/npm-hosted/detect-node/-/detect-node-2.1.0.tgz#c9c70775a49c3d03bc2c06d9a73be550f978f8b1"
    integrity sha1-yccHdaScPQO8LAbZpzvlUPl4+LE=
  
  dezalgo@^1.0.0:
    version "1.0.4"
    resolved "http://172.16.0.199:8081/repository/npm-hosted/dezalgo/-/dezalgo-1.0.4.tgz#751235260469084c132157dfa857f386d4c33d81"
    integrity sha1-dRI1JgRpCEwTIVffqFfzhtTDPYE=
    dependencies:
      asap "^2.0.0"
      wrappy "1"
  
  diff-sequences@^27.5.1:
    version "27.5.1"
    resolved "http://172.16.0.199:8081/repository/npm-hosted/diff-sequences/-/diff-sequences-27.5.1.tgz#eaecc0d327fd68c8d9672a1e64ab8dccb2ef5327"
    integrity sha1-6uzA0yf9aMjZZyoeZKuNzLLvUyc=
  
  diff-sequences@^29.0.0:
    version "29.0.0"
    resolved "http://172.16.0.199:8081/repository/npm-hosted/diff-sequences/-/diff-sequences-29.0.0.tgz#bae49972ef3933556bcb0800b72e8579d19d9e4f"
    integrity sha1-uuSZcu85M1VrywgAty6FedGdnk8=
  
  diff@^4.0.1:
    version "4.0.2"
    resolved "http://172.16.0.199:8081/repository/npm-hosted/diff/-/diff-4.0.2.tgz#60f3aecb89d5fae520c11aa19efc2bb982aade7d"
    integrity sha1-YPOuy4nV+uUgwRqhnvwruYKq3n0=
  
  dir-glob@^3.0.1:
    version "3.0.1"
    resolved "http://172.16.0.199:8081/repository/npm-hosted/dir-glob/-/dir-glob-3.0.1.tgz#56dbf73d992a4a93ba1584f4534063fd2e41717f"
    integrity sha1-Vtv3PZkqSpO6FYT0U0Bj/S5BcX8=
    dependencies:
      path-type "^4.0.0"
  
  dns-equal@^1.0.0:
    version "1.0.0"
    resolved "http://172.16.0.199:8081/repository/npm-hosted/dns-equal/-/dns-equal-1.0.0.tgz#b39e7f1da6eb0a75ba9c17324b34753c47e0654d"
    integrity sha1-s55/HabrCnW6nBcySzR1PEfgZU0=
  
  dns-packet@^5.2.2:
    version "5.6.1"
    resolved "http://172.16.0.199:8081/repository/npm-hosted/dns-packet/-/dns-packet-5.6.1.tgz#ae888ad425a9d1478a0674256ab866de1012cf2f"
    integrity sha1-roiK1CWp0UeKBnQlarhm3hASzy8=
    dependencies:
      "@leichtgewicht/ip-codec" "^2.0.1"
  
  doctrine@^2.1.0:
    version "2.1.0"
    resolved "http://172.16.0.199:8081/repository/npm-hosted/doctrine/-/doctrine-2.1.0.tgz#5cd01fc101621b42c4cd7f5d1a66243716d3f39d"
    integrity sha1-XNAfwQFiG0LEzX9dGmYkNxbT850=
    dependencies:
      esutils "^2.0.2"
  
  doctrine@^3.0.0:
    version "3.0.0"
    resolved "http://172.16.0.199:8081/repository/npm-hosted/doctrine/-/doctrine-3.0.0.tgz#addebead72a6574db783639dc87a121773973961"
    integrity sha1-rd6+rXKmV023g2OdyHoSF3OXOWE=
    dependencies:
      esutils "^2.0.2"
  
  dom-converter@^0.2.0:
    version "0.2.0"
    resolved "http://172.16.0.199:8081/repository/npm-hosted/dom-converter/-/dom-converter-0.2.0.tgz#6721a9daee2e293682955b6afe416771627bb768"
    integrity sha1-ZyGp2u4uKTaClVtq/kFncWJ7t2g=
    dependencies:
      utila "~0.4"
  
  dom-serializer@^1.0.1:
    version "1.4.1"
    resolved "http://172.16.0.199:8081/repository/npm-hosted/dom-serializer/-/dom-serializer-1.4.1.tgz#de5d41b1aea290215dc45a6dae8adcf1d32e2d30"
    integrity sha1-3l1Bsa6ikCFdxFptrorc8dMuLTA=
    dependencies:
      domelementtype "^2.0.1"
      domhandler "^4.2.0"
      entities "^2.0.0"
  
  dom-serializer@^2.0.0:
    version "2.0.0"
    resolved "http://172.16.0.199:8081/repository/npm-hosted/dom-serializer/-/dom-serializer-2.0.0.tgz#e41b802e1eedf9f6cae183ce5e622d789d7d8e53"
    integrity sha1-5BuALh7t+fbK4YPOXmIteJ19jlM=
    dependencies:
      domelementtype "^2.3.0"
      domhandler "^5.0.2"
      entities "^4.2.0"
  
  domelementtype@^2.0.1, domelementtype@^2.2.0, domelementtype@^2.3.0:
    version "2.3.0"
    resolved "http://172.16.0.199:8081/repository/npm-hosted/domelementtype/-/domelementtype-2.3.0.tgz#5c45e8e869952626331d7aab326d01daf65d589d"
    integrity sha1-XEXo6GmVJiYzHXqrMm0B2vZdWJ0=
  
  domexception@^2.0.1:
    version "2.0.1"
    resolved "http://172.16.0.199:8081/repository/npm-hosted/domexception/-/domexception-2.0.1.tgz#fb44aefba793e1574b0af6aed2801d057529f304"
    integrity sha1-+0Su+6eT4VdLCvau0oAdBXUp8wQ=
    dependencies:
      webidl-conversions "^5.0.0"
  
  domhandler@^4.0.0, domhandler@^4.2.0, domhandler@^4.3.1:
    version "4.3.1"
    resolved "http://172.16.0.199:8081/repository/npm-hosted/domhandler/-/domhandler-4.3.1.tgz#8d792033416f59d68bc03a5aa7b018c1ca89279c"
    integrity sha1-jXkgM0FvWdaLwDpap7AYwcqJJ5w=
    dependencies:
      domelementtype "^2.2.0"
  
  domhandler@^5.0.2, domhandler@^5.0.3:
    version "5.0.3"
    resolved "http://172.16.0.199:8081/repository/npm-hosted/domhandler/-/domhandler-5.0.3.tgz#cc385f7f751f1d1fc650c21374804254538c7d31"
    integrity sha1-zDhff3UfHR/GUMITdIBCVFOMfTE=
    dependencies:
      domelementtype "^2.3.0"
  
  domutils@^2.5.2, domutils@^2.8.0:
    version "2.8.0"
    resolved "http://172.16.0.199:8081/repository/npm-hosted/domutils/-/domutils-2.8.0.tgz#4437def5db6e2d1f5d6ee859bd95ca7d02048135"
    integrity sha1-RDfe9dtuLR9dbuhZvZXKfQIEgTU=
    dependencies:
      dom-serializer "^1.0.1"
      domelementtype "^2.2.0"
      domhandler "^4.2.0"
  
  domutils@^3.0.1:
    version "3.1.0"
    resolved "http://172.16.0.199:8081/repository/npm-hosted/domutils/-/domutils-3.1.0.tgz#c47f551278d3dc4b0b1ab8cbb42d751a6f0d824e"
    integrity sha1-xH9VEnjT3EsLGrjLtC11Gm8Ngk4=
    dependencies:
      dom-serializer "^2.0.0"
      domelementtype "^2.3.0"
      domhandler "^5.0.3"
  
  dot-case@^3.0.4:
    version "3.0.4"
    resolved "http://172.16.0.199:8081/repository/npm-hosted/dot-case/-/dot-case-3.0.4.tgz#9b2b670d00a431667a8a75ba29cd1b98809ce751"
    integrity sha1-mytnDQCkMWZ6inW6Kc0bmICc51E=
    dependencies:
      no-case "^3.0.4"
      tslib "^2.0.3"
  
  dot-prop@^5.1.0:
    version "5.3.0"
    resolved "http://172.16.0.199:8081/repository/npm-hosted/dot-prop/-/dot-prop-5.3.0.tgz#90ccce708cd9cd82cc4dc8c3ddd9abdd55b20e88"
    integrity sha1-kMzOcIzZzYLMTcjD3dmr3VWyDog=
    dependencies:
      is-obj "^2.0.0"
  
  dot-prop@^6.0.1:
    version "6.0.1"
    resolved "http://172.16.0.199:8081/repository/npm-hosted/dot-prop/-/dot-prop-6.0.1.tgz#fc26b3cf142b9e59b74dbd39ed66ce620c681083"
    integrity sha1-/CazzxQrnlm3Tb057WbOYgxoEIM=
    dependencies:
      is-obj "^2.0.0"
  
  duplexer@^0.1.1, duplexer@^0.1.2:
    version "0.1.2"
    resolved "http://172.16.0.199:8081/repository/npm-hosted/duplexer/-/duplexer-0.1.2.tgz#3abe43aef3835f8ae077d136ddce0f276b0400e6"
    integrity sha1-Or5DrvODX4rgd9E23c4PJ2sEAOY=
  
  ecc-jsbn@~0.1.1:
    version "0.1.2"
    resolved "http://172.16.0.199:8081/repository/npm-hosted/ecc-jsbn/-/ecc-jsbn-0.1.2.tgz#3a83a904e54353287874c564b7549386849a98c9"
    integrity sha1-OoOpBOVDUyh4dMVkt1SThoSamMk=
    dependencies:
      jsbn "~0.1.0"
      safer-buffer "^2.1.0"
  
  ee-first@1.1.1:
    version "1.1.1"
    resolved "http://172.16.0.199:8081/repository/npm-hosted/ee-first/-/ee-first-1.1.1.tgz#590c61156b0ae2f4f0255732a158b266bc56b21d"
    integrity sha1-WQxhFWsK4vTwJVcyoViyZrxWsh0=
  
  electron-to-chromium@^1.4.251:
    version "1.4.475"
    resolved "http://172.16.0.199:8081/repository/npm-hosted/electron-to-chromium/-/electron-to-chromium-1.4.475.tgz#2fee0e2a70cc1538b94f7f90aabcc436e4dcc827"
    integrity sha1-L+4OKnDMFTi5T3+QqrzENuTcyCc=
  
  electron-to-chromium@^1.4.535:
    version "1.4.582"
    resolved "http://172.16.0.199:8081/repository/npm-hosted/electron-to-chromium/-/electron-to-chromium-1.4.582.tgz#4908215182266793499ac57d80e2680d7dd9b3db"
    integrity sha1-SQghUYImZ5NJmsV9gOJoDX3Zs9s=
  
  emittery@^0.8.1:
    version "0.8.1"
    resolved "http://172.16.0.199:8081/repository/npm-hosted/emittery/-/emittery-0.8.1.tgz#bb23cc86d03b30aa75a7f734819dee2e1ba70860"
    integrity sha1-uyPMhtA7MKp1p/c0gZ3uLhunCGA=
  
  emoji-regex@^8.0.0:
    version "8.0.0"
    resolved "http://172.16.0.199:8081/repository/npm-hosted/emoji-regex/-/emoji-regex-8.0.0.tgz#e818fd69ce5ccfcb404594f842963bf53164cc37"
    integrity sha1-6Bj9ac5cz8tARZT4QpY79TFkzDc=
  
  emojis-list@^3.0.0:
    version "3.0.0"
    resolved "http://172.16.0.199:8081/repository/npm-hosted/emojis-list/-/emojis-list-3.0.0.tgz#5570662046ad29e2e916e71aae260abdff4f6a78"
    integrity sha1-VXBmIEatKeLpFucariYKvf9Pang=
  
  encodeurl@~1.0.2:
    version "1.0.2"
    resolved "http://172.16.0.199:8081/repository/npm-hosted/encodeurl/-/encodeurl-1.0.2.tgz#ad3ff4c86ec2d029322f5a02c3a9a606c95b3f59"
    integrity sha1-rT/0yG7C0CkyL1oCw6mmBslbP1k=
  
  encoding@^0.1.12:
    version "0.1.13"
    resolved "http://172.16.0.199:8081/repository/npm-hosted/encoding/-/encoding-0.1.13.tgz#56574afdd791f54a8e9b2785c0582a2d26210fa9"
    integrity sha1-VldK/deR9UqOmyeFwFgqLSYhD6k=
    dependencies:
      iconv-lite "^0.6.2"
  
  end-of-stream@^1.1.0:
    version "1.4.4"
    resolved "http://172.16.0.199:8081/repository/npm-hosted/end-of-stream/-/end-of-stream-1.4.4.tgz#5ae64a5f45057baf3626ec14da0ca5e4b2431eb0"
    integrity sha1-WuZKX0UFe682JuwU2gyl5LJDHrA=
    dependencies:
      once "^1.4.0"
  
  enhanced-resolve@^5.10.0, enhanced-resolve@^5.7.0:
    version "5.12.0"
    resolved "http://172.16.0.199:8081/repository/npm-hosted/enhanced-resolve/-/enhanced-resolve-5.12.0.tgz#300e1c90228f5b570c4d35babf263f6da7155634"
    integrity sha1-MA4ckCKPW1cMTTW6vyY/bacVVjQ=
    dependencies:
      graceful-fs "^4.2.4"
      tapable "^2.2.0"
  
  enquirer@^2.3.6:
    version "2.4.1"
    resolved "http://172.16.0.199:8081/repository/npm-hosted/enquirer/-/enquirer-2.4.1.tgz#93334b3fbd74fc7097b224ab4a8fb7e40bf4ae56"
    integrity sha1-kzNLP710/HCXsiSrSo+35Av0rlY=
    dependencies:
      ansi-colors "^4.1.1"
      strip-ansi "^6.0.1"
  
  entities@^2.0.0:
    version "2.2.0"
    resolved "http://172.16.0.199:8081/repository/npm-hosted/entities/-/entities-2.2.0.tgz#098dc90ebb83d8dffa089d55256b351d34c4da55"
    integrity sha1-CY3JDruD2N/6CJ1VJWs1HTTE2lU=
  
  entities@^4.2.0, entities@^4.4.0:
    version "4.5.0"
    resolved "http://172.16.0.199:8081/repository/npm-hosted/entities/-/entities-4.5.0.tgz#5d268ea5e7113ec74c4d033b79ea5a35a488fb48"
    integrity sha1-XSaOpecRPsdMTQM7eepaNaSI+0g=
  
  env-paths@^2.2.0:
    version "2.2.1"
    resolved "http://172.16.0.199:8081/repository/npm-hosted/env-paths/-/env-paths-2.2.1.tgz#420399d416ce1fbe9bc0a07c62fa68d67fd0f8f2"
    integrity sha1-QgOZ1BbOH76bwKB8Yvpo1n/Q+PI=
  
  envinfo@^7.7.4:
    version "7.8.1"
    resolved "http://172.16.0.199:8081/repository/npm-hosted/envinfo/-/envinfo-7.8.1.tgz#06377e3e5f4d379fea7ac592d5ad8927e0c4d475"
    integrity sha1-Bjd+Pl9NN5/qesWS1a2JJ+DE1HU=
  
  err-code@^2.0.2:
    version "2.0.3"
    resolved "http://172.16.0.199:8081/repository/npm-hosted/err-code/-/err-code-2.0.3.tgz#23c2f3b756ffdfc608d30e27c9a941024807e7f9"
    integrity sha1-I8Lzt1b/38YI0w4nyalBAkgH5/k=
  
  errno@^0.1.1:
    version "0.1.8"
    resolved "http://172.16.0.199:8081/repository/npm-hosted/errno/-/errno-0.1.8.tgz#8bb3e9c7d463be4976ff888f76b4809ebc2e811f"
    integrity sha1-i7Ppx9Rjvkl2/4iPdrSAnrwugR8=
    dependencies:
      prr "~1.0.1"
  
  error-ex@^1.3.1:
    version "1.3.2"
    resolved "http://172.16.0.199:8081/repository/npm-hosted/error-ex/-/error-ex-1.3.2.tgz#b4ac40648107fdcdcfae242f428bea8a14d4f1bf"
    integrity sha1-tKxAZIEH/c3PriQvQovqihTU8b8=
    dependencies:
      is-arrayish "^0.2.1"
  
  error-stack-parser@^2.0.6:
    version "2.1.4"
    resolved "http://172.16.0.199:8081/repository/npm-hosted/error-stack-parser/-/error-stack-parser-2.1.4.tgz#229cb01cdbfa84440bfa91876285b94680188286"
    integrity sha1-IpywHNv6hEQL+pGHYoW5RoAYgoY=
    dependencies:
      stackframe "^1.3.4"
  
  es-abstract@^1.20.4:
    version "1.21.2"
    resolved "http://172.16.0.199:8081/repository/npm-hosted/es-abstract/-/es-abstract-1.21.2.tgz#a56b9695322c8a185dc25975aa3b8ec31d0e7eff"
    integrity sha1-pWuWlTIsihhdwll1qjuOwx0Ofv8=
    dependencies:
      array-buffer-byte-length "^1.0.0"
      available-typed-arrays "^1.0.5"
      call-bind "^1.0.2"
      es-set-tostringtag "^2.0.1"
      es-to-primitive "^1.2.1"
      function.prototype.name "^1.1.5"
      get-intrinsic "^1.2.0"
      get-symbol-description "^1.0.0"
      globalthis "^1.0.3"
      gopd "^1.0.1"
      has "^1.0.3"
      has-property-descriptors "^1.0.0"
      has-proto "^1.0.1"
      has-symbols "^1.0.3"
      internal-slot "^1.0.5"
      is-array-buffer "^3.0.2"
      is-callable "^1.2.7"
      is-negative-zero "^2.0.2"
      is-regex "^1.1.4"
      is-shared-array-buffer "^1.0.2"
      is-string "^1.0.7"
      is-typed-array "^1.1.10"
      is-weakref "^1.0.2"
      object-inspect "^1.12.3"
      object-keys "^1.1.1"
      object.assign "^4.1.4"
      regexp.prototype.flags "^1.4.3"
      safe-regex-test "^1.0.0"
      string.prototype.trim "^1.2.7"
      string.prototype.trimend "^1.0.6"
      string.prototype.trimstart "^1.0.6"
      typed-array-length "^1.0.4"
      unbox-primitive "^1.0.2"
      which-typed-array "^1.1.9"
  
  es-abstract@^1.22.1:
    version "1.22.3"
    resolved "http://172.16.0.199:8081/repository/npm-hosted/es-abstract/-/es-abstract-1.22.3.tgz#48e79f5573198de6dee3589195727f4f74bc4f32"
    integrity sha1-SOefVXMZjebe41iRlXJ/T3S8TzI=
    dependencies:
      array-buffer-byte-length "^1.0.0"
      arraybuffer.prototype.slice "^1.0.2"
      available-typed-arrays "^1.0.5"
      call-bind "^1.0.5"
      es-set-tostringtag "^2.0.1"
      es-to-primitive "^1.2.1"
      function.prototype.name "^1.1.6"
      get-intrinsic "^1.2.2"
      get-symbol-description "^1.0.0"
      globalthis "^1.0.3"
      gopd "^1.0.1"
      has-property-descriptors "^1.0.0"
      has-proto "^1.0.1"
      has-symbols "^1.0.3"
      hasown "^2.0.0"
      internal-slot "^1.0.5"
      is-array-buffer "^3.0.2"
      is-callable "^1.2.7"
      is-negative-zero "^2.0.2"
      is-regex "^1.1.4"
      is-shared-array-buffer "^1.0.2"
      is-string "^1.0.7"
      is-typed-array "^1.1.12"
      is-weakref "^1.0.2"
      object-inspect "^1.13.1"
      object-keys "^1.1.1"
      object.assign "^4.1.4"
      regexp.prototype.flags "^1.5.1"
      safe-array-concat "^1.0.1"
      safe-regex-test "^1.0.0"
      string.prototype.trim "^1.2.8"
      string.prototype.trimend "^1.0.7"
      string.prototype.trimstart "^1.0.7"
      typed-array-buffer "^1.0.0"
      typed-array-byte-length "^1.0.0"
      typed-array-byte-offset "^1.0.0"
      typed-array-length "^1.0.4"
      unbox-primitive "^1.0.2"
      which-typed-array "^1.1.13"
  
  es-array-method-boxes-properly@^1.0.0:
    version "1.0.0"
    resolved "http://172.16.0.199:8081/repository/npm-hosted/es-array-method-boxes-properly/-/es-array-method-boxes-properly-1.0.0.tgz#873f3e84418de4ee19c5be752990b2e44718d09e"
    integrity sha1-hz8+hEGN5O4Zxb51KZCy5EcY0J4=
  
  es-module-lexer@^0.9.0:
    version "0.9.3"
    resolved "http://172.16.0.199:8081/repository/npm-hosted/es-module-lexer/-/es-module-lexer-0.9.3.tgz#6f13db00cc38417137daf74366f535c8eb438f19"
    integrity sha1-bxPbAMw4QXE32vdDZvU1yOtDjxk=
  
  es-set-tostringtag@^2.0.1:
    version "2.0.1"
    resolved "http://172.16.0.199:8081/repository/npm-hosted/es-set-tostringtag/-/es-set-tostringtag-2.0.1.tgz#338d502f6f674301d710b80c8592de8a15f09cd8"
    integrity sha1-M41QL29nQwHXELgMhZLeihXwnNg=
    dependencies:
      get-intrinsic "^1.1.3"
      has "^1.0.3"
      has-tostringtag "^1.0.0"
  
  es-shim-unscopables@^1.0.0:
    version "1.0.2"
    resolved "http://172.16.0.199:8081/repository/npm-hosted/es-shim-unscopables/-/es-shim-unscopables-1.0.2.tgz#1f6942e71ecc7835ed1c8a83006d8771a63a3763"
    integrity sha1-H2lC5x7MeDXtHIqDAG2HcaY6N2M=
    dependencies:
      hasown "^2.0.0"
  
  es-to-primitive@^1.2.1:
    version "1.2.1"
    resolved "http://172.16.0.199:8081/repository/npm-hosted/es-to-primitive/-/es-to-primitive-1.2.1.tgz#e55cd4c9cdc188bcefb03b366c736323fc5c898a"
    integrity sha1-5VzUyc3BiLzvsDs2bHNjI/xciYo=
    dependencies:
      is-callable "^1.1.4"
      is-date-object "^1.0.1"
      is-symbol "^1.0.2"
  
  es6-error@^4.1.1:
    version "4.1.1"
    resolved "http://172.16.0.199:8081/repository/npm-hosted/es6-error/-/es6-error-4.1.1.tgz#9e3af407459deed47e9a91f9b885a84eb05c561d"
    integrity sha1-njr0B0Wd7tR+mpH5uIWoTrBcVh0=
  
  escalade@^3.1.1:
    version "3.1.1"
    resolved "http://172.16.0.199:8081/repository/npm-hosted/escalade/-/escalade-3.1.1.tgz#d8cfdc7000965c5a0174b4a82eaa5c0552742e40"
    integrity sha1-2M/ccACWXFoBdLSoLqpcBVJ0LkA=
  
  escape-html@~1.0.3:
    version "1.0.3"
    resolved "http://172.16.0.199:8081/repository/npm-hosted/escape-html/-/escape-html-1.0.3.tgz#0258eae4d3d0c0974de1c169188ef0051d1d1988"
    integrity sha1-Aljq5NPQwJdN4cFpGI7wBR0dGYg=
  
  escape-string-regexp@^1.0.5:
    version "1.0.5"
    resolved "http://172.16.0.199:8081/repository/npm-hosted/escape-string-regexp/-/escape-string-regexp-1.0.5.tgz#1b61c0562190a8dff6ae3bb2cf0200ca130b86d4"
    integrity sha1-G2HAViGQqN/2rjuyzwIAyhMLhtQ=
  
  escape-string-regexp@^2.0.0:
    version "2.0.0"
    resolved "http://172.16.0.199:8081/repository/npm-hosted/escape-string-regexp/-/escape-string-regexp-2.0.0.tgz#a30304e99daa32e23b2fd20f51babd07cffca344"
    integrity sha1-owME6Z2qMuI7L9IPUbq9B8/8o0Q=
  
  escape-string-regexp@^4.0.0:
    version "4.0.0"
    resolved "http://172.16.0.199:8081/repository/npm-hosted/escape-string-regexp/-/escape-string-regexp-4.0.0.tgz#14ba83a5d373e3d311e5afca29cf5bfad965bf34"
    integrity sha1-FLqDpdNz49MR5a/KKc9b+tllvzQ=
  
  escodegen@^2.0.0:
    version "2.1.0"
    resolved "http://172.16.0.199:8081/repository/npm-hosted/escodegen/-/escodegen-2.1.0.tgz#ba93bbb7a43986d29d6041f99f5262da773e2e17"
    integrity sha1-upO7t6Q5htKdYEH5n1Ji2nc+Lhc=
    dependencies:
      esprima "^4.0.1"
      estraverse "^5.2.0"
      esutils "^2.0.2"
    optionalDependencies:
      source-map "~0.6.1"
  
  eslint-config-prettier@^8.3.0:
    version "8.10.0"
    resolved "http://172.16.0.199:8081/repository/npm-hosted/eslint-config-prettier/-/eslint-config-prettier-8.10.0.tgz#3a06a662130807e2502fc3ff8b4143d8a0658e11"
    integrity sha1-OgamYhMIB+JQL8P/i0FD2KBljhE=
  
  eslint-import-resolver-node@^0.3.7:
    version "0.3.9"
    resolved "http://172.16.0.199:8081/repository/npm-hosted/eslint-import-resolver-node/-/eslint-import-resolver-node-0.3.9.tgz#d4eaac52b8a2e7c3cd1903eb00f7e053356118ac"
    integrity sha1-1OqsUrii58PNGQPrAPfgUzVhGKw=
    dependencies:
      debug "^3.2.7"
      is-core-module "^2.13.0"
      resolve "^1.22.4"
  
  eslint-module-utils@^2.7.4:
    version "2.8.0"
    resolved "http://172.16.0.199:8081/repository/npm-hosted/eslint-module-utils/-/eslint-module-utils-2.8.0.tgz#e439fee65fc33f6bba630ff621efc38ec0375c49"
    integrity sha1-5Dn+5l/DP2u6Yw/2Ie/DjsA3XEk=
    dependencies:
      debug "^3.2.7"
  
  eslint-plugin-import@^2.25.2:
    version "2.27.5"
    resolved "http://172.16.0.199:8081/repository/npm-hosted/eslint-plugin-import/-/eslint-plugin-import-2.27.5.tgz#876a6d03f52608a3e5bb439c2550588e51dd6c65"
    integrity sha1-h2ptA/UmCKPlu0OcJVBYjlHdbGU=
    dependencies:
      array-includes "^3.1.6"
      array.prototype.flat "^1.3.1"
      array.prototype.flatmap "^1.3.1"
      debug "^3.2.7"
      doctrine "^2.1.0"
      eslint-import-resolver-node "^0.3.7"
      eslint-module-utils "^2.7.4"
      has "^1.0.3"
      is-core-module "^2.11.0"
      is-glob "^4.0.3"
      minimatch "^3.1.2"
      object.values "^1.1.6"
      resolve "^1.22.1"
      semver "^6.3.0"
      tsconfig-paths "^3.14.1"
  
  eslint-plugin-markdown@^2.2.1:
    version "2.2.1"
    resolved "http://172.16.0.199:8081/repository/npm-hosted/eslint-plugin-markdown/-/eslint-plugin-markdown-2.2.1.tgz#76b8a970099fbffc6cc1ffcad9772b96911c027a"
    integrity sha1-dripcAmfv/xswf/K2XcrlpEcAno=
    dependencies:
      mdast-util-from-markdown "^0.8.5"
  
  eslint-plugin-prettier@^4.0.0:
    version "4.2.1"
    resolved "http://172.16.0.199:8081/repository/npm-hosted/eslint-plugin-prettier/-/eslint-plugin-prettier-4.2.1.tgz#651cbb88b1dab98bfd42f017a12fa6b2d993f94b"
    integrity sha1-ZRy7iLHauYv9QvAXoS+mstmT+Us=
    dependencies:
      prettier-linter-helpers "^1.0.0"
  
  eslint-plugin-react-hooks@^4.2.0:
    version "4.6.0"
    resolved "http://172.16.0.199:8081/repository/npm-hosted/eslint-plugin-react-hooks/-/eslint-plugin-react-hooks-4.6.0.tgz#4c3e697ad95b77e93f8646aaa1630c1ba607edd3"
    integrity sha1-TD5petlbd+k/hkaqoWMMG6YH7dM=
  
  eslint-plugin-react@^7.26.1:
    version "7.32.2"
    resolved "http://172.16.0.199:8081/repository/npm-hosted/eslint-plugin-react/-/eslint-plugin-react-7.32.2.tgz#e71f21c7c265ebce01bcbc9d0955170c55571f10"
    integrity sha1-5x8hx8Jl684BvLydCVUXDFVXHxA=
    dependencies:
      array-includes "^3.1.6"
      array.prototype.flatmap "^1.3.1"
      array.prototype.tosorted "^1.1.1"
      doctrine "^2.1.0"
      estraverse "^5.3.0"
      jsx-ast-utils "^2.4.1 || ^3.0.0"
      minimatch "^3.1.2"
      object.entries "^1.1.6"
      object.fromentries "^2.0.6"
      object.hasown "^1.1.2"
      object.values "^1.1.6"
      prop-types "^15.8.1"
      resolve "^2.0.0-next.4"
      semver "^6.3.0"
      string.prototype.matchall "^4.0.8"
  
  eslint-plugin-tsdoc@^0.2.14:
    version "0.2.17"
    resolved "http://172.16.0.199:8081/repository/npm-hosted/eslint-plugin-tsdoc/-/eslint-plugin-tsdoc-0.2.17.tgz#27789495bbd8778abbf92db1707fec2ed3dfe281"
    integrity sha1-J3iUlbvYd4q7+S2xcH/sLtPf4oE=
    dependencies:
      "@microsoft/tsdoc" "0.14.2"
      "@microsoft/tsdoc-config" "0.16.2"
  
  eslint-plugin-vue@^8.0.1:
    version "8.7.1"
    resolved "http://172.16.0.199:8081/repository/npm-hosted/eslint-plugin-vue/-/eslint-plugin-vue-8.7.1.tgz#f13c53547a0c9d64588a675cc5ecc6ccaf63703f"
    integrity sha1-8TxTVHoMnWRYimdcxezGzK9jcD8=
    dependencies:
      eslint-utils "^3.0.0"
      natural-compare "^1.4.0"
      nth-check "^2.0.1"
      postcss-selector-parser "^6.0.9"
      semver "^7.3.5"
      vue-eslint-parser "^8.0.1"
  
  eslint-scope@5.1.1, eslint-scope@^5.1.1:
    version "5.1.1"
    resolved "http://172.16.0.199:8081/repository/npm-hosted/eslint-scope/-/eslint-scope-5.1.1.tgz#e786e59a66cb92b3f6c1fb0d508aab174848f48c"
    integrity sha1-54blmmbLkrP2wfsNUIqrF0hI9Iw=
    dependencies:
      esrecurse "^4.3.0"
      estraverse "^4.1.1"
  
  eslint-scope@^7.0.0, eslint-scope@^7.1.1:
    version "7.2.2"
    resolved "http://172.16.0.199:8081/repository/npm-hosted/eslint-scope/-/eslint-scope-7.2.2.tgz#deb4f92563390f32006894af62a22dba1c46423f"
    integrity sha1-3rT5JWM5DzIAaJSvYqItuhxGQj8=
    dependencies:
      esrecurse "^4.3.0"
      estraverse "^5.2.0"
  
  eslint-utils@^3.0.0:
    version "3.0.0"
    resolved "http://172.16.0.199:8081/repository/npm-hosted/eslint-utils/-/eslint-utils-3.0.0.tgz#8aebaface7345bb33559db0a1f13a1d2d48c3672"
    integrity sha1-iuuvrOc0W7M1WdsKHxOh0tSMNnI=
    dependencies:
      eslint-visitor-keys "^2.0.0"
  
  eslint-visitor-keys@^2.0.0, eslint-visitor-keys@^2.1.0:
    version "2.1.0"
    resolved "http://172.16.0.199:8081/repository/npm-hosted/eslint-visitor-keys/-/eslint-visitor-keys-2.1.0.tgz#f65328259305927392c938ed44eb0a5c9b2bd303"
    integrity sha1-9lMoJZMFknOSyTjtROsKXJsr0wM=
  
  eslint-visitor-keys@^3.1.0, eslint-visitor-keys@^3.3.0, eslint-visitor-keys@^3.4.1:
    version "3.4.3"
    resolved "http://172.16.0.199:8081/repository/npm-hosted/eslint-visitor-keys/-/eslint-visitor-keys-3.4.3.tgz#0cd72fe8550e3c2eae156a96a4dddcd1c8ac5800"
    integrity sha1-DNcv6FUOPC6uFWqWpN3c0cisWAA=
  
  eslint-webpack-plugin@^3.1.0:
    version "3.2.0"
    resolved "http://172.16.0.199:8081/repository/npm-hosted/eslint-webpack-plugin/-/eslint-webpack-plugin-3.2.0.tgz#1978cdb9edc461e4b0195a20da950cf57988347c"
    integrity sha1-GXjNue3EYeSwGVog2pUM9XmINHw=
    dependencies:
      "@types/eslint" "^7.29.0 || ^8.4.1"
      jest-worker "^28.0.2"
      micromatch "^4.0.5"
      normalize-path "^3.0.0"
      schema-utils "^4.0.0"
  
  eslint@^8.1.0:
    version "8.33.0"
    resolved "http://172.16.0.199:8081/repository/npm-hosted/eslint/-/eslint-8.33.0.tgz#02f110f32998cb598c6461f24f4d306e41ca33d7"
    integrity sha1-AvEQ8ymYy1mMZGHyT00wbkHKM9c=
    dependencies:
      "@eslint/eslintrc" "^1.4.1"
      "@humanwhocodes/config-array" "^0.11.8"
      "@humanwhocodes/module-importer" "^1.0.1"
      "@nodelib/fs.walk" "^1.2.8"
      ajv "^6.10.0"
      chalk "^4.0.0"
      cross-spawn "^7.0.2"
      debug "^4.3.2"
      doctrine "^3.0.0"
      escape-string-regexp "^4.0.0"
      eslint-scope "^7.1.1"
      eslint-utils "^3.0.0"
      eslint-visitor-keys "^3.3.0"
      espree "^9.4.0"
      esquery "^1.4.0"
      esutils "^2.0.2"
      fast-deep-equal "^3.1.3"
      file-entry-cache "^6.0.1"
      find-up "^5.0.0"
      glob-parent "^6.0.2"
      globals "^13.19.0"
      grapheme-splitter "^1.0.4"
      ignore "^5.2.0"
      import-fresh "^3.0.0"
      imurmurhash "^0.1.4"
      is-glob "^4.0.0"
      is-path-inside "^3.0.3"
      js-sdsl "^4.1.4"
      js-yaml "^4.1.0"
      json-stable-stringify-without-jsonify "^1.0.1"
      levn "^0.4.1"
      lodash.merge "^4.6.2"
      minimatch "^3.1.2"
      natural-compare "^1.4.0"
      optionator "^0.9.1"
      regexpp "^3.2.0"
      strip-ansi "^6.0.1"
      strip-json-comments "^3.1.0"
      text-table "^0.2.0"
  
  espree@^9.0.0, espree@^9.4.0:
    version "9.6.1"
    resolved "http://172.16.0.199:8081/repository/npm-hosted/espree/-/espree-9.6.1.tgz#a2a17b8e434690a5432f2f8018ce71d331a48c6f"
    integrity sha1-oqF7jkNGkKVDLy+AGM5x0zGkjG8=
    dependencies:
      acorn "^8.9.0"
      acorn-jsx "^5.3.2"
      eslint-visitor-keys "^3.4.1"
  
  esprima@^4.0.0, esprima@^4.0.1:
    version "4.0.1"
    resolved "http://172.16.0.199:8081/repository/npm-hosted/esprima/-/esprima-4.0.1.tgz#13b04cdb3e6c5d19df91ab6987a8695619b0aa71"
    integrity sha1-E7BM2z5sXRnfkatph6hpVhmwqnE=
  
  esquery@^1.4.0:
    version "1.4.0"
    resolved "http://172.16.0.199:8081/repository/npm-hosted/esquery/-/esquery-1.4.0.tgz#2148ffc38b82e8c7057dfed48425b3e61f0f24a5"
    integrity sha1-IUj/w4uC6McFff7UhCWz5h8PJKU=
    dependencies:
      estraverse "^5.1.0"
  
  esrecurse@^4.3.0:
    version "4.3.0"
    resolved "http://172.16.0.199:8081/repository/npm-hosted/esrecurse/-/esrecurse-4.3.0.tgz#7ad7964d679abb28bee72cec63758b1c5d2c9921"
    integrity sha1-eteWTWeauyi+5yzsY3WLHF0smSE=
    dependencies:
      estraverse "^5.2.0"
  
  estraverse@^4.1.1:
    version "4.3.0"
    resolved "http://172.16.0.199:8081/repository/npm-hosted/estraverse/-/estraverse-4.3.0.tgz#398ad3f3c5a24948be7725e83d11a7de28cdbd1d"
    integrity sha1-OYrT88WiSUi+dyXoPRGn3ijNvR0=
  
  estraverse@^5.1.0, estraverse@^5.2.0, estraverse@^5.3.0:
    version "5.3.0"
    resolved "http://172.16.0.199:8081/repository/npm-hosted/estraverse/-/estraverse-5.3.0.tgz#2eea5290702f26ab8fe5370370ff86c965d21123"
    integrity sha1-LupSkHAvJquP5TcDcP+GyWXSESM=
  
  estree-walker@^0.2.1:
    version "0.2.1"
    resolved "http://172.16.0.199:8081/repository/npm-hosted/estree-walker/-/estree-walker-0.2.1.tgz#bdafe8095383d8414d5dc2ecf4c9173b6db9412e"
    integrity sha1-va/oCVOD2EFNXcLs9MkXO225QS4=
  
  estree-walker@^1.0.1:
    version "1.0.1"
    resolved "http://172.16.0.199:8081/repository/npm-hosted/estree-walker/-/estree-walker-1.0.1.tgz#31bc5d612c96b704106b477e6dd5d8aa138cb700"
    integrity sha1-MbxdYSyWtwQQa0d+bdXYqhOMtwA=
  
  estree-walker@^2.0.1:
    version "2.0.2"
    resolved "http://172.16.0.199:8081/repository/npm-hosted/estree-walker/-/estree-walker-2.0.2.tgz#52f010178c2a4c117a7757cfe942adb7d2da4cac"
    integrity sha1-UvAQF4wqTBF6d1fP6UKtt9LaTKw=
  
  esutils@^2.0.2:
    version "2.0.3"
    resolved "http://172.16.0.199:8081/repository/npm-hosted/esutils/-/esutils-2.0.3.tgz#74d2eb4de0b8da1293711910d50775b9b710ef64"
    integrity sha1-dNLrTeC42hKTcRkQ1Qd1ubcQ72Q=
  
  etag@~1.8.1:
    version "1.8.1"
    resolved "http://172.16.0.199:8081/repository/npm-hosted/etag/-/etag-1.8.1.tgz#41ae2eeb65efa62268aebfea83ac7d79299b0887"
    integrity sha1-Qa4u62XvpiJorr/qg6x9eSmbCIc=
  
  eventemitter3@^4.0.0, eventemitter3@^4.0.4:
    version "4.0.7"
    resolved "http://172.16.0.199:8081/repository/npm-hosted/eventemitter3/-/eventemitter3-4.0.7.tgz#2de9b68f6528d5644ef5c59526a1b4a07306169f"
    integrity sha1-Lem2j2Uo1WRO9cWVJqG0oHMGFp8=
  
  events@^3.2.0:
    version "3.3.0"
    resolved "http://172.16.0.199:8081/repository/npm-hosted/events/-/events-3.3.0.tgz#31a95ad0a924e2d2c419a813aeb2c4e878ea7400"
    integrity sha1-Mala0Kkk4tLEGagTrrLE6HjqdAA=
  
  execa@^4.1.0:
    version "4.1.0"
    resolved "http://172.16.0.199:8081/repository/npm-hosted/execa/-/execa-4.1.0.tgz#4e5491ad1572f2f17a77d388c6c857135b22847a"
    integrity sha1-TlSRrRVy8vF6d9OIxshXE1sihHo=
    dependencies:
      cross-spawn "^7.0.0"
      get-stream "^5.0.0"
      human-signals "^1.1.1"
      is-stream "^2.0.0"
      merge-stream "^2.0.0"
      npm-run-path "^4.0.0"
      onetime "^5.1.0"
      signal-exit "^3.0.2"
      strip-final-newline "^2.0.0"
  
  execa@^5.0.0, execa@^5.1.1:
    version "5.1.1"
    resolved "http://172.16.0.199:8081/repository/npm-hosted/execa/-/execa-5.1.1.tgz#f80ad9cbf4298f7bd1d4c9555c21e93741c411dd"
    integrity sha1-+ArZy/Qpj3vR1MlVXCHpN0HEEd0=
    dependencies:
      cross-spawn "^7.0.3"
      get-stream "^6.0.0"
      human-signals "^2.1.0"
      is-stream "^2.0.0"
      merge-stream "^2.0.0"
      npm-run-path "^4.0.1"
      onetime "^5.1.2"
      signal-exit "^3.0.3"
      strip-final-newline "^2.0.0"
  
  exit@^0.1.2:
    version "0.1.2"
    resolved "http://172.16.0.199:8081/repository/npm-hosted/exit/-/exit-0.1.2.tgz#0632638f8d877cc82107d30a0fff1a17cba1cd0c"
    integrity sha1-BjJjj42HfMghB9MKD/8aF8uhzQw=
  
  expand-tilde@^2.0.0, expand-tilde@^2.0.2:
    version "2.0.2"
    resolved "http://172.16.0.199:8081/repository/npm-hosted/expand-tilde/-/expand-tilde-2.0.2.tgz#97e801aa052df02454de46b02bf621642cdc8502"
    integrity sha1-l+gBqgUt8CRU3kawK/YhZCzchQI=
    dependencies:
      homedir-polyfill "^1.0.1"
  
  expect@^27.5.1:
    version "27.5.1"
    resolved "http://172.16.0.199:8081/repository/npm-hosted/expect/-/expect-27.5.1.tgz#83ce59f1e5bdf5f9d2b94b61d2050db48f3fef74"
    integrity sha1-g85Z8eW99fnSuUth0gUNtI8/73Q=
    dependencies:
      "@jest/types" "^27.5.1"
      jest-get-type "^27.5.1"
      jest-matcher-utils "^27.5.1"
      jest-message-util "^27.5.1"
  
  expect@^29.0.0:
    version "29.0.1"
    resolved "http://172.16.0.199:8081/repository/npm-hosted/expect/-/expect-29.0.1.tgz#a2fa64a59cffe4b4007877e730bc82be3d1742bb"
    integrity sha1-ovpkpZz/5LQAeHfnMLyCvj0XQrs=
    dependencies:
      "@jest/expect-utils" "^29.0.1"
      jest-get-type "^29.0.0"
      jest-matcher-utils "^29.0.1"
      jest-message-util "^29.0.1"
      jest-util "^29.0.1"
  
  express@^4.17.3:
    version "4.18.2"
    resolved "http://172.16.0.199:8081/repository/npm-hosted/express/-/express-4.18.2.tgz#3fabe08296e930c796c19e3c516979386ba9fd59"
    integrity sha1-P6vggpbpMMeWwZ48UWl5OGup/Vk=
    dependencies:
      accepts "~1.3.8"
      array-flatten "1.1.1"
      body-parser "1.20.1"
      content-disposition "0.5.4"
      content-type "~1.0.4"
      cookie "0.5.0"
      cookie-signature "1.0.6"
      debug "2.6.9"
      depd "2.0.0"
      encodeurl "~1.0.2"
      escape-html "~1.0.3"
      etag "~1.8.1"
      finalhandler "1.2.0"
      fresh "0.5.2"
      http-errors "2.0.0"
      merge-descriptors "1.0.1"
      methods "~1.1.2"
      on-finished "2.4.1"
      parseurl "~1.3.3"
      path-to-regexp "0.1.7"
      proxy-addr "~2.0.7"
      qs "6.11.0"
      range-parser "~1.2.1"
      safe-buffer "5.2.1"
      send "0.18.0"
      serve-static "1.15.0"
      setprototypeof "1.2.0"
      statuses "2.0.1"
      type-is "~1.6.18"
      utils-merge "1.0.1"
      vary "~1.1.2"
  
  extend@~3.0.2:
    version "3.0.2"
    resolved "http://172.16.0.199:8081/repository/npm-hosted/extend/-/extend-3.0.2.tgz#f8b1136b4071fbd8eb140aff858b1019ec2915fa"
    integrity sha1-+LETa0Bx+9jrFAr/hYsQGewpFfo=
  
  external-editor@^3.0.3:
    version "3.1.0"
    resolved "http://172.16.0.199:8081/repository/npm-hosted/external-editor/-/external-editor-3.1.0.tgz#cb03f740befae03ea4d283caed2741a83f335495"
    integrity sha1-ywP3QL764D6k0oPK7SdBqD8zVJU=
    dependencies:
      chardet "^0.7.0"
      iconv-lite "^0.4.24"
      tmp "^0.0.33"
  
  extsprintf@1.3.0, extsprintf@^1.2.0:
    version "1.3.0"
    resolved "http://172.16.0.199:8081/repository/npm-hosted/extsprintf/-/extsprintf-1.3.0.tgz#96918440e3041a7a414f8c52e3c574eb3c3e1e05"
    integrity sha1-lpGEQOMEGnpBT4xS48V06zw+HgU=
  
  fast-deep-equal@^3.1.1, fast-deep-equal@^3.1.3:
    version "3.1.3"
    resolved "http://172.16.0.199:8081/repository/npm-hosted/fast-deep-equal/-/fast-deep-equal-3.1.3.tgz#3a7d56b559d6cbc3eb512325244e619a65c6c525"
    integrity sha1-On1WtVnWy8PrUSMlJE5hmmXGxSU=
  
  fast-diff@^1.1.2:
    version "1.3.0"
    resolved "http://172.16.0.199:8081/repository/npm-hosted/fast-diff/-/fast-diff-1.3.0.tgz#ece407fa550a64d638536cd727e129c61616e0f0"
    integrity sha1-7OQH+lUKZNY4U2zXJ+EpxhYW4PA=
  
  fast-glob@^3.2.12, fast-glob@^3.2.9:
    version "3.2.12"
    resolved "http://172.16.0.199:8081/repository/npm-hosted/fast-glob/-/fast-glob-3.2.12.tgz#7f39ec99c2e6ab030337142da9e0c18f37afae80"
    integrity sha1-fznsmcLmqwMDNxQtqeDBjzevroA=
    dependencies:
      "@nodelib/fs.stat" "^2.0.2"
      "@nodelib/fs.walk" "^1.2.3"
      glob-parent "^5.1.2"
      merge2 "^1.3.0"
      micromatch "^4.0.4"
  
  fast-json-stable-stringify@^2.0.0:
    version "2.1.0"
    resolved "http://172.16.0.199:8081/repository/npm-hosted/fast-json-stable-stringify/-/fast-json-stable-stringify-2.1.0.tgz#874bf69c6f404c2b5d99c481341399fd55892633"
    integrity sha1-h0v2nG9ATCtdmcSBNBOZ/VWJJjM=
  
  fast-levenshtein@^2.0.6:
    version "2.0.6"
    resolved "http://172.16.0.199:8081/repository/npm-hosted/fast-levenshtein/-/fast-levenshtein-2.0.6.tgz#3d8a5c66883a16a30ca8643e851f19baa7797917"
    integrity sha1-PYpcZog6FqMMqGQ+hR8Zuqd5eRc=
  
  fastest-levenshtein@^1.0.16:
    version "1.0.16"
    resolved "http://172.16.0.199:8081/repository/npm-hosted/fastest-levenshtein/-/fastest-levenshtein-1.0.16.tgz#210e61b6ff181de91ea9b3d1b84fdedd47e034e5"
    integrity sha1-IQ5htv8YHekeqbPRuE/e3UfgNOU=
  
  fastq@^1.6.0:
    version "1.15.0"
    resolved "http://172.16.0.199:8081/repository/npm-hosted/fastq/-/fastq-1.15.0.tgz#d04d07c6a2a68fe4599fea8d2e103a937fae6b3a"
    integrity sha1-0E0HxqKmj+RZn+qNLhA6k3+uazo=
    dependencies:
      reusify "^1.0.4"
  
  faye-websocket@^0.11.3:
    version "0.11.4"
    resolved "http://172.16.0.199:8081/repository/npm-hosted/faye-websocket/-/faye-websocket-0.11.4.tgz#7f0d9275cfdd86a1c963dc8b65fcc451edcbb1da"
    integrity sha1-fw2Sdc/dhqHJY9yLZfzEUe3Lsdo=
    dependencies:
      websocket-driver ">=0.5.1"
  
  fb-watchman@^2.0.0:
    version "2.0.2"
    resolved "http://172.16.0.199:8081/repository/npm-hosted/fb-watchman/-/fb-watchman-2.0.2.tgz#e9524ee6b5c77e9e5001af0f85f3adbb8623255c"
    integrity sha1-6VJO5rXHfp5QAa8PhfOtu4YjJVw=
    dependencies:
      bser "2.1.1"
  
  figures@^3.0.0:
    version "3.2.0"
    resolved "http://172.16.0.199:8081/repository/npm-hosted/figures/-/figures-3.2.0.tgz#625c18bd293c604dc4a8ddb2febf0c88341746af"
    integrity sha1-YlwYvSk8YE3EqN2y/r8MiDQXRq8=
    dependencies:
      escape-string-regexp "^1.0.5"
  
  file-entry-cache@^6.0.1:
    version "6.0.1"
    resolved "http://172.16.0.199:8081/repository/npm-hosted/file-entry-cache/-/file-entry-cache-6.0.1.tgz#211b2dd9659cb0394b073e7323ac3c933d522027"
    integrity sha1-IRst2WWcsDlLBz5zI6w8kz1SICc=
    dependencies:
      flat-cache "^3.0.4"
  
  fill-range@^7.0.1:
    version "7.0.1"
    resolved "http://172.16.0.199:8081/repository/npm-hosted/fill-range/-/fill-range-7.0.1.tgz#1919a6a7c75fe38b2c7c77e5198535da9acdda40"
    integrity sha1-GRmmp8df44ssfHflGYU12prN2kA=
    dependencies:
      to-regex-range "^5.0.1"
  
  filter-obj@^1.1.0:
    version "1.1.0"
    resolved "http://172.16.0.199:8081/repository/npm-hosted/filter-obj/-/filter-obj-1.1.0.tgz#9b311112bc6c6127a16e016c6c5d7f19e0805c5b"
    integrity sha1-mzERErxsYSehbgFsbF1/GeCAXFs=
  
  finalhandler@1.2.0:
    version "1.2.0"
    resolved "http://172.16.0.199:8081/repository/npm-hosted/finalhandler/-/finalhandler-1.2.0.tgz#7d23fe5731b207b4640e4fcd00aec1f9207a7b32"
    integrity sha1-fSP+VzGyB7RkDk/NAK7B+SB6ezI=
    dependencies:
      debug "2.6.9"
      encodeurl "~1.0.2"
      escape-html "~1.0.3"
      on-finished "2.4.1"
      parseurl "~1.3.3"
      statuses "2.0.1"
      unpipe "~1.0.0"
  
  find-babel-config@^1.2.0:
    version "1.2.0"
    resolved "http://172.16.0.199:8081/repository/npm-hosted/find-babel-config/-/find-babel-config-1.2.0.tgz#a9b7b317eb5b9860cda9d54740a8c8337a2283a2"
    integrity sha1-qbezF+tbmGDNqdVHQKjIM3oig6I=
    dependencies:
      json5 "^0.5.1"
      path-exists "^3.0.0"
  
  find-cache-dir@^3.3.1:
    version "3.3.2"
    resolved "http://172.16.0.199:8081/repository/npm-hosted/find-cache-dir/-/find-cache-dir-3.3.2.tgz#b30c5b6eff0730731aea9bbd9dbecbd80256d64b"
    integrity sha1-swxbbv8HMHMa6pu9nb7L2AJW1ks=
    dependencies:
      commondir "^1.0.1"
      make-dir "^3.0.2"
      pkg-dir "^4.1.0"
  
  find-node-modules@^2.1.2:
    version "2.1.3"
    resolved "http://172.16.0.199:8081/repository/npm-hosted/find-node-modules/-/find-node-modules-2.1.3.tgz#3c976cff2ca29ee94b4f9eafc613987fc4c0ee44"
    integrity sha1-PJds/yyinulLT56vxhOYf8TA7kQ=
    dependencies:
      findup-sync "^4.0.0"
      merge "^2.1.1"
  
  find-root@1.1.0:
    version "1.1.0"
    resolved "http://172.16.0.199:8081/repository/npm-hosted/find-root/-/find-root-1.1.0.tgz#abcfc8ba76f708c42a97b3d685b7e9450bfb9ce4"
    integrity sha1-q8/Iunb3CMQql7PWhbfpRQv7nOQ=
  
  find-up@^2.0.0:
    version "2.1.0"
    resolved "http://172.16.0.199:8081/repository/npm-hosted/find-up/-/find-up-2.1.0.tgz#45d1b7e506c717ddd482775a2b77920a3c0c57a7"
    integrity sha1-RdG35QbHF93UgndaK3eSCjwMV6c=
    dependencies:
      locate-path "^2.0.0"
  
  find-up@^3.0.0:
    version "3.0.0"
    resolved "http://172.16.0.199:8081/repository/npm-hosted/find-up/-/find-up-3.0.0.tgz#49169f1d7993430646da61ecc5ae355c21c97b73"
    integrity sha1-SRafHXmTQwZG2mHsxa41XCHJe3M=
    dependencies:
      locate-path "^3.0.0"
  
  find-up@^4.0.0, find-up@^4.1.0:
    version "4.1.0"
    resolved "http://172.16.0.199:8081/repository/npm-hosted/find-up/-/find-up-4.1.0.tgz#97afe7d6cdc0bc5928584b7c8d7b16e8a9aa5d19"
    integrity sha1-l6/n1s3AvFkoWEt8jXsW6KmqXRk=
    dependencies:
      locate-path "^5.0.0"
      path-exists "^4.0.0"
  
  find-up@^5.0.0:
    version "5.0.0"
    resolved "http://172.16.0.199:8081/repository/npm-hosted/find-up/-/find-up-5.0.0.tgz#4c92819ecb7083561e4f4a240a86be5198f536fc"
    integrity sha1-TJKBnstwg1YeT0okCoa+UZj1Nvw=
    dependencies:
      locate-path "^6.0.0"
      path-exists "^4.0.0"
  
  find-versions@^4.0.0:
    version "4.0.0"
    resolved "http://172.16.0.199:8081/repository/npm-hosted/find-versions/-/find-versions-4.0.0.tgz#3c57e573bf97769b8cb8df16934b627915da4965"
    integrity sha1-PFflc7+XdpuMuN8Wk0tieRXaSWU=
    dependencies:
      semver-regex "^3.1.2"
  
  findup-sync@^4.0.0:
    version "4.0.0"
    resolved "http://172.16.0.199:8081/repository/npm-hosted/findup-sync/-/findup-sync-4.0.0.tgz#956c9cdde804052b881b428512905c4a5f2cdef0"
    integrity sha1-lWyc3egEBSuIG0KFEpBcSl8s3vA=
    dependencies:
      detect-file "^1.0.0"
      is-glob "^4.0.0"
      micromatch "^4.0.2"
      resolve-dir "^1.0.1"
  
  flat-cache@^3.0.4:
    version "3.0.4"
    resolved "http://172.16.0.199:8081/repository/npm-hosted/flat-cache/-/flat-cache-3.0.4.tgz#61b0338302b2fe9f957dcc32fc2a87f1c3048b11"
    integrity sha1-YbAzgwKy/p+Vfcwy/CqH8cMEixE=
    dependencies:
      flatted "^3.1.0"
      rimraf "^3.0.2"
  
  flatted@^3.1.0:
    version "3.2.9"
    resolved "http://172.16.0.199:8081/repository/npm-hosted/flatted/-/flatted-3.2.9.tgz#7eb4c67ca1ba34232ca9d2d93e9886e611ad7daf"
    integrity sha1-frTGfKG6NCMsqdLZPpiG5hGtfa8=
  
  follow-redirects@^1.0.0, follow-redirects@^1.15.0:
    version "1.15.3"
    resolved "http://172.16.0.199:8081/repository/npm-hosted/follow-redirects/-/follow-redirects-1.15.3.tgz#fe2f3ef2690afce7e82ed0b44db08165b207123a"
    integrity sha1-/i8+8mkK/OfoLtC0TbCBZbIHEjo=
  
  for-each@^0.3.3:
    version "0.3.3"
    resolved "http://172.16.0.199:8081/repository/npm-hosted/for-each/-/for-each-0.3.3.tgz#69b447e88a0a5d32c3e7084f3f1710034b21376e"
    integrity sha1-abRH6IoKXTLD5whPPxcQA0shN24=
    dependencies:
      is-callable "^1.1.3"
  
  forever-agent@~0.6.1:
    version "0.6.1"
    resolved "http://172.16.0.199:8081/repository/npm-hosted/forever-agent/-/forever-agent-0.6.1.tgz#fbc71f0c41adeb37f96c577ad1ed42d8fdacca91"
    integrity sha1-+8cfDEGt6zf5bFd60e1C2P2sypE=
  
  fork-ts-checker-webpack-plugin@^7.2.1:
    version "7.3.0"
    resolved "http://172.16.0.199:8081/repository/npm-hosted/fork-ts-checker-webpack-plugin/-/fork-ts-checker-webpack-plugin-7.3.0.tgz#a9c984a018493962360d7c7e77a67b44a2d5f3aa"
    integrity sha1-qcmEoBhJOWI2DXx+d6Z7RKLV86o=
    dependencies:
      "@babel/code-frame" "^7.16.7"
      chalk "^4.1.2"
      chokidar "^3.5.3"
      cosmiconfig "^7.0.1"
      deepmerge "^4.2.2"
      fs-extra "^10.0.0"
      memfs "^3.4.1"
      minimatch "^3.0.4"
      node-abort-controller "^3.0.1"
      schema-utils "^3.1.1"
      semver "^7.3.5"
      tapable "^2.2.1"
  
  form-data@^3.0.0:
    version "3.0.1"
    resolved "http://172.16.0.199:8081/repository/npm-hosted/form-data/-/form-data-3.0.1.tgz#ebd53791b78356a99af9a300d4282c4d5eb9755f"
    integrity sha1-69U3kbeDVqma+aMA1CgsTV65dV8=
    dependencies:
      asynckit "^0.4.0"
      combined-stream "^1.0.8"
      mime-types "^2.1.12"
  
  form-data@^4.0.0:
    version "4.0.0"
    resolved "http://172.16.0.199:8081/repository/npm-hosted/form-data/-/form-data-4.0.0.tgz#93919daeaf361ee529584b9b31664dc12c9fa452"
    integrity sha1-k5Gdrq82HuUpWEubMWZNwSyfpFI=
    dependencies:
      asynckit "^0.4.0"
      combined-stream "^1.0.8"
      mime-types "^2.1.12"
  
  form-data@~2.3.2:
    version "2.3.3"
    resolved "http://172.16.0.199:8081/repository/npm-hosted/form-data/-/form-data-2.3.3.tgz#dcce52c05f644f298c6a7ab936bd724ceffbf3a6"
    integrity sha1-3M5SwF9kTymManq5Nr1yTO/786Y=
    dependencies:
      asynckit "^0.4.0"
      combined-stream "^1.0.6"
      mime-types "^2.1.12"
  
  forwarded@0.2.0:
    version "0.2.0"
    resolved "http://172.16.0.199:8081/repository/npm-hosted/forwarded/-/forwarded-0.2.0.tgz#2269936428aad4c15c7ebe9779a84bf0b2a81811"
    integrity sha1-ImmTZCiq1MFcfr6XeahL8LKoGBE=
  
  fraction.js@^4.2.0:
    version "4.3.7"
    resolved "http://172.16.0.199:8081/repository/npm-hosted/fraction.js/-/fraction.js-4.3.7.tgz#06ca0085157e42fda7f9e726e79fefc4068840f7"
    integrity sha1-BsoAhRV+Qv2n+ecm55/vxAaIQPc=
  
  fresh@0.5.2:
    version "0.5.2"
    resolved "http://172.16.0.199:8081/repository/npm-hosted/fresh/-/fresh-0.5.2.tgz#3d8cadd90d976569fa835ab1f8e4b23a105605a7"
    integrity sha1-PYyt2Q2XZWn6g1qx+OSyOhBWBac=
  
  fs-extra@9.1.0, fs-extra@^9.0.0, fs-extra@^9.1.0:
    version "9.1.0"
    resolved "http://172.16.0.199:8081/repository/npm-hosted/fs-extra/-/fs-extra-9.1.0.tgz#5954460c764a8da2094ba3554bf839e6b9a7c86d"
    integrity sha1-WVRGDHZKjaIJS6NVS/g55rmnyG0=
    dependencies:
      at-least-node "^1.0.0"
      graceful-fs "^4.2.0"
      jsonfile "^6.0.1"
      universalify "^2.0.0"
  
  fs-extra@^0.30.0:
    version "0.30.0"
    resolved "http://172.16.0.199:8081/repository/npm-hosted/fs-extra/-/fs-extra-0.30.0.tgz#f233ffcc08d4da7d432daa449776989db1df93f0"
    integrity sha1-8jP/zAjU2n1DLapEl3aYnbHfk/A=
    dependencies:
      graceful-fs "^4.1.2"
      jsonfile "^2.1.0"
      klaw "^1.0.0"
      path-is-absolute "^1.0.0"
      rimraf "^2.2.8"
  
  fs-extra@^10.0.0:
    version "10.1.0"
    resolved "http://172.16.0.199:8081/repository/npm-hosted/fs-extra/-/fs-extra-10.1.0.tgz#02873cfbc4084dde127eaa5f9905eef2325d1abf"
    integrity sha1-Aoc8+8QITd4SfqpfmQXu8jJdGr8=
    dependencies:
      graceful-fs "^4.2.0"
      jsonfile "^6.0.1"
      universalify "^2.0.0"
  
  fs-minipass@^1.2.7:
    version "1.2.7"
    resolved "http://172.16.0.199:8081/repository/npm-hosted/fs-minipass/-/fs-minipass-1.2.7.tgz#ccff8570841e7fe4265693da88936c55aed7f7c7"
    integrity sha1-zP+FcIQef+QmVpPaiJNsVa7X98c=
    dependencies:
      minipass "^2.6.0"
  
  fs-minipass@^2.0.0, fs-minipass@^2.1.0:
    version "2.1.0"
    resolved "http://172.16.0.199:8081/repository/npm-hosted/fs-minipass/-/fs-minipass-2.1.0.tgz#7f5036fdbf12c63c169190cbe4199c852271f9fb"
    integrity sha1-f1A2/b8SxjwWkZDL5BmchSJx+fs=
    dependencies:
      minipass "^3.0.0"
  
  fs-monkey@^1.0.0, fs-monkey@^1.0.3:
    version "1.0.3"
    resolved "http://172.16.0.199:8081/repository/npm-hosted/fs-monkey/-/fs-monkey-1.0.3.tgz#ae3ac92d53bb328efe0e9a1d9541f6ad8d48e2d3"
    integrity sha1-rjrJLVO7Mo7+DpodlUH2rY1I4tM=
  
  fs-readdir-recursive@^1.1.0:
    version "1.1.0"
    resolved "http://172.16.0.199:8081/repository/npm-hosted/fs-readdir-recursive/-/fs-readdir-recursive-1.1.0.tgz#e32fc030a2ccee44a6b5371308da54be0b397d27"
    integrity sha1-4y/AMKLM7kSmtTcTCNpUvgs5fSc=
  
  fs.realpath@^1.0.0:
    version "1.0.0"
    resolved "http://172.16.0.199:8081/repository/npm-hosted/fs.realpath/-/fs.realpath-1.0.0.tgz#1504ad2523158caa40db4a2787cb01411994ea4f"
    integrity sha1-FQStJSMVjKpA20onh8sBQRmU6k8=
  
  fsevents@^2.3.2, fsevents@~2.3.1, fsevents@~2.3.2:
    version "2.3.2"
    resolved "http://172.16.0.199:8081/repository/npm-hosted/fsevents/-/fsevents-2.3.2.tgz#8a526f78b8fdf4623b709e0b975c52c24c02fd1a"
    integrity sha1-ilJveLj99GI7cJ4Ll1xSwkwC/Ro=
  
  function-bind@^1.1.1:
    version "1.1.1"
    resolved "http://172.16.0.199:8081/repository/npm-hosted/function-bind/-/function-bind-1.1.1.tgz#a56899d3ea3c9bab874bb9773b7c5ede92f4895d"
    integrity sha1-pWiZ0+o8m6uHS7l3O3xe3pL0iV0=
  
  function-bind@^1.1.2:
    version "1.1.2"
    resolved "http://172.16.0.199:8081/repository/npm-hosted/function-bind/-/function-bind-1.1.2.tgz#2c02d864d97f3ea6c8830c464cbd11ab6eab7a1c"
    integrity sha1-LALYZNl/PqbIgwxGTL0Rq26rehw=
  
  function.prototype.name@^1.1.5, function.prototype.name@^1.1.6:
    version "1.1.6"
    resolved "http://172.16.0.199:8081/repository/npm-hosted/function.prototype.name/-/function.prototype.name-1.1.6.tgz#cdf315b7d90ee77a4c6ee216c3c3362da07533fd"
    integrity sha1-zfMVt9kO53pMbuIWw8M2LaB1M/0=
    dependencies:
      call-bind "^1.0.2"
      define-properties "^1.2.0"
      es-abstract "^1.22.1"
      functions-have-names "^1.2.3"
  
  functions-have-names@^1.2.3:
    version "1.2.3"
    resolved "http://172.16.0.199:8081/repository/npm-hosted/functions-have-names/-/functions-have-names-1.2.3.tgz#0404fe4ee2ba2f607f0e0ec3c80bae994133b834"
    integrity sha1-BAT+TuK6L2B/Dg7DyAuumUEzuDQ=
  
  gauge@~2.7.3:
    version "2.7.4"
    resolved "http://172.16.0.199:8081/repository/npm-hosted/gauge/-/gauge-2.7.4.tgz#2c03405c7538c39d7eb37b317022e325fb018bf7"
    integrity sha1-LANAXHU4w51+s3sxcCLjJfsBi/c=
    dependencies:
      aproba "^1.0.3"
      console-control-strings "^1.0.0"
      has-unicode "^2.0.0"
      object-assign "^4.1.0"
      signal-exit "^3.0.0"
      string-width "^1.0.1"
      strip-ansi "^3.0.1"
      wide-align "^1.1.0"
  
  gensync@^1.0.0-beta.2:
    version "1.0.0-beta.2"
    resolved "http://172.16.0.199:8081/repository/npm-hosted/gensync/-/gensync-1.0.0-beta.2.tgz#32a6ee76c3d7f52d46b2b1ae5d93fea8580a25e0"
    integrity sha1-MqbudsPX9S1GsrGuXZP+qFgKJeA=
  
  get-caller-file@^2.0.5:
    version "2.0.5"
    resolved "http://172.16.0.199:8081/repository/npm-hosted/get-caller-file/-/get-caller-file-2.0.5.tgz#4f94412a82db32f36e3b0b9741f8a97feb031f7e"
    integrity sha1-T5RBKoLbMvNuOwuXQfipf+sDH34=
  
  get-intrinsic@^1.0.2, get-intrinsic@^1.1.1, get-intrinsic@^1.1.3:
    version "1.1.3"
    resolved "http://172.16.0.199:8081/repository/npm-hosted/get-intrinsic/-/get-intrinsic-1.1.3.tgz#063c84329ad93e83893c7f4f243ef63ffa351385"
    integrity sha1-BjyEMprZPoOJPH9PJD72P/o1E4U=
    dependencies:
      function-bind "^1.1.1"
      has "^1.0.3"
      has-symbols "^1.0.3"
  
  get-intrinsic@^1.2.0, get-intrinsic@^1.2.1, get-intrinsic@^1.2.2:
    version "1.2.2"
    resolved "http://172.16.0.199:8081/repository/npm-hosted/get-intrinsic/-/get-intrinsic-1.2.2.tgz#281b7622971123e1ef4b3c90fd7539306da93f3b"
    integrity sha1-KBt2IpcRI+HvSzyQ/XU5MG2pPzs=
    dependencies:
      function-bind "^1.1.2"
      has-proto "^1.0.1"
      has-symbols "^1.0.3"
      hasown "^2.0.0"
  
  get-own-enumerable-property-symbols@^3.0.0:
    version "3.0.2"
    resolved "http://172.16.0.199:8081/repository/npm-hosted/get-own-enumerable-property-symbols/-/get-own-enumerable-property-symbols-3.0.2.tgz#b5fde77f22cbe35f390b4e089922c50bce6ef664"
    integrity sha1-tf3nfyLL4185C04ImSLFC85u9mQ=
  
  get-package-type@^0.1.0:
    version "0.1.0"
    resolved "http://172.16.0.199:8081/repository/npm-hosted/get-package-type/-/get-package-type-0.1.0.tgz#8de2d803cff44df3bc6c456e6668b36c3926e11a"
    integrity sha1-jeLYA8/0TfO8bEVuZmizbDkm4Ro=
  
  get-pkg-repo@^4.0.0:
    version "4.2.1"
    resolved "http://172.16.0.199:8081/repository/npm-hosted/get-pkg-repo/-/get-pkg-repo-4.2.1.tgz#75973e1c8050c73f48190c52047c4cee3acbf385"
    integrity sha1-dZc+HIBQxz9IGQxSBHxM7jrL84U=
    dependencies:
      "@hutson/parse-repository-url" "^3.0.0"
      hosted-git-info "^4.0.0"
      through2 "^2.0.0"
      yargs "^16.2.0"
  
  get-port@^5.1.1:
    version "5.1.1"
    resolved "http://172.16.0.199:8081/repository/npm-hosted/get-port/-/get-port-5.1.1.tgz#0469ed07563479de6efb986baf053dcd7d4e3193"
    integrity sha1-BGntB1Y0ed5u+5hrrwU9zX1OMZM=
  
  get-stream@^5.0.0:
    version "5.2.0"
    resolved "http://172.16.0.199:8081/repository/npm-hosted/get-stream/-/get-stream-5.2.0.tgz#4966a1795ee5ace65e706c4b7beb71257d6e22d3"
    integrity sha1-SWaheV7lrOZecGxLe+txJX1uItM=
    dependencies:
      pump "^3.0.0"
  
  get-stream@^6.0.0:
    version "6.0.1"
    resolved "http://172.16.0.199:8081/repository/npm-hosted/get-stream/-/get-stream-6.0.1.tgz#a262d8eef67aced57c2852ad6167526a43cbf7b7"
    integrity sha1-omLY7vZ6ztV8KFKtYWdSakPL97c=
  
  get-symbol-description@^1.0.0:
    version "1.0.0"
    resolved "http://172.16.0.199:8081/repository/npm-hosted/get-symbol-description/-/get-symbol-description-1.0.0.tgz#7fdb81c900101fbd564dd5f1a30af5aadc1e58d6"
    integrity sha1-f9uByQAQH71WTdXxowr1qtweWNY=
    dependencies:
      call-bind "^1.0.2"
      get-intrinsic "^1.1.1"
  
  getpass@^0.1.1:
    version "0.1.7"
    resolved "http://172.16.0.199:8081/repository/npm-hosted/getpass/-/getpass-0.1.7.tgz#5eff8e3e684d569ae4cb2b1282604e8ba62149fa"
    integrity sha1-Xv+OPmhNVprkyysSgmBOi6YhSfo=
    dependencies:
      assert-plus "^1.0.0"
  
  git-raw-commits@^2.0.0, git-raw-commits@^2.0.8:
    version "2.0.11"
    resolved "http://172.16.0.199:8081/repository/npm-hosted/git-raw-commits/-/git-raw-commits-2.0.11.tgz#bc3576638071d18655e1cc60d7f524920008d723"
    integrity sha1-vDV2Y4Bx0YZV4cxg1/UkkgAI1yM=
    dependencies:
      dargs "^7.0.0"
      lodash "^4.17.15"
      meow "^8.0.0"
      split2 "^3.0.0"
      through2 "^4.0.0"
  
  git-remote-origin-url@^2.0.0:
    version "2.0.0"
    resolved "http://172.16.0.199:8081/repository/npm-hosted/git-remote-origin-url/-/git-remote-origin-url-2.0.0.tgz#5282659dae2107145a11126112ad3216ec5fa65f"
    integrity sha1-UoJlna4hBxRaERJhEq0yFuxfpl8=
    dependencies:
      gitconfiglocal "^1.0.0"
      pify "^2.3.0"
  
  git-semver-tags@^4.1.1:
    version "4.1.1"
    resolved "http://172.16.0.199:8081/repository/npm-hosted/git-semver-tags/-/git-semver-tags-4.1.1.tgz#63191bcd809b0ec3e151ba4751c16c444e5b5780"
    integrity sha1-YxkbzYCbDsPhUbpHUcFsRE5bV4A=
    dependencies:
      meow "^8.0.0"
      semver "^6.0.0"
  
  git-up@^4.0.0:
    version "4.0.5"
    resolved "http://172.16.0.199:8081/repository/npm-hosted/git-up/-/git-up-4.0.5.tgz#e7bb70981a37ea2fb8fe049669800a1f9a01d759"
    integrity sha1-57twmBo36i+4/gSWaYAKH5oB11k=
    dependencies:
      is-ssh "^1.3.0"
      parse-url "^6.0.0"
  
  git-url-parse@^11.4.4:
    version "11.6.0"
    resolved "http://172.16.0.199:8081/repository/npm-hosted/git-url-parse/-/git-url-parse-11.6.0.tgz#c634b8de7faa66498a2b88932df31702c67df605"
    integrity sha1-xjS43n+qZkmKK4iTLfMXAsZ99gU=
    dependencies:
      git-up "^4.0.0"
  
  gitconfiglocal@^1.0.0:
    version "1.0.0"
    resolved "http://172.16.0.199:8081/repository/npm-hosted/gitconfiglocal/-/gitconfiglocal-1.0.0.tgz#41d045f3851a5ea88f03f24ca1c6178114464b9b"
    integrity sha1-QdBF84UaXqiPA/JMocYXgRRGS5s=
    dependencies:
      ini "^1.3.2"
  
  glob-parent@^5.1.1, glob-parent@^5.1.2, glob-parent@~5.1.2:
    version "5.1.2"
    resolved "http://172.16.0.199:8081/repository/npm-hosted/glob-parent/-/glob-parent-5.1.2.tgz#869832c58034fe68a4093c17dc15e8340d8401c4"
    integrity sha1-hpgyxYA0/mikCTwX3BXoNA2EAcQ=
    dependencies:
      is-glob "^4.0.1"
  
  glob-parent@^6.0.2:
    version "6.0.2"
    resolved "http://172.16.0.199:8081/repository/npm-hosted/glob-parent/-/glob-parent-6.0.2.tgz#6d237d99083950c79290f24c7642a3de9a28f9e3"
    integrity sha1-bSN9mQg5UMeSkPJMdkKj3poo+eM=
    dependencies:
      is-glob "^4.0.3"
  
  glob-to-regexp@^0.4.1:
    version "0.4.1"
    resolved "http://172.16.0.199:8081/repository/npm-hosted/glob-to-regexp/-/glob-to-regexp-0.4.1.tgz#c75297087c851b9a578bd217dd59a92f59fe546e"
    integrity sha1-x1KXCHyFG5pXi9IX3VmpL1n+VG4=
  
  glob@7.2.3, glob@^7.0.0, glob@^7.0.3, glob@^7.0.5, glob@^7.1.1, glob@^7.1.2, glob@^7.1.3, glob@^7.1.4, glob@^7.1.6:
    version "7.2.3"
    resolved "http://172.16.0.199:8081/repository/npm-hosted/glob/-/glob-7.2.3.tgz#b8df0fb802bbfa8e89bd1d938b4e16578ed44f2b"
    integrity sha1-uN8PuAK7+o6JvR2Ti04WV47UTys=
    dependencies:
      fs.realpath "^1.0.0"
      inflight "^1.0.4"
      inherits "2"
      minimatch "^3.1.1"
      once "^1.3.0"
      path-is-absolute "^1.0.0"
  
  global-agent@^3.0.0:
    version "3.0.0"
    resolved "http://172.16.0.199:8081/repository/npm-hosted/global-agent/-/global-agent-3.0.0.tgz#ae7cd31bd3583b93c5a16437a1afe27cc33a1ab6"
    integrity sha1-rnzTG9NYO5PFoWQ3oa/ifMM6GrY=
    dependencies:
      boolean "^3.0.1"
      es6-error "^4.1.1"
      matcher "^3.0.0"
      roarr "^2.15.3"
      semver "^7.3.2"
      serialize-error "^7.0.1"
  
  global-dirs@^0.1.1:
    version "0.1.1"
    resolved "http://172.16.0.199:8081/repository/npm-hosted/global-dirs/-/global-dirs-0.1.1.tgz#b319c0dd4607f353f3be9cca4c72fc148c49f445"
    integrity sha1-sxnA3UYH81PzvpzKTHL8FIxJ9EU=
    dependencies:
      ini "^1.3.4"
  
  global-modules@^1.0.0:
    version "1.0.0"
    resolved "http://172.16.0.199:8081/repository/npm-hosted/global-modules/-/global-modules-1.0.0.tgz#6d770f0eb523ac78164d72b5e71a8877265cc3ea"
    integrity sha1-bXcPDrUjrHgWTXK15xqIdyZcw+o=
    dependencies:
      global-prefix "^1.0.1"
      is-windows "^1.0.1"
      resolve-dir "^1.0.0"
  
  global-modules@^2.0.0:
    version "2.0.0"
    resolved "http://172.16.0.199:8081/repository/npm-hosted/global-modules/-/global-modules-2.0.0.tgz#997605ad2345f27f51539bea26574421215c7780"
    integrity sha1-mXYFrSNF8n9RU5vqJldEISFcd4A=
    dependencies:
      global-prefix "^3.0.0"
  
  global-prefix@^1.0.1:
    version "1.0.2"
    resolved "http://172.16.0.199:8081/repository/npm-hosted/global-prefix/-/global-prefix-1.0.2.tgz#dbf743c6c14992593c655568cb66ed32c0122ebe"
    integrity sha1-2/dDxsFJklk8ZVVoy2btMsASLr4=
    dependencies:
      expand-tilde "^2.0.2"
      homedir-polyfill "^1.0.1"
      ini "^1.3.4"
      is-windows "^1.0.1"
      which "^1.2.14"
  
  global-prefix@^3.0.0:
    version "3.0.0"
    resolved "http://172.16.0.199:8081/repository/npm-hosted/global-prefix/-/global-prefix-3.0.0.tgz#fc85f73064df69f50421f47f883fe5b913ba9b97"
    integrity sha1-/IX3MGTfafUEIfR/iD/luRO6m5c=
    dependencies:
      ini "^1.3.5"
      kind-of "^6.0.2"
      which "^1.3.1"
  
  globals@^11.1.0:
    version "11.12.0"
    resolved "http://172.16.0.199:8081/repository/npm-hosted/globals/-/globals-11.12.0.tgz#ab8795338868a0babd8525758018c2a7eb95c42e"
    integrity sha1-q4eVM4hooLq9hSV1gBjCp+uVxC4=
  
  globals@^13.19.0:
    version "13.23.0"
    resolved "http://172.16.0.199:8081/repository/npm-hosted/globals/-/globals-13.23.0.tgz#ef31673c926a0976e1f61dab4dca57e0c0a8af02"
    integrity sha1-7zFnPJJqCXbh9h2rTcpX4MCorwI=
    dependencies:
      type-fest "^0.20.2"
  
  globalthis@^1.0.1, globalthis@^1.0.3:
    version "1.0.3"
    resolved "http://172.16.0.199:8081/repository/npm-hosted/globalthis/-/globalthis-1.0.3.tgz#5852882a52b80dc301b0660273e1ed082f0b6ccf"
    integrity sha1-WFKIKlK4DcMBsGYCc+HtCC8LbM8=
    dependencies:
      define-properties "^1.1.3"
  
  globby@^11.0.2, globby@^11.1.0:
    version "11.1.0"
    resolved "http://172.16.0.199:8081/repository/npm-hosted/globby/-/globby-11.1.0.tgz#bd4be98bb042f83d796f7e3811991fbe82a0d34b"
    integrity sha1-vUvpi7BC+D15b344EZkfvoKg00s=
    dependencies:
      array-union "^2.1.0"
      dir-glob "^3.0.1"
      fast-glob "^3.2.9"
      ignore "^5.2.0"
      merge2 "^1.4.1"
      slash "^3.0.0"
  
  globby@^6.1.0:
    version "6.1.0"
    resolved "http://172.16.0.199:8081/repository/npm-hosted/globby/-/globby-6.1.0.tgz#f5a6d70e8395e21c858fb0489d64df02424d506c"
    integrity sha1-9abXDoOV4hyFj7BInWTfAkJNUGw=
    dependencies:
      array-union "^1.0.1"
      glob "^7.0.3"
      object-assign "^4.0.1"
      pify "^2.0.0"
      pinkie-promise "^2.0.0"
  
  globjoin@^0.1.4:
    version "0.1.4"
    resolved "http://172.16.0.199:8081/repository/npm-hosted/globjoin/-/globjoin-0.1.4.tgz#2f4494ac8919e3767c5cbb691e9f463324285d43"
    integrity sha1-L0SUrIkZ43Z8XLtpHp9GMyQoXUM=
  
  gopd@^1.0.1:
    version "1.0.1"
    resolved "http://172.16.0.199:8081/repository/npm-hosted/gopd/-/gopd-1.0.1.tgz#29ff76de69dac7489b7c0918a5788e56477c332c"
    integrity sha1-Kf923mnax0ibfAkYpXiOVkd8Myw=
    dependencies:
      get-intrinsic "^1.1.3"
  
  graceful-fs@^4.1.11, graceful-fs@^4.1.15, graceful-fs@^4.1.2, graceful-fs@^4.1.6, graceful-fs@^4.1.9, graceful-fs@^4.2.0, graceful-fs@^4.2.2, graceful-fs@^4.2.3, graceful-fs@^4.2.4, graceful-fs@^4.2.6, graceful-fs@^4.2.9:
    version "4.2.10"
    resolved "http://172.16.0.199:8081/repository/npm-hosted/graceful-fs/-/graceful-fs-4.2.10.tgz#147d3a006da4ca3ce14728c7aefc287c367d7a6c"
    integrity sha1-FH06AG2kyjzhRyjHrvwofDZ9emw=
  
  grapheme-splitter@^1.0.4:
    version "1.0.4"
    resolved "http://172.16.0.199:8081/repository/npm-hosted/grapheme-splitter/-/grapheme-splitter-1.0.4.tgz#9cf3a665c6247479896834af35cf1dbb4400767e"
    integrity sha1-nPOmZcYkdHmJaDSvNc8du0QAdn4=
  
  graphemer@^1.4.0:
    version "1.4.0"
    resolved "http://172.16.0.199:8081/repository/npm-hosted/graphemer/-/graphemer-1.4.0.tgz#fb2f1d55e0e3a1849aeffc90c4fa0dd53a0e66c6"
    integrity sha1-+y8dVeDjoYSa7/yQxPoN1ToOZsY=
  
  growl@>=1.10.0:
    version "1.10.5"
    resolved "http://172.16.0.199:8081/repository/npm-hosted/growl/-/growl-1.10.5.tgz#f2735dc2283674fa67478b10181059355c369e5e"
    integrity sha1-8nNdwig2dPpnR4sQGBBZNVw2nl4=
  
  gzip-size@^6.0.0:
    version "6.0.0"
    resolved "http://172.16.0.199:8081/repository/npm-hosted/gzip-size/-/gzip-size-6.0.0.tgz#065367fd50c239c0671cbcbad5be3e2eeb10e462"
    integrity sha1-BlNn/VDCOcBnHLy61b4+LusQ5GI=
    dependencies:
      duplexer "^0.1.2"
  
  handle-thing@^2.0.0:
    version "2.0.1"
    resolved "http://172.16.0.199:8081/repository/npm-hosted/handle-thing/-/handle-thing-2.0.1.tgz#857f79ce359580c340d43081cc648970d0bb234e"
    integrity sha1-hX95zjWVgMNA1DCBzGSJcNC7I04=
  
  handlebars@^4.7.7:
    version "4.7.8"
    resolved "http://172.16.0.199:8081/repository/npm-hosted/handlebars/-/handlebars-4.7.8.tgz#41c42c18b1be2365439188c77c6afae71c0cd9e9"
    integrity sha1-QcQsGLG+I2VDkYjHfGr65xwM2ek=
    dependencies:
      minimist "^1.2.5"
      neo-async "^2.6.2"
      source-map "^0.6.1"
      wordwrap "^1.0.0"
    optionalDependencies:
      uglify-js "^3.1.4"
  
  har-schema@^2.0.0:
    version "2.0.0"
    resolved "http://172.16.0.199:8081/repository/npm-hosted/har-schema/-/har-schema-2.0.0.tgz#a94c2224ebcac04782a0d9035521f24735b7ec92"
    integrity sha1-qUwiJOvKwEeCoNkDVSHyRzW37JI=
  
  har-validator@~5.1.3:
    version "5.1.5"
    resolved "http://172.16.0.199:8081/repository/npm-hosted/har-validator/-/har-validator-5.1.5.tgz#1f0803b9f8cb20c0fa13822df1ecddb36bde1efd"
    integrity sha1-HwgDufjLIMD6E4It8ezds2veHv0=
    dependencies:
      ajv "^6.12.3"
      har-schema "^2.0.0"
  
  hard-rejection@^2.1.0:
    version "2.1.0"
    resolved "http://172.16.0.199:8081/repository/npm-hosted/hard-rejection/-/hard-rejection-2.1.0.tgz#1c6eda5c1685c63942766d79bb40ae773cecd883"
    integrity sha1-HG7aXBaFxjlCdm15u0Cudzzs2IM=
  
  has-bigints@^1.0.1, has-bigints@^1.0.2:
    version "1.0.2"
    resolved "http://172.16.0.199:8081/repository/npm-hosted/has-bigints/-/has-bigints-1.0.2.tgz#0871bd3e3d51626f6ca0966668ba35d5602d6eaa"
    integrity sha1-CHG9Pj1RYm9soJZmaLo11WAtbqo=
  
  has-flag@^3.0.0:
    version "3.0.0"
    resolved "http://172.16.0.199:8081/repository/npm-hosted/has-flag/-/has-flag-3.0.0.tgz#b5d454dc2199ae225699f3467e5a07f3b955bafd"
    integrity sha1-tdRU3CGZriJWmfNGfloH87lVuv0=
  
  has-flag@^4.0.0:
    version "4.0.0"
    resolved "http://172.16.0.199:8081/repository/npm-hosted/has-flag/-/has-flag-4.0.0.tgz#944771fd9c81c81265c4d6941860da06bb59479b"
    integrity sha1-lEdx/ZyByBJlxNaUGGDaBrtZR5s=
  
  has-property-descriptors@^1.0.0:
    version "1.0.0"
    resolved "http://172.16.0.199:8081/repository/npm-hosted/has-property-descriptors/-/has-property-descriptors-1.0.0.tgz#610708600606d36961ed04c196193b6a607fa861"
    integrity sha1-YQcIYAYG02lh7QTBlhk7amB/qGE=
    dependencies:
      get-intrinsic "^1.1.1"
  
  has-proto@^1.0.1:
    version "1.0.1"
    resolved "http://172.16.0.199:8081/repository/npm-hosted/has-proto/-/has-proto-1.0.1.tgz#1885c1305538958aff469fef37937c22795408e0"
    integrity sha1-GIXBMFU4lYr/Rp/vN5N8InlUCOA=
  
  has-symbols@^1.0.2, has-symbols@^1.0.3:
    version "1.0.3"
    resolved "http://172.16.0.199:8081/repository/npm-hosted/has-symbols/-/has-symbols-1.0.3.tgz#bb7b2c4349251dce87b125f7bdf874aa7c8b39f8"
    integrity sha1-u3ssQ0klHc6HsSX3vfh0qnyLOfg=
  
  has-tostringtag@^1.0.0:
    version "1.0.0"
    resolved "http://172.16.0.199:8081/repository/npm-hosted/has-tostringtag/-/has-tostringtag-1.0.0.tgz#7e133818a7d394734f941e73c3d3f9291e658b25"
    integrity sha1-fhM4GKfTlHNPlB5zw9P5KR5liyU=
    dependencies:
      has-symbols "^1.0.2"
  
  has-unicode@^2.0.0, has-unicode@^2.0.1:
    version "2.0.1"
    resolved "http://172.16.0.199:8081/repository/npm-hosted/has-unicode/-/has-unicode-2.0.1.tgz#e0e6fe6a28cf51138855e086d1691e771de2a8b9"
    integrity sha1-4Ob+aijPUROIVeCG0Wkedx3iqLk=
  
  has@^1.0.3:
    version "1.0.4"
    resolved "http://172.16.0.199:8081/repository/npm-hosted/has/-/has-1.0.4.tgz#2eb2860e000011dae4f1406a86fe80e530fb2ec6"
    integrity sha1-LrKGDgAAEdrk8UBqhv6A5TD7LsY=
  
  hash-sum@^1.0.2:
    version "1.0.2"
    resolved "http://172.16.0.199:8081/repository/npm-hosted/hash-sum/-/hash-sum-1.0.2.tgz#33b40777754c6432573c120cc3808bbd10d47f04"
    integrity sha1-M7QHd3VMZDJXPBIMw4CLvRDUfwQ=
  
  hash-sum@^2.0.0:
    version "2.0.0"
    resolved "http://172.16.0.199:8081/repository/npm-hosted/hash-sum/-/hash-sum-2.0.0.tgz#81d01bb5de8ea4a214ad5d6ead1b523460b0b45a"
    integrity sha1-gdAbtd6OpKIUrV1urRtSNGCwtFo=
  
  hasown@^2.0.0:
    version "2.0.0"
    resolved "http://172.16.0.199:8081/repository/npm-hosted/hasown/-/hasown-2.0.0.tgz#f4c513d454a57b7c7e1650778de226b11700546c"
    integrity sha1-9MUT1FSle3x+FlB3jeImsRcAVGw=
    dependencies:
      function-bind "^1.1.2"
  
  he@^1.2.0:
    version "1.2.0"
    resolved "http://172.16.0.199:8081/repository/npm-hosted/he/-/he-1.2.0.tgz#84ae65fa7eafb165fddb61566ae14baf05664f0f"
    integrity sha1-hK5l+n6vsWX922FWauFLrwVmTw8=
  
  hoist-non-react-statics@^3.3.0, hoist-non-react-statics@^3.3.2:
    version "3.3.2"
    resolved "http://172.16.0.199:8081/repository/npm-hosted/hoist-non-react-statics/-/hoist-non-react-statics-3.3.2.tgz#ece0acaf71d62c2969c2ec59feff42a4b1a85b45"
    integrity sha1-7OCsr3HWLClpwuxZ/v9CpLGoW0U=
    dependencies:
      react-is "^16.7.0"
  
  homedir-polyfill@^1.0.1:
    version "1.0.3"
    resolved "http://172.16.0.199:8081/repository/npm-hosted/homedir-polyfill/-/homedir-polyfill-1.0.3.tgz#743298cef4e5af3e194161fbadcc2151d3a058e8"
    integrity sha1-dDKYzvTlrz4ZQWH7rcwhUdOgWOg=
    dependencies:
      parse-passwd "^1.0.0"
  
  hosted-git-info@^2.1.4:
    version "2.8.9"
    resolved "http://172.16.0.199:8081/repository/npm-hosted/hosted-git-info/-/hosted-git-info-2.8.9.tgz#dffc0bf9a21c02209090f2aa69429e1414daf3f9"
    integrity sha1-3/wL+aIcAiCQkPKqaUKeFBTa8/k=
  
  hosted-git-info@^4.0.0, hosted-git-info@^4.0.1:
    version "4.1.0"
    resolved "http://172.16.0.199:8081/repository/npm-hosted/hosted-git-info/-/hosted-git-info-4.1.0.tgz#827b82867e9ff1c8d0c4d9d53880397d2c86d224"
    integrity sha1-gnuChn6f8cjQxNnVOIA5fSyG0iQ=
    dependencies:
      lru-cache "^6.0.0"
  
  hpack.js@^2.1.6:
    version "2.1.6"
    resolved "http://172.16.0.199:8081/repository/npm-hosted/hpack.js/-/hpack.js-2.1.6.tgz#87774c0949e513f42e84575b3c45681fade2a0b2"
    integrity sha1-h3dMCUnlE/QuhFdbPEVoH63ioLI=
    dependencies:
      inherits "^2.0.1"
      obuf "^1.0.0"
      readable-stream "^2.0.1"
      wbuf "^1.1.0"
  
  html-encoding-sniffer@^2.0.1:
    version "2.0.1"
    resolved "http://172.16.0.199:8081/repository/npm-hosted/html-encoding-sniffer/-/html-encoding-sniffer-2.0.1.tgz#42a6dc4fd33f00281176e8b23759ca4e4fa185f3"
    integrity sha1-QqbcT9M/ACgRduiyN1nKTk+hhfM=
    dependencies:
      whatwg-encoding "^1.0.5"
  
  html-entities@^2.1.0, html-entities@^2.3.2:
    version "2.3.3"
    resolved "http://172.16.0.199:8081/repository/npm-hosted/html-entities/-/html-entities-2.3.3.tgz#117d7626bece327fc8baace8868fa6f5ef856e46"
    integrity sha1-EX12Jr7OMn/Iuqzoho+m9e+FbkY=
  
  html-escaper@^2.0.0:
    version "2.0.2"
    resolved "http://172.16.0.199:8081/repository/npm-hosted/html-escaper/-/html-escaper-2.0.2.tgz#dfd60027da36a36dfcbe236262c00a5822681453"
    integrity sha1-39YAJ9o2o238viNiYsAKWCJoFFM=
  
  html-minifier-terser@^6.0.2:
    version "6.1.0"
    resolved "http://172.16.0.199:8081/repository/npm-hosted/html-minifier-terser/-/html-minifier-terser-6.1.0.tgz#bfc818934cc07918f6b3669f5774ecdfd48f32ab"
    integrity sha1-v8gYk0zAeRj2s2afV3Ts39SPMqs=
    dependencies:
      camel-case "^4.1.2"
      clean-css "^5.2.2"
      commander "^8.3.0"
      he "^1.2.0"
      param-case "^3.0.4"
      relateurl "^0.2.7"
      terser "^5.10.0"
  
  html-replace-webpack-plugin@^2.6.0:
    version "2.6.0"
    resolved "http://172.16.0.199:8081/repository/npm-hosted/html-replace-webpack-plugin/-/html-replace-webpack-plugin-2.6.0.tgz#506d81e06cb5d6519281ce7c7dde7aeee04620e7"
    integrity sha1-UG2B4Gy11lGSgc58fd567uBGIOc=
  
  html-tags@^2.0.0:
    version "2.0.0"
    resolved "http://172.16.0.199:8081/repository/npm-hosted/html-tags/-/html-tags-2.0.0.tgz#10b30a386085f43cede353cc8fa7cb0deeea668b"
    integrity sha1-ELMKOGCF9Dzt41PMj6fLDe7qZos=
  
  html-tags@^3.1.0, html-tags@^3.2.0:
    version "3.3.1"
    resolved "http://172.16.0.199:8081/repository/npm-hosted/html-tags/-/html-tags-3.3.1.tgz#a04026a18c882e4bba8a01a3d39cfe465d40b5ce"
    integrity sha1-oEAmoYyILku6igGj05z+Rl1Atc4=
  
  html-webpack-plugin@^5.5.0:
    version "5.5.3"
    resolved "http://172.16.0.199:8081/repository/npm-hosted/html-webpack-plugin/-/html-webpack-plugin-5.5.3.tgz#72270f4a78e222b5825b296e5e3e1328ad525a3e"
    integrity sha1-cicPSnjiIrWCWyluXj4TKK1SWj4=
    dependencies:
      "@types/html-minifier-terser" "^6.0.0"
      html-minifier-terser "^6.0.2"
      lodash "^4.17.21"
      pretty-error "^4.0.0"
      tapable "^2.0.0"
  
  htmlparser2@^6.1.0:
    version "6.1.0"
    resolved "http://172.16.0.199:8081/repository/npm-hosted/htmlparser2/-/htmlparser2-6.1.0.tgz#c4d762b6c3371a05dbe65e94ae43a9f845fb8fb7"
    integrity sha1-xNditsM3GgXb5l6UrkOp+EX7j7c=
    dependencies:
      domelementtype "^2.0.1"
      domhandler "^4.0.0"
      domutils "^2.5.2"
      entities "^2.0.0"
  
  htmlparser2@^8.0.0:
    version "8.0.2"
    resolved "http://172.16.0.199:8081/repository/npm-hosted/htmlparser2/-/htmlparser2-8.0.2.tgz#f002151705b383e62433b5cf466f5b716edaec21"
    integrity sha1-8AIVFwWzg+YkM7XPRm9bcW7a7CE=
    dependencies:
      domelementtype "^2.3.0"
      domhandler "^5.0.3"
      domutils "^3.0.1"
      entities "^4.4.0"
  
  http-cache-semantics@^4.1.0:
    version "4.1.1"
    resolved "http://172.16.0.199:8081/repository/npm-hosted/http-cache-semantics/-/http-cache-semantics-4.1.1.tgz#abe02fcb2985460bf0323be664436ec3476a6d5a"
    integrity sha1-q+AvyymFRgvwMjvmZENuw0dqbVo=
  
  http-deceiver@^1.2.7:
    version "1.2.7"
    resolved "http://172.16.0.199:8081/repository/npm-hosted/http-deceiver/-/http-deceiver-1.2.7.tgz#fa7168944ab9a519d337cb0bec7284dc3e723d87"
    integrity sha1-+nFolEq5pRnTN8sL7HKE3D5yPYc=
  
  http-errors@2.0.0:
    version "2.0.0"
    resolved "http://172.16.0.199:8081/repository/npm-hosted/http-errors/-/http-errors-2.0.0.tgz#b7774a1486ef73cf7667ac9ae0858c012c57b9d3"
    integrity sha1-t3dKFIbvc892Z6ya4IWMASxXudM=
    dependencies:
      depd "2.0.0"
      inherits "2.0.4"
      setprototypeof "1.2.0"
      statuses "2.0.1"
      toidentifier "1.0.1"
  
  http-errors@~1.6.2:
    version "1.6.3"
    resolved "http://172.16.0.199:8081/repository/npm-hosted/http-errors/-/http-errors-1.6.3.tgz#8b55680bb4be283a0b5bf4ea2e38580be1d9320d"
    integrity sha1-i1VoC7S+KDoLW/TqLjhYC+HZMg0=
    dependencies:
      depd "~1.1.2"
      inherits "2.0.3"
      setprototypeof "1.1.0"
      statuses ">= 1.4.0 < 2"
  
  http-parser-js@>=0.5.1:
    version "0.5.8"
    resolved "http://172.16.0.199:8081/repository/npm-hosted/http-parser-js/-/http-parser-js-0.5.8.tgz#af23090d9ac4e24573de6f6aecc9d84a48bf20e3"
    integrity sha1-ryMJDZrE4kVz3m9q7MnYSki/IOM=
  
  http-proxy-agent@^4.0.1:
    version "4.0.1"
    resolved "http://172.16.0.199:8081/repository/npm-hosted/http-proxy-agent/-/http-proxy-agent-4.0.1.tgz#8a8c8ef7f5932ccf953c296ca8291b95aa74aa3a"
    integrity sha1-ioyO9/WTLM+VPClsqCkblap0qjo=
    dependencies:
      "@tootallnate/once" "1"
      agent-base "6"
      debug "4"
  
  http-proxy-middleware@^2.0.3:
    version "2.0.6"
    resolved "http://172.16.0.199:8081/repository/npm-hosted/http-proxy-middleware/-/http-proxy-middleware-2.0.6.tgz#e1a4dd6979572c7ab5a4e4b55095d1f32a74963f"
    integrity sha1-4aTdaXlXLHq1pOS1UJXR8yp0lj8=
    dependencies:
      "@types/http-proxy" "^1.17.8"
      http-proxy "^1.18.1"
      is-glob "^4.0.1"
      is-plain-obj "^3.0.0"
      micromatch "^4.0.2"
  
  http-proxy@^1.18.1:
    version "1.18.1"
    resolved "http://172.16.0.199:8081/repository/npm-hosted/http-proxy/-/http-proxy-1.18.1.tgz#401541f0534884bbf95260334e72f88ee3976549"
    integrity sha1-QBVB8FNIhLv5UmAzTnL4juOXZUk=
    dependencies:
      eventemitter3 "^4.0.0"
      follow-redirects "^1.0.0"
      requires-port "^1.0.0"
  
  http-signature@~1.2.0:
    version "1.2.0"
    resolved "http://172.16.0.199:8081/repository/npm-hosted/http-signature/-/http-signature-1.2.0.tgz#9aecd925114772f3d95b65a60abb8f7c18fbace1"
    integrity sha1-muzZJRFHcvPZW2WmCruPfBj7rOE=
    dependencies:
      assert-plus "^1.0.0"
      jsprim "^1.2.2"
      sshpk "^1.7.0"
  
  https-proxy-agent@^5.0.0:
    version "5.0.1"
    resolved "http://172.16.0.199:8081/repository/npm-hosted/https-proxy-agent/-/https-proxy-agent-5.0.1.tgz#c59ef224a04fe8b754f3db0063a25ea30d0005d6"
    integrity sha1-xZ7yJKBP6LdU89sAY6Jeow0ABdY=
    dependencies:
      agent-base "6"
      debug "4"
  
  human-signals@^1.1.1:
    version "1.1.1"
    resolved "http://172.16.0.199:8081/repository/npm-hosted/human-signals/-/human-signals-1.1.1.tgz#c5b1cd14f50aeae09ab6c59fe63ba3395fe4dfa3"
    integrity sha1-xbHNFPUK6uCatsWf5jujOV/k36M=
  
  human-signals@^2.1.0:
    version "2.1.0"
    resolved "http://172.16.0.199:8081/repository/npm-hosted/human-signals/-/human-signals-2.1.0.tgz#dc91fcba42e4d06e4abaed33b3e7a3c02f514ea0"
    integrity sha1-3JH8ukLk0G5Kuu0zs+ejwC9RTqA=
  
  humanize-ms@^1.2.1:
    version "1.2.1"
    resolved "http://172.16.0.199:8081/repository/npm-hosted/humanize-ms/-/humanize-ms-1.2.1.tgz#c46e3159a293f6b896da29316d8b6fe8bb79bbed"
    integrity sha1-xG4xWaKT9riW2ikxbYtv6Lt5u+0=
    dependencies:
      ms "^2.0.0"
  
  husky@~4.3.8:
    version "4.3.8"
    resolved "http://172.16.0.199:8081/repository/npm-hosted/husky/-/husky-4.3.8.tgz#31144060be963fd6850e5cc8f019a1dfe194296d"
    integrity sha1-MRRAYL6WP9aFDlzI8Bmh3+GUKW0=
    dependencies:
      chalk "^4.0.0"
      ci-info "^2.0.0"
      compare-versions "^3.6.0"
      cosmiconfig "^7.0.0"
      find-versions "^4.0.0"
      opencollective-postinstall "^2.0.2"
      pkg-dir "^5.0.0"
      please-upgrade-node "^3.2.0"
      slash "^3.0.0"
      which-pm-runs "^1.0.0"
  
  iconv-lite@0.4.24, iconv-lite@^0.4.24:
    version "0.4.24"
    resolved "http://172.16.0.199:8081/repository/npm-hosted/iconv-lite/-/iconv-lite-0.4.24.tgz#2022b4b25fbddc21d2f524974a474aafe733908b"
    integrity sha1-ICK0sl+93CHS9SSXSkdKr+czkIs=
    dependencies:
      safer-buffer ">= 2.1.2 < 3"
  
  iconv-lite@^0.6.2, iconv-lite@^0.6.3:
    version "0.6.3"
    resolved "http://172.16.0.199:8081/repository/npm-hosted/iconv-lite/-/iconv-lite-0.6.3.tgz#a52f80bf38da1952eb5c681790719871a1a72501"
    integrity sha1-pS+AvzjaGVLrXGgXkHGYcaGnJQE=
    dependencies:
      safer-buffer ">= 2.1.2 < 3.0.0"
  
  icss-utils@^5.0.0, icss-utils@^5.1.0:
    version "5.1.0"
    resolved "http://172.16.0.199:8081/repository/npm-hosted/icss-utils/-/icss-utils-5.1.0.tgz#c6be6858abd013d768e98366ae47e25d5887b1ae"
    integrity sha1-xr5oWKvQE9do6YNmrkfiXViHsa4=
  
  ieee754@^1.1.13:
    version "1.2.1"
    resolved "http://172.16.0.199:8081/repository/npm-hosted/ieee754/-/ieee754-1.2.1.tgz#8eb7a10a63fff25d15a57b001586d177d1b0d352"
    integrity sha1-jrehCmP/8l0VpXsAFYbRd9Gw01I=
  
  ignore-by-default@^1.0.1:
    version "1.0.1"
    resolved "http://172.16.0.199:8081/repository/npm-hosted/ignore-by-default/-/ignore-by-default-1.0.1.tgz#48ca6d72f6c6a3af00a9ad4ae6876be3889e2b09"
    integrity sha1-SMptcvbGo68Aqa1K5odr44ieKwk=
  
  ignore-walk@^3.0.3:
    version "3.0.4"
    resolved "http://172.16.0.199:8081/repository/npm-hosted/ignore-walk/-/ignore-walk-3.0.4.tgz#c9a09f69b7c7b479a5d74ac1a3c0d4236d2a6335"
    integrity sha1-yaCfabfHtHml10rBo8DUI20qYzU=
    dependencies:
      minimatch "^3.0.4"
  
  ignore@^5.2.0, ignore@^5.2.1:
    version "5.2.4"
    resolved "http://172.16.0.199:8081/repository/npm-hosted/ignore/-/ignore-5.2.4.tgz#a291c0c6178ff1b960befe47fcdec301674a6324"
    integrity sha1-opHAxheP8blgvv5H/N7DAWdKYyQ=
  
  image-size@~0.5.0:
    version "0.5.5"
    resolved "http://172.16.0.199:8081/repository/npm-hosted/image-size/-/image-size-0.5.5.tgz#09dfd4ab9d20e29eb1c3e80b8990378df9e3cb9c"
    integrity sha1-Cd/Uq50g4p6xw+gLiZA3jfnjy5w=
  
  import-fresh@^3.0.0, import-fresh@^3.2.1:
    version "3.3.0"
    resolved "http://172.16.0.199:8081/repository/npm-hosted/import-fresh/-/import-fresh-3.3.0.tgz#37162c25fcb9ebaa2e6e53d5b4d88ce17d9e0c2b"
    integrity sha1-NxYsJfy566oublPVtNiM4X2eDCs=
    dependencies:
      parent-module "^1.0.0"
      resolve-from "^4.0.0"
  
  import-lazy@^4.0.0:
    version "4.0.0"
    resolved "http://172.16.0.199:8081/repository/npm-hosted/import-lazy/-/import-lazy-4.0.0.tgz#e8eb627483a0a43da3c03f3e35548be5cb0cc153"
    integrity sha1-6OtidIOgpD2jwD8+NVSL5csMwVM=
  
  import-local@^3.0.2:
    version "3.1.0"
    resolved "http://172.16.0.199:8081/repository/npm-hosted/import-local/-/import-local-3.1.0.tgz#b4479df8a5fd44f6cdce24070675676063c95cb4"
    integrity sha1-tEed+KX9RPbNziQHBnVnYGPJXLQ=
    dependencies:
      pkg-dir "^4.2.0"
      resolve-cwd "^3.0.0"
  
  imurmurhash@^0.1.4:
    version "0.1.4"
    resolved "http://172.16.0.199:8081/repository/npm-hosted/imurmurhash/-/imurmurhash-0.1.4.tgz#9218b9b2b928a238b13dc4fb6b6d576f231453ea"
    integrity sha1-khi5srkoojixPcT7a21XbyMUU+o=
  
  indent-string@^4.0.0:
    version "4.0.0"
    resolved "http://172.16.0.199:8081/repository/npm-hosted/indent-string/-/indent-string-4.0.0.tgz#624f8f4497d619b2d9768531d58f4122854d7251"
    integrity sha1-Yk+PRJfWGbLZdoUx1Y9BIoVNclE=
  
  infer-owner@^1.0.4:
    version "1.0.4"
    resolved "http://172.16.0.199:8081/repository/npm-hosted/infer-owner/-/infer-owner-1.0.4.tgz#c4cefcaa8e51051c2a40ba2ce8a3d27295af9467"
    integrity sha1-xM78qo5RBRwqQLos6KPScpWvlGc=
  
  inflight@^1.0.4:
    version "1.0.6"
    resolved "http://172.16.0.199:8081/repository/npm-hosted/inflight/-/inflight-1.0.6.tgz#49bd6331d7d02d0c09bc910a1075ba8165b56df9"
    integrity sha1-Sb1jMdfQLQwJvJEKEHW6gWW1bfk=
    dependencies:
      once "^1.3.0"
      wrappy "1"
  
  inherits@2, inherits@^2.0.1, inherits@~2.0.1:
    version "2.0.1"
    resolved "http://172.16.0.199:8081/repository/npm-hosted/inherits/-/inherits-2.0.1.tgz#b17d08d326b4423e568eff719f91b0b1cbdf69f1"
    integrity sha1-sX0I0ya0Qj5Wjv9xn5GwscvfafE=
  
  inherits@2.0.3:
    version "2.0.3"
    resolved "http://172.16.0.199:8081/repository/npm-hosted/inherits/-/inherits-2.0.3.tgz#633c2c83e3da42a502f52466022480f4208261de"
    integrity sha1-Yzwsg+PaQqUC9SRmAiSA9CCCYd4=
  
  inherits@2.0.4, inherits@^2.0.3, inherits@^2.0.4, inherits@~2.0.3:
    version "2.0.4"
    resolved "http://172.16.0.199:8081/repository/npm-hosted/inherits/-/inherits-2.0.4.tgz#0fa2c64f932917c3433a0ded55363aae37416b7c"
    integrity sha1-D6LGT5MpF8NDOg3tVTY6rjdBa3w=
  
  ini@^1.3.2, ini@^1.3.4, ini@^1.3.5:
    version "1.3.8"
    resolved "http://172.16.0.199:8081/repository/npm-hosted/ini/-/ini-1.3.8.tgz#a29da425b48806f34767a4efce397269af28432c"
    integrity sha1-op2kJbSIBvNHZ6Tvzjlyaa8oQyw=
  
  init-package-json@^2.0.2:
    version "2.0.5"
    resolved "http://172.16.0.199:8081/repository/npm-hosted/init-package-json/-/init-package-json-2.0.5.tgz#78b85f3c36014db42d8f32117252504f68022646"
    integrity sha1-eLhfPDYBTbQtjzIRclJQT2gCJkY=
    dependencies:
      npm-package-arg "^8.1.5"
      promzard "^0.3.0"
      read "~1.0.1"
      read-package-json "^4.1.1"
      semver "^7.3.5"
      validate-npm-package-license "^3.0.4"
      validate-npm-package-name "^3.0.0"
  
  inquirer@8.2.4:
    version "8.2.4"
    resolved "http://172.16.0.199:8081/repository/npm-hosted/inquirer/-/inquirer-8.2.4.tgz#ddbfe86ca2f67649a67daa6f1051c128f684f0b4"
    integrity sha1-3b/obKL2dkmmfapvEFHBKPaE8LQ=
    dependencies:
      ansi-escapes "^4.2.1"
      chalk "^4.1.1"
      cli-cursor "^3.1.0"
      cli-width "^3.0.0"
      external-editor "^3.0.3"
      figures "^3.0.0"
      lodash "^4.17.21"
      mute-stream "0.0.8"
      ora "^5.4.1"
      run-async "^2.4.0"
      rxjs "^7.5.5"
      string-width "^4.1.0"
      strip-ansi "^6.0.0"
      through "^2.3.6"
      wrap-ansi "^7.0.0"
  
  inquirer@^7.3.3:
    version "7.3.3"
    resolved "http://172.16.0.199:8081/repository/npm-hosted/inquirer/-/inquirer-7.3.3.tgz#04d176b2af04afc157a83fd7c100e98ee0aad003"
    integrity sha1-BNF2sq8Er8FXqD/XwQDpjuCq0AM=
    dependencies:
      ansi-escapes "^4.2.1"
      chalk "^4.1.0"
      cli-cursor "^3.1.0"
      cli-width "^3.0.0"
      external-editor "^3.0.3"
      figures "^3.0.0"
      lodash "^4.17.19"
      mute-stream "0.0.8"
      run-async "^2.4.0"
      rxjs "^6.6.0"
      string-width "^4.1.0"
      strip-ansi "^6.0.0"
      through "^2.3.6"
  
  internal-slot@^1.0.3:
    version "1.0.4"
    resolved "http://172.16.0.199:8081/repository/npm-hosted/internal-slot/-/internal-slot-1.0.4.tgz#8551e7baf74a7a6ba5f749cfb16aa60722f0d6f3"
    integrity sha1-hVHnuvdKemul90nPsWqmByLw1vM=
    dependencies:
      get-intrinsic "^1.1.3"
      has "^1.0.3"
      side-channel "^1.0.4"
  
  internal-slot@^1.0.5:
    version "1.0.6"
    resolved "http://172.16.0.199:8081/repository/npm-hosted/internal-slot/-/internal-slot-1.0.6.tgz#37e756098c4911c5e912b8edbf71ed3aa116f930"
    integrity sha1-N+dWCYxJEcXpErjtv3HtOqEW+TA=
    dependencies:
      get-intrinsic "^1.2.2"
      hasown "^2.0.0"
      side-channel "^1.0.4"
  
  ip@^2.0.0:
    version "2.0.0"
    resolved "http://172.16.0.199:8081/repository/npm-hosted/ip/-/ip-2.0.0.tgz#4cf4ab182fee2314c75ede1276f8c80b479936da"
    integrity sha1-TPSrGC/uIxTHXt4SdvjIC0eZNto=
  
  ipaddr.js@1.9.1:
    version "1.9.1"
    resolved "http://172.16.0.199:8081/repository/npm-hosted/ipaddr.js/-/ipaddr.js-1.9.1.tgz#bff38543eeb8984825079ff3a2a8e6cbd46781b3"
    integrity sha1-v/OFQ+64mEglB5/zoqjmy9RngbM=
  
  ipaddr.js@^2.0.1:
    version "2.0.1"
    resolved "http://172.16.0.199:8081/repository/npm-hosted/ipaddr.js/-/ipaddr.js-2.0.1.tgz#eca256a7a877e917aeb368b0a7497ddf42ef81c0"
    integrity sha1-7KJWp6h36Reus2iwp0l930LvgcA=
  
  is-alphabetical@^1.0.0:
    version "1.0.4"
    resolved "http://172.16.0.199:8081/repository/npm-hosted/is-alphabetical/-/is-alphabetical-1.0.4.tgz#9e7d6b94916be22153745d184c298cbf986a686d"
    integrity sha1-nn1rlJFr4iFTdF0YTCmMv5hqaG0=
  
  is-alphanumerical@^1.0.0:
    version "1.0.4"
    resolved "http://172.16.0.199:8081/repository/npm-hosted/is-alphanumerical/-/is-alphanumerical-1.0.4.tgz#7eb9a2431f855f6b1ef1a78e326df515696c4dbf"
    integrity sha1-frmiQx+FX2se8aeOMm31FWlsTb8=
    dependencies:
      is-alphabetical "^1.0.0"
      is-decimal "^1.0.0"
  
  is-array-buffer@^3.0.1, is-array-buffer@^3.0.2:
    version "3.0.2"
    resolved "http://172.16.0.199:8081/repository/npm-hosted/is-array-buffer/-/is-array-buffer-3.0.2.tgz#f2653ced8412081638ecb0ebbd0c41c6e0aecbbe"
    integrity sha1-8mU87YQSCBY47LDrvQxBxuCuy74=
    dependencies:
      call-bind "^1.0.2"
      get-intrinsic "^1.2.0"
      is-typed-array "^1.1.10"
  
  is-arrayish@^0.2.1:
    version "0.2.1"
    resolved "http://172.16.0.199:8081/repository/npm-hosted/is-arrayish/-/is-arrayish-0.2.1.tgz#77c99840527aa8ecb1a8ba697b80645a7a926a9d"
    integrity sha1-d8mYQFJ6qOyxqLppe4BkWnqSap0=
  
  is-bigint@^1.0.1:
    version "1.0.4"
    resolved "http://172.16.0.199:8081/repository/npm-hosted/is-bigint/-/is-bigint-1.0.4.tgz#08147a1875bc2b32005d41ccd8291dffc6691df3"
    integrity sha1-CBR6GHW8KzIAXUHM2Ckd/8ZpHfM=
    dependencies:
      has-bigints "^1.0.1"
  
  is-binary-path@~2.1.0:
    version "2.1.0"
    resolved "http://172.16.0.199:8081/repository/npm-hosted/is-binary-path/-/is-binary-path-2.1.0.tgz#ea1f7f3b80f064236e83470f86c09c254fb45b09"
    integrity sha1-6h9/O4DwZCNug0cPhsCcJU+0Wwk=
    dependencies:
      binary-extensions "^2.0.0"
  
  is-boolean-object@^1.1.0:
    version "1.1.2"
    resolved "http://172.16.0.199:8081/repository/npm-hosted/is-boolean-object/-/is-boolean-object-1.1.2.tgz#5c6dc200246dd9321ae4b885a114bb1f75f63719"
    integrity sha1-XG3CACRt2TIa5LiFoRS7H3X2Nxk=
    dependencies:
      call-bind "^1.0.2"
      has-tostringtag "^1.0.0"
  
  is-callable@^1.1.3, is-callable@^1.1.4, is-callable@^1.2.7:
    version "1.2.7"
    resolved "http://172.16.0.199:8081/repository/npm-hosted/is-callable/-/is-callable-1.2.7.tgz#3bc2a85ea742d9e36205dcacdd72ca1fdc51b055"
    integrity sha1-O8KoXqdC2eNiBdys3XLKH9xRsFU=
  
  is-ci@^2.0.0:
    version "2.0.0"
    resolved "http://172.16.0.199:8081/repository/npm-hosted/is-ci/-/is-ci-2.0.0.tgz#6bc6334181810e04b5c22b3d589fdca55026404c"
    integrity sha1-a8YzQYGBDgS1wis9WJ/cpVAmQEw=
    dependencies:
      ci-info "^2.0.0"
  
  is-core-module@^2.1.0, is-core-module@^2.11.0, is-core-module@^2.5.0:
    version "2.11.0"
    resolved "http://172.16.0.199:8081/repository/npm-hosted/is-core-module/-/is-core-module-2.11.0.tgz#ad4cb3e3863e814523c96f3f58d26cc570ff0144"
    integrity sha1-rUyz44Y+gUUjyW8/WNJsxXD/AUQ=
    dependencies:
      has "^1.0.3"
  
  is-core-module@^2.13.0:
    version "2.13.1"
    resolved "http://172.16.0.199:8081/repository/npm-hosted/is-core-module/-/is-core-module-2.13.1.tgz#ad0d7532c6fea9da1ebdc82742d74525c6273384"
    integrity sha1-rQ11Msb+qdoevcgnQtdFJcYnM4Q=
    dependencies:
      hasown "^2.0.0"
  
  is-date-object@^1.0.1:
    version "1.0.5"
    resolved "http://172.16.0.199:8081/repository/npm-hosted/is-date-object/-/is-date-object-1.0.5.tgz#0841d5536e724c25597bf6ea62e1bd38298df31f"
    integrity sha1-CEHVU25yTCVZe/bqYuG9OCmN8x8=
    dependencies:
      has-tostringtag "^1.0.0"
  
  is-decimal@^1.0.0:
    version "1.0.4"
    resolved "http://172.16.0.199:8081/repository/npm-hosted/is-decimal/-/is-decimal-1.0.4.tgz#65a3a5958a1c5b63a706e1b333d7cd9f630d3fa5"
    integrity sha1-ZaOllYocW2OnBuGzM9fNn2MNP6U=
  
  is-docker@^2.0.0, is-docker@^2.1.1:
    version "2.2.1"
    resolved "http://172.16.0.199:8081/repository/npm-hosted/is-docker/-/is-docker-2.2.1.tgz#33eeabe23cfe86f14bde4408a02c0cfb853acdaa"
    integrity sha1-M+6r4jz+hvFL3kQIoCwM+4U6zao=
  
  is-extglob@^2.1.1:
    version "2.1.1"
    resolved "http://172.16.0.199:8081/repository/npm-hosted/is-extglob/-/is-extglob-2.1.1.tgz#a88c02535791f02ed37c76a1b9ea9773c833f8c2"
    integrity sha1-qIwCU1eR8C7TfHahueqXc8gz+MI=
  
  is-fullwidth-code-point@^1.0.0:
    version "1.0.0"
    resolved "http://172.16.0.199:8081/repository/npm-hosted/is-fullwidth-code-point/-/is-fullwidth-code-point-1.0.0.tgz#ef9e31386f031a7f0d643af82fde50c457ef00cb"
    integrity sha1-754xOG8DGn8NZDr4L95QxFfvAMs=
    dependencies:
      number-is-nan "^1.0.0"
  
  is-fullwidth-code-point@^3.0.0:
    version "3.0.0"
    resolved "http://172.16.0.199:8081/repository/npm-hosted/is-fullwidth-code-point/-/is-fullwidth-code-point-3.0.0.tgz#f116f8064fe90b3f7844a38997c0b75051269f1d"
    integrity sha1-8Rb4Bk/pCz94RKOJl8C3UFEmnx0=
  
  is-generator-fn@^2.0.0:
    version "2.1.0"
    resolved "http://172.16.0.199:8081/repository/npm-hosted/is-generator-fn/-/is-generator-fn-2.1.0.tgz#7d140adc389aaf3011a8f2a2a4cfa6faadffb118"
    integrity sha1-fRQK3DiarzARqPKipM+m+q3/sRg=
  
  is-glob@^4.0.0, is-glob@^4.0.1, is-glob@^4.0.3, is-glob@~4.0.1:
    version "4.0.3"
    resolved "http://172.16.0.199:8081/repository/npm-hosted/is-glob/-/is-glob-4.0.3.tgz#64f61e42cbbb2eec2071a9dac0b28ba1e65d5084"
    integrity sha1-ZPYeQsu7LuwgcanawLKLoeZdUIQ=
    dependencies:
      is-extglob "^2.1.1"
  
  is-hexadecimal@^1.0.0:
    version "1.0.4"
    resolved "http://172.16.0.199:8081/repository/npm-hosted/is-hexadecimal/-/is-hexadecimal-1.0.4.tgz#cc35c97588da4bd49a8eedd6bc4082d44dcb23a7"
    integrity sha1-zDXJdYjaS9Saju3WvECC1E3LI6c=
  
  is-interactive@^1.0.0:
    version "1.0.0"
    resolved "http://172.16.0.199:8081/repository/npm-hosted/is-interactive/-/is-interactive-1.0.0.tgz#cea6e6ae5c870a7b0a0004070b7b587e0252912e"
    integrity sha1-zqbmrlyHCnsKAAQHC3tYfgJSkS4=
  
  is-lambda@^1.0.1:
    version "1.0.1"
    resolved "http://172.16.0.199:8081/repository/npm-hosted/is-lambda/-/is-lambda-1.0.1.tgz#3d9877899e6a53efc0160504cde15f82e6f061d5"
    integrity sha1-PZh3iZ5qU+/AFgUEzeFfgubwYdU=
  
  is-module@^1.0.0:
    version "1.0.0"
    resolved "http://172.16.0.199:8081/repository/npm-hosted/is-module/-/is-module-1.0.0.tgz#3258fb69f78c14d5b815d664336b4cffb6441591"
    integrity sha1-Mlj7afeMFNW4FdZkM2tM/7ZEFZE=
  
  is-negative-zero@^2.0.2:
    version "2.0.2"
    resolved "http://172.16.0.199:8081/repository/npm-hosted/is-negative-zero/-/is-negative-zero-2.0.2.tgz#7bf6f03a28003b8b3965de3ac26f664d765f3150"
    integrity sha1-e/bwOigAO4s5Zd46wm9mTXZfMVA=
  
  is-number-object@^1.0.4:
    version "1.0.7"
    resolved "http://172.16.0.199:8081/repository/npm-hosted/is-number-object/-/is-number-object-1.0.7.tgz#59d50ada4c45251784e9904f5246c742f07a42fc"
    integrity sha1-WdUK2kxFJReE6ZBPUkbHQvB6Qvw=
    dependencies:
      has-tostringtag "^1.0.0"
  
  is-number@^7.0.0:
    version "7.0.0"
    resolved "http://172.16.0.199:8081/repository/npm-hosted/is-number/-/is-number-7.0.0.tgz#7535345b896734d5f80c4d06c50955527a14f12b"
    integrity sha1-dTU0W4lnNNX4DE0GxQlVUnoU8Ss=
  
  is-obj@^1.0.1:
    version "1.0.1"
    resolved "http://172.16.0.199:8081/repository/npm-hosted/is-obj/-/is-obj-1.0.1.tgz#3e4729ac1f5fde025cd7d83a896dab9f4f67db0f"
    integrity sha1-PkcprB9f3gJc19g6iW2rn09n2w8=
  
  is-obj@^2.0.0:
    version "2.0.0"
    resolved "http://172.16.0.199:8081/repository/npm-hosted/is-obj/-/is-obj-2.0.0.tgz#473fb05d973705e3fd9620545018ca8e22ef4982"
    integrity sha1-Rz+wXZc3BeP9liBUUBjKjiLvSYI=
  
  is-path-cwd@^2.0.0:
    version "2.2.0"
    resolved "http://172.16.0.199:8081/repository/npm-hosted/is-path-cwd/-/is-path-cwd-2.2.0.tgz#67d43b82664a7b5191fd9119127eb300048a9fdb"
    integrity sha1-Z9Q7gmZKe1GR/ZEZEn6zAASKn9s=
  
  is-path-in-cwd@^2.0.0:
    version "2.1.0"
    resolved "http://172.16.0.199:8081/repository/npm-hosted/is-path-in-cwd/-/is-path-in-cwd-2.1.0.tgz#bfe2dca26c69f397265a4009963602935a053acb"
    integrity sha1-v+Lcomxp85cmWkAJljYCk1oFOss=
    dependencies:
      is-path-inside "^2.1.0"
  
  is-path-inside@^2.1.0:
    version "2.1.0"
    resolved "http://172.16.0.199:8081/repository/npm-hosted/is-path-inside/-/is-path-inside-2.1.0.tgz#7c9810587d659a40d27bcdb4d5616eab059494b2"
    integrity sha1-fJgQWH1lmkDSe8201WFuqwWUlLI=
    dependencies:
      path-is-inside "^1.0.2"
  
  is-path-inside@^3.0.3:
    version "3.0.3"
    resolved "http://172.16.0.199:8081/repository/npm-hosted/is-path-inside/-/is-path-inside-3.0.3.tgz#d231362e53a07ff2b0e0ea7fed049161ffd16283"
    integrity sha1-0jE2LlOgf/Kw4Op/7QSRYf/RYoM=
  
  is-plain-obj@^1.0.0, is-plain-obj@^1.1.0:
    version "1.1.0"
    resolved "http://172.16.0.199:8081/repository/npm-hosted/is-plain-obj/-/is-plain-obj-1.1.0.tgz#71a50c8429dfca773c92a390a4a03b39fcd51d3e"
    integrity sha1-caUMhCnfync8kqOQpKA7OfzVHT4=
  
  is-plain-obj@^2.0.0:
    version "2.1.0"
    resolved "http://172.16.0.199:8081/repository/npm-hosted/is-plain-obj/-/is-plain-obj-2.1.0.tgz#45e42e37fccf1f40da8e5f76ee21515840c09287"
    integrity sha1-ReQuN/zPH0Dajl927iFRWEDAkoc=
  
  is-plain-obj@^3.0.0:
    version "3.0.0"
    resolved "http://172.16.0.199:8081/repository/npm-hosted/is-plain-obj/-/is-plain-obj-3.0.0.tgz#af6f2ea14ac5a646183a5bbdb5baabbc156ad9d7"
    integrity sha1-r28uoUrFpkYYOlu9tbqrvBVq2dc=
  
  is-plain-object@^2.0.4:
    version "2.0.4"
    resolved "http://172.16.0.199:8081/repository/npm-hosted/is-plain-object/-/is-plain-object-2.0.4.tgz#2c163b3fafb1b606d9d17928f05c2a1c38e07677"
    integrity sha1-LBY7P6+xtgbZ0Xko8FwqHDjgdnc=
    dependencies:
      isobject "^3.0.1"
  
  is-plain-object@^5.0.0:
    version "5.0.0"
    resolved "http://172.16.0.199:8081/repository/npm-hosted/is-plain-object/-/is-plain-object-5.0.0.tgz#4427f50ab3429e9025ea7d52e9043a9ef4159344"
    integrity sha1-RCf1CrNCnpAl6n1S6QQ6nvQVk0Q=
  
  is-potential-custom-element-name@^1.0.1:
    version "1.0.1"
    resolved "http://172.16.0.199:8081/repository/npm-hosted/is-potential-custom-element-name/-/is-potential-custom-element-name-1.0.1.tgz#171ed6f19e3ac554394edf78caa05784a45bebb5"
    integrity sha1-Fx7W8Z46xVQ5Tt94yqBXhKRb67U=
  
  is-reference@^1.2.1:
    version "1.2.1"
    resolved "http://172.16.0.199:8081/repository/npm-hosted/is-reference/-/is-reference-1.2.1.tgz#8b2dac0b371f4bc994fdeaba9eb542d03002d0b7"
    integrity sha1-iy2sCzcfS8mU/eq6nrVC0DAC0Lc=
    dependencies:
      "@types/estree" "*"
  
  is-regex@^1.1.4:
    version "1.1.4"
    resolved "http://172.16.0.199:8081/repository/npm-hosted/is-regex/-/is-regex-1.1.4.tgz#eef5663cd59fa4c0ae339505323df6854bb15958"
    integrity sha1-7vVmPNWfpMCuM5UFMj32hUuxWVg=
    dependencies:
      call-bind "^1.0.2"
      has-tostringtag "^1.0.0"
  
  is-regexp@^1.0.0:
    version "1.0.0"
    resolved "http://172.16.0.199:8081/repository/npm-hosted/is-regexp/-/is-regexp-1.0.0.tgz#fd2d883545c46bac5a633e7b9a09e87fa2cb5069"
    integrity sha1-/S2INUXEa6xaYz57mgnof6LLUGk=
  
  is-shared-array-buffer@^1.0.2:
    version "1.0.2"
    resolved "http://172.16.0.199:8081/repository/npm-hosted/is-shared-array-buffer/-/is-shared-array-buffer-1.0.2.tgz#8f259c573b60b6a32d4058a1a07430c0a7344c79"
    integrity sha1-jyWcVztgtqMtQFihoHQwwKc0THk=
    dependencies:
      call-bind "^1.0.2"
  
  is-ssh@^1.3.0:
    version "1.4.0"
    resolved "http://172.16.0.199:8081/repository/npm-hosted/is-ssh/-/is-ssh-1.4.0.tgz#4f8220601d2839d8fa624b3106f8e8884f01b8b2"
    integrity sha1-T4IgYB0oOdj6YksxBvjoiE8BuLI=
    dependencies:
      protocols "^2.0.1"
  
  is-stream@^2.0.0:
    version "2.0.1"
    resolved "http://172.16.0.199:8081/repository/npm-hosted/is-stream/-/is-stream-2.0.1.tgz#fac1e3d53b97ad5a9d0ae9cef2389f5810a5c077"
    integrity sha1-+sHj1TuXrVqdCunO8jifWBClwHc=
  
  is-string@^1.0.5, is-string@^1.0.7:
    version "1.0.7"
    resolved "http://172.16.0.199:8081/repository/npm-hosted/is-string/-/is-string-1.0.7.tgz#0dd12bf2006f255bb58f695110eff7491eebc0fd"
    integrity sha1-DdEr8gBvJVu1j2lREO/3SR7rwP0=
    dependencies:
      has-tostringtag "^1.0.0"
  
  is-symbol@^1.0.2, is-symbol@^1.0.3:
    version "1.0.4"
    resolved "http://172.16.0.199:8081/repository/npm-hosted/is-symbol/-/is-symbol-1.0.4.tgz#a6dac93b635b063ca6872236de88910a57af139c"
    integrity sha1-ptrJO2NbBjymhyI23oiRClevE5w=
    dependencies:
      has-symbols "^1.0.2"
  
  is-text-path@^1.0.1:
    version "1.0.1"
    resolved "http://172.16.0.199:8081/repository/npm-hosted/is-text-path/-/is-text-path-1.0.1.tgz#4e1aa0fb51bfbcb3e92688001397202c1775b66e"
    integrity sha1-Thqg+1G/vLPpJogAE5cgLBd1tm4=
    dependencies:
      text-extensions "^1.0.0"
  
  is-typed-array@^1.1.10, is-typed-array@^1.1.12, is-typed-array@^1.1.9:
    version "1.1.12"
    resolved "http://172.16.0.199:8081/repository/npm-hosted/is-typed-array/-/is-typed-array-1.1.12.tgz#d0bab5686ef4a76f7a73097b95470ab199c57d4a"
    integrity sha1-0Lq1aG70p296cwl7lUcKsZnFfUo=
    dependencies:
      which-typed-array "^1.1.11"
  
  is-typedarray@^1.0.0, is-typedarray@~1.0.0:
    version "1.0.0"
    resolved "http://172.16.0.199:8081/repository/npm-hosted/is-typedarray/-/is-typedarray-1.0.0.tgz#e479c80858df0c1b11ddda6940f96011fcda4a9a"
    integrity sha1-5HnICFjfDBsR3dppQPlgEfzaSpo=
  
  is-unicode-supported@^0.1.0:
    version "0.1.0"
    resolved "http://172.16.0.199:8081/repository/npm-hosted/is-unicode-supported/-/is-unicode-supported-0.1.0.tgz#3f26c76a809593b52bfa2ecb5710ed2779b522a7"
    integrity sha1-PybHaoCVk7Ur+i7LVxDtJ3m1Iqc=
  
  is-utf8@^0.2.1:
    version "0.2.1"
    resolved "http://172.16.0.199:8081/repository/npm-hosted/is-utf8/-/is-utf8-0.2.1.tgz#4b0da1442104d1b336340e80797e865cf39f7d72"
    integrity sha1-Sw2hRCEE0bM2NA6AeX6GXPOffXI=
  
  is-weakref@^1.0.2:
    version "1.0.2"
    resolved "http://172.16.0.199:8081/repository/npm-hosted/is-weakref/-/is-weakref-1.0.2.tgz#9529f383a9338205e89765e0392efc2f100f06f2"
    integrity sha1-lSnzg6kzggXol2XgOS78LxAPBvI=
    dependencies:
      call-bind "^1.0.2"
  
  is-windows@^1.0.1:
    version "1.0.2"
    resolved "http://172.16.0.199:8081/repository/npm-hosted/is-windows/-/is-windows-1.0.2.tgz#d1850eb9791ecd18e6182ce12a30f396634bb19d"
    integrity sha1-0YUOuXkezRjmGCzhKjDzlmNLsZ0=
  
  is-wsl@^2.2.0:
    version "2.2.0"
    resolved "http://172.16.0.199:8081/repository/npm-hosted/is-wsl/-/is-wsl-2.2.0.tgz#74a4c76e77ca9fd3f932f290c17ea326cd157271"
    integrity sha1-dKTHbnfKn9P5MvKQwX6jJs0VcnE=
    dependencies:
      is-docker "^2.0.0"
  
  isarray@0.0.1:
    version "0.0.1"
    resolved "http://172.16.0.199:8081/repository/npm-hosted/isarray/-/isarray-0.0.1.tgz#8a18acfca9a8f4177e09abfc6038939b05d1eedf"
    integrity sha1-ihis/Kmo9Bd+Cav8YDiTmwXR7t8=
  
  isarray@^2.0.5:
    version "2.0.5"
    resolved "http://172.16.0.199:8081/repository/npm-hosted/isarray/-/isarray-2.0.5.tgz#8af1e4c1221244cc62459faf38940d4e644a5723"
    integrity sha1-ivHkwSISRMxiRZ+vOJQNTmRKVyM=
  
  isarray@~1.0.0:
    version "1.0.0"
    resolved "http://172.16.0.199:8081/repository/npm-hosted/isarray/-/isarray-1.0.0.tgz#bb935d48582cba168c06834957a54a3e07124f11"
    integrity sha1-u5NdSFgsuhaMBoNJV6VKPgcSTxE=
  
  isexe@^2.0.0:
    version "2.0.0"
    resolved "http://172.16.0.199:8081/repository/npm-hosted/isexe/-/isexe-2.0.0.tgz#e8fbf374dc556ff8947a10dcb0572d633f2cfa10"
    integrity sha1-6PvzdNxVb/iUehDcsFctYz8s+hA=
  
  isobject@^3.0.1:
    version "3.0.1"
    resolved "http://172.16.0.199:8081/repository/npm-hosted/isobject/-/isobject-3.0.1.tgz#4e431e92b11a9731636aa1f9c8d1ccbcfdab78df"
    integrity sha1-TkMekrEalzFjaqH5yNHMvP2reN8=
  
  isstream@~0.1.2:
    version "0.1.2"
    resolved "http://172.16.0.199:8081/repository/npm-hosted/isstream/-/isstream-0.1.2.tgz#47e63f7af55afa6f92e1500e690eb8b8529c099a"
    integrity sha1-R+Y/evVa+m+S4VAOaQ64uFKcCZo=
  
  istanbul-lib-coverage@^3.0.0, istanbul-lib-coverage@^3.2.0:
    version "3.2.0"
    resolved "http://172.16.0.199:8081/repository/npm-hosted/istanbul-lib-coverage/-/istanbul-lib-coverage-3.2.0.tgz#189e7909d0a39fa5a3dfad5b03f71947770191d3"
    integrity sha1-GJ55CdCjn6Wj361bA/cZR3cBkdM=
  
  istanbul-lib-instrument@^5.0.4, istanbul-lib-instrument@^5.1.0:
    version "5.2.1"
    resolved "http://172.16.0.199:8081/repository/npm-hosted/istanbul-lib-instrument/-/istanbul-lib-instrument-5.2.1.tgz#d10c8885c2125574e1c231cacadf955675e1ce3d"
    integrity sha1-0QyIhcISVXThwjHKyt+VVnXhzj0=
    dependencies:
      "@babel/core" "^7.12.3"
      "@babel/parser" "^7.14.7"
      "@istanbuljs/schema" "^0.1.2"
      istanbul-lib-coverage "^3.2.0"
      semver "^6.3.0"
  
  istanbul-lib-report@^3.0.0:
    version "3.0.0"
    resolved "http://172.16.0.199:8081/repository/npm-hosted/istanbul-lib-report/-/istanbul-lib-report-3.0.0.tgz#7518fe52ea44de372f460a76b5ecda9ffb73d8a6"
    integrity sha1-dRj+UupE3jcvRgp2tezan/tz2KY=
    dependencies:
      istanbul-lib-coverage "^3.0.0"
      make-dir "^3.0.0"
      supports-color "^7.1.0"
  
  istanbul-lib-source-maps@^4.0.0:
    version "4.0.1"
    resolved "http://172.16.0.199:8081/repository/npm-hosted/istanbul-lib-source-maps/-/istanbul-lib-source-maps-4.0.1.tgz#895f3a709fcfba34c6de5a42939022f3e4358551"
    integrity sha1-iV86cJ/PujTG3lpCk5Ai8+Q1hVE=
    dependencies:
      debug "^4.1.1"
      istanbul-lib-coverage "^3.0.0"
      source-map "^0.6.1"
  
  istanbul-reports@^3.1.3:
    version "3.1.5"
    resolved "http://172.16.0.199:8081/repository/npm-hosted/istanbul-reports/-/istanbul-reports-3.1.5.tgz#cc9a6ab25cb25659810e4785ed9d9fb742578bae"
    integrity sha1-zJpqslyyVlmBDkeF7Z2ft0JXi64=
    dependencies:
      html-escaper "^2.0.0"
      istanbul-lib-report "^3.0.0"
  
  jest-changed-files@^27.5.1:
    version "27.5.1"
    resolved "http://172.16.0.199:8081/repository/npm-hosted/jest-changed-files/-/jest-changed-files-27.5.1.tgz#a348aed00ec9bf671cc58a66fcbe7c3dfd6a68f5"
    integrity sha1-o0iu0A7Jv2ccxYpm/L58Pf1qaPU=
    dependencies:
      "@jest/types" "^27.5.1"
      execa "^5.0.0"
      throat "^6.0.1"
  
  jest-circus@^27.5.1:
    version "27.5.1"
    resolved "http://172.16.0.199:8081/repository/npm-hosted/jest-circus/-/jest-circus-27.5.1.tgz#37a5a4459b7bf4406e53d637b49d22c65d125ecc"
    integrity sha1-N6WkRZt79EBuU9Y3tJ0ixl0SXsw=
    dependencies:
      "@jest/environment" "^27.5.1"
      "@jest/test-result" "^27.5.1"
      "@jest/types" "^27.5.1"
      "@types/node" "*"
      chalk "^4.0.0"
      co "^4.6.0"
      dedent "^0.7.0"
      expect "^27.5.1"
      is-generator-fn "^2.0.0"
      jest-each "^27.5.1"
      jest-matcher-utils "^27.5.1"
      jest-message-util "^27.5.1"
      jest-runtime "^27.5.1"
      jest-snapshot "^27.5.1"
      jest-util "^27.5.1"
      pretty-format "^27.5.1"
      slash "^3.0.0"
      stack-utils "^2.0.3"
      throat "^6.0.1"
  
  jest-cli@^27.5.1:
    version "27.5.1"
    resolved "http://172.16.0.199:8081/repository/npm-hosted/jest-cli/-/jest-cli-27.5.1.tgz#278794a6e6458ea8029547e6c6cbf673bd30b145"
    integrity sha1-J4eUpuZFjqgClUfmxsv2c70wsUU=
    dependencies:
      "@jest/core" "^27.5.1"
      "@jest/test-result" "^27.5.1"
      "@jest/types" "^27.5.1"
      chalk "^4.0.0"
      exit "^0.1.2"
      graceful-fs "^4.2.9"
      import-local "^3.0.2"
      jest-config "^27.5.1"
      jest-util "^27.5.1"
      jest-validate "^27.5.1"
      prompts "^2.0.1"
      yargs "^16.2.0"
  
  jest-config@^27.5.1:
    version "27.5.1"
    resolved "http://172.16.0.199:8081/repository/npm-hosted/jest-config/-/jest-config-27.5.1.tgz#5c387de33dca3f99ad6357ddeccd91bf3a0e4a41"
    integrity sha1-XDh94z3KP5mtY1fd7M2RvzoOSkE=
    dependencies:
      "@babel/core" "^7.8.0"
      "@jest/test-sequencer" "^27.5.1"
      "@jest/types" "^27.5.1"
      babel-jest "^27.5.1"
      chalk "^4.0.0"
      ci-info "^3.2.0"
      deepmerge "^4.2.2"
      glob "^7.1.1"
      graceful-fs "^4.2.9"
      jest-circus "^27.5.1"
      jest-environment-jsdom "^27.5.1"
      jest-environment-node "^27.5.1"
      jest-get-type "^27.5.1"
      jest-jasmine2 "^27.5.1"
      jest-regex-util "^27.5.1"
      jest-resolve "^27.5.1"
      jest-runner "^27.5.1"
      jest-util "^27.5.1"
      jest-validate "^27.5.1"
      micromatch "^4.0.4"
      parse-json "^5.2.0"
      pretty-format "^27.5.1"
      slash "^3.0.0"
      strip-json-comments "^3.1.1"
  
  jest-diff@^27.5.1:
    version "27.5.1"
    resolved "http://172.16.0.199:8081/repository/npm-hosted/jest-diff/-/jest-diff-27.5.1.tgz#a07f5011ac9e6643cf8a95a462b7b1ecf6680def"
    integrity sha1-oH9QEayeZkPPipWkYrex7PZoDe8=
    dependencies:
      chalk "^4.0.0"
      diff-sequences "^27.5.1"
      jest-get-type "^27.5.1"
      pretty-format "^27.5.1"
  
  jest-diff@^29.0.1:
    version "29.0.1"
    resolved "http://172.16.0.199:8081/repository/npm-hosted/jest-diff/-/jest-diff-29.0.1.tgz#d14e900a38ee4798d42feaaf0c61cb5b98e4c028"
    integrity sha1-0U6QCjjuR5jUL+qvDGHLW5jkwCg=
    dependencies:
      chalk "^4.0.0"
      diff-sequences "^29.0.0"
      jest-get-type "^29.0.0"
      pretty-format "^29.0.1"
  
  jest-docblock@^27.5.1:
    version "27.5.1"
    resolved "http://172.16.0.199:8081/repository/npm-hosted/jest-docblock/-/jest-docblock-27.5.1.tgz#14092f364a42c6108d42c33c8cf30e058e25f6c0"
    integrity sha1-FAkvNkpCxhCNQsM8jPMOBY4l9sA=
    dependencies:
      detect-newline "^3.0.0"
  
  jest-each@^27.5.1:
    version "27.5.1"
    resolved "http://172.16.0.199:8081/repository/npm-hosted/jest-each/-/jest-each-27.5.1.tgz#5bc87016f45ed9507fed6e4702a5b468a5b2c44e"
    integrity sha1-W8hwFvRe2VB/7W5HAqW0aKWyxE4=
    dependencies:
      "@jest/types" "^27.5.1"
      chalk "^4.0.0"
      jest-get-type "^27.5.1"
      jest-util "^27.5.1"
      pretty-format "^27.5.1"
  
  jest-environment-jsdom@^27.5.1:
    version "27.5.1"
    resolved "http://172.16.0.199:8081/repository/npm-hosted/jest-environment-jsdom/-/jest-environment-jsdom-27.5.1.tgz#ea9ccd1fc610209655a77898f86b2b559516a546"
    integrity sha1-6pzNH8YQIJZVp3iY+GsrVZUWpUY=
    dependencies:
      "@jest/environment" "^27.5.1"
      "@jest/fake-timers" "^27.5.1"
      "@jest/types" "^27.5.1"
      "@types/node" "*"
      jest-mock "^27.5.1"
      jest-util "^27.5.1"
      jsdom "^16.6.0"
  
  jest-environment-node@^27.5.1:
    version "27.5.1"
    resolved "http://172.16.0.199:8081/repository/npm-hosted/jest-environment-node/-/jest-environment-node-27.5.1.tgz#dedc2cfe52fab6b8f5714b4808aefa85357a365e"
    integrity sha1-3tws/lL6trj1cUtICK76hTV6Nl4=
    dependencies:
      "@jest/environment" "^27.5.1"
      "@jest/fake-timers" "^27.5.1"
      "@jest/types" "^27.5.1"
      "@types/node" "*"
      jest-mock "^27.5.1"
      jest-util "^27.5.1"
  
  jest-get-type@^27.5.1:
    version "27.5.1"
    resolved "http://172.16.0.199:8081/repository/npm-hosted/jest-get-type/-/jest-get-type-27.5.1.tgz#3cd613c507b0f7ace013df407a1c1cd578bcb4f1"
    integrity sha1-PNYTxQew96zgE99Aehwc1Xi8tPE=
  
  jest-get-type@^29.0.0:
    version "29.0.0"
    resolved "http://172.16.0.199:8081/repository/npm-hosted/jest-get-type/-/jest-get-type-29.0.0.tgz#843f6c50a1b778f7325df1129a0fd7aa713aef80"
    integrity sha1-hD9sUKG3ePcyXfESmg/XqnE674A=
  
  jest-haste-map@^27.5.1:
    version "27.5.1"
    resolved "http://172.16.0.199:8081/repository/npm-hosted/jest-haste-map/-/jest-haste-map-27.5.1.tgz#9fd8bd7e7b4fa502d9c6164c5640512b4e811e7f"
    integrity sha1-n9i9fntPpQLZxhZMVkBRK06BHn8=
    dependencies:
      "@jest/types" "^27.5.1"
      "@types/graceful-fs" "^4.1.2"
      "@types/node" "*"
      anymatch "^3.0.3"
      fb-watchman "^2.0.0"
      graceful-fs "^4.2.9"
      jest-regex-util "^27.5.1"
      jest-serializer "^27.5.1"
      jest-util "^27.5.1"
      jest-worker "^27.5.1"
      micromatch "^4.0.4"
      walker "^1.0.7"
    optionalDependencies:
      fsevents "^2.3.2"
  
  jest-jasmine2@^27.5.1:
    version "27.5.1"
    resolved "http://172.16.0.199:8081/repository/npm-hosted/jest-jasmine2/-/jest-jasmine2-27.5.1.tgz#a037b0034ef49a9f3d71c4375a796f3b230d1ac4"
    integrity sha1-oDewA070mp89ccQ3WnlvOyMNGsQ=
    dependencies:
      "@jest/environment" "^27.5.1"
      "@jest/source-map" "^27.5.1"
      "@jest/test-result" "^27.5.1"
      "@jest/types" "^27.5.1"
      "@types/node" "*"
      chalk "^4.0.0"
      co "^4.6.0"
      expect "^27.5.1"
      is-generator-fn "^2.0.0"
      jest-each "^27.5.1"
      jest-matcher-utils "^27.5.1"
      jest-message-util "^27.5.1"
      jest-runtime "^27.5.1"
      jest-snapshot "^27.5.1"
      jest-util "^27.5.1"
      pretty-format "^27.5.1"
      throat "^6.0.1"
  
  jest-leak-detector@^27.5.1:
    version "27.5.1"
    resolved "http://172.16.0.199:8081/repository/npm-hosted/jest-leak-detector/-/jest-leak-detector-27.5.1.tgz#6ec9d54c3579dd6e3e66d70e3498adf80fde3fb8"
    integrity sha1-bsnVTDV53W4+ZtcONJit+A/eP7g=
    dependencies:
      jest-get-type "^27.5.1"
      pretty-format "^27.5.1"
  
  jest-matcher-utils@^27.5.1:
    version "27.5.1"
    resolved "http://172.16.0.199:8081/repository/npm-hosted/jest-matcher-utils/-/jest-matcher-utils-27.5.1.tgz#9c0cdbda8245bc22d2331729d1091308b40cf8ab"
    integrity sha1-nAzb2oJFvCLSMxcp0QkTCLQM+Ks=
    dependencies:
      chalk "^4.0.0"
      jest-diff "^27.5.1"
      jest-get-type "^27.5.1"
      pretty-format "^27.5.1"
  
  jest-matcher-utils@^29.0.1:
    version "29.0.1"
    resolved "http://172.16.0.199:8081/repository/npm-hosted/jest-matcher-utils/-/jest-matcher-utils-29.0.1.tgz#eaa92dd5405c2df9d31d45ec4486361d219de3e9"
    integrity sha1-6qkt1UBcLfnTHUXsRIY2HSGd4+k=
    dependencies:
      chalk "^4.0.0"
      jest-diff "^29.0.1"
      jest-get-type "^29.0.0"
      pretty-format "^29.0.1"
  
  jest-message-util@^27.5.1:
    version "27.5.1"
    resolved "http://172.16.0.199:8081/repository/npm-hosted/jest-message-util/-/jest-message-util-27.5.1.tgz#bdda72806da10d9ed6425e12afff38cd1458b6cf"
    integrity sha1-vdpygG2hDZ7WQl4Sr/84zRRYts8=
    dependencies:
      "@babel/code-frame" "^7.12.13"
      "@jest/types" "^27.5.1"
      "@types/stack-utils" "^2.0.0"
      chalk "^4.0.0"
      graceful-fs "^4.2.9"
      micromatch "^4.0.4"
      pretty-format "^27.5.1"
      slash "^3.0.0"
      stack-utils "^2.0.3"
  
  jest-message-util@^29.0.1:
    version "29.0.1"
    resolved "http://172.16.0.199:8081/repository/npm-hosted/jest-message-util/-/jest-message-util-29.0.1.tgz#85c4b5b90296c228da158e168eaa5b079f2ab879"
    integrity sha1-hcS1uQKWwijaFY4WjqpbB58quHk=
    dependencies:
      "@babel/code-frame" "^7.12.13"
      "@jest/types" "^29.0.1"
      "@types/stack-utils" "^2.0.0"
      chalk "^4.0.0"
      graceful-fs "^4.2.9"
      micromatch "^4.0.4"
      pretty-format "^29.0.1"
      slash "^3.0.0"
      stack-utils "^2.0.3"
  
  jest-mock@^27.5.1:
    version "27.5.1"
    resolved "http://172.16.0.199:8081/repository/npm-hosted/jest-mock/-/jest-mock-27.5.1.tgz#19948336d49ef4d9c52021d34ac7b5f36ff967d6"
    integrity sha1-GZSDNtSe9NnFICHTSse182/5Z9Y=
    dependencies:
      "@jest/types" "^27.5.1"
      "@types/node" "*"
  
  jest-pnp-resolver@^1.2.2:
    version "1.2.2"
    resolved "http://172.16.0.199:8081/repository/npm-hosted/jest-pnp-resolver/-/jest-pnp-resolver-1.2.2.tgz#b704ac0ae028a89108a4d040b3f919dfddc8e33c"
    integrity sha1-twSsCuAoqJEIpNBAs/kZ393I4zw=
  
  jest-regex-util@^27.5.1:
    version "27.5.1"
    resolved "http://172.16.0.199:8081/repository/npm-hosted/jest-regex-util/-/jest-regex-util-27.5.1.tgz#4da143f7e9fd1e542d4aa69617b38e4a78365b95"
    integrity sha1-TaFD9+n9HlQtSqaWF7OOSng2W5U=
  
  jest-resolve-dependencies@^27.5.1:
    version "27.5.1"
    resolved "http://172.16.0.199:8081/repository/npm-hosted/jest-resolve-dependencies/-/jest-resolve-dependencies-27.5.1.tgz#d811ecc8305e731cc86dd79741ee98fed06f1da8"
    integrity sha1-2BHsyDBecxzIbdeXQe6Y/tBvHag=
    dependencies:
      "@jest/types" "^27.5.1"
      jest-regex-util "^27.5.1"
      jest-snapshot "^27.5.1"
  
  jest-resolve@^27.5.1:
    version "27.5.1"
    resolved "http://172.16.0.199:8081/repository/npm-hosted/jest-resolve/-/jest-resolve-27.5.1.tgz#a2f1c5a0796ec18fe9eb1536ac3814c23617b384"
    integrity sha1-ovHFoHluwY/p6xU2rDgUwjYXs4Q=
    dependencies:
      "@jest/types" "^27.5.1"
      chalk "^4.0.0"
      graceful-fs "^4.2.9"
      jest-haste-map "^27.5.1"
      jest-pnp-resolver "^1.2.2"
      jest-util "^27.5.1"
      jest-validate "^27.5.1"
      resolve "^1.20.0"
      resolve.exports "^1.1.0"
      slash "^3.0.0"
  
  jest-runner@^27.5.1:
    version "27.5.1"
    resolved "http://172.16.0.199:8081/repository/npm-hosted/jest-runner/-/jest-runner-27.5.1.tgz#071b27c1fa30d90540805c5645a0ec167c7b62e5"
    integrity sha1-Bxsnwfow2QVAgFxWRaDsFnx7YuU=
    dependencies:
      "@jest/console" "^27.5.1"
      "@jest/environment" "^27.5.1"
      "@jest/test-result" "^27.5.1"
      "@jest/transform" "^27.5.1"
      "@jest/types" "^27.5.1"
      "@types/node" "*"
      chalk "^4.0.0"
      emittery "^0.8.1"
      graceful-fs "^4.2.9"
      jest-docblock "^27.5.1"
      jest-environment-jsdom "^27.5.1"
      jest-environment-node "^27.5.1"
      jest-haste-map "^27.5.1"
      jest-leak-detector "^27.5.1"
      jest-message-util "^27.5.1"
      jest-resolve "^27.5.1"
      jest-runtime "^27.5.1"
      jest-util "^27.5.1"
      jest-worker "^27.5.1"
      source-map-support "^0.5.6"
      throat "^6.0.1"
  
  jest-runtime@^27.5.1:
    version "27.5.1"
    resolved "http://172.16.0.199:8081/repository/npm-hosted/jest-runtime/-/jest-runtime-27.5.1.tgz#4896003d7a334f7e8e4a53ba93fb9bcd3db0a1af"
    integrity sha1-SJYAPXozT36OSlO6k/ubzT2woa8=
    dependencies:
      "@jest/environment" "^27.5.1"
      "@jest/fake-timers" "^27.5.1"
      "@jest/globals" "^27.5.1"
      "@jest/source-map" "^27.5.1"
      "@jest/test-result" "^27.5.1"
      "@jest/transform" "^27.5.1"
      "@jest/types" "^27.5.1"
      chalk "^4.0.0"
      cjs-module-lexer "^1.0.0"
      collect-v8-coverage "^1.0.0"
      execa "^5.0.0"
      glob "^7.1.3"
      graceful-fs "^4.2.9"
      jest-haste-map "^27.5.1"
      jest-message-util "^27.5.1"
      jest-mock "^27.5.1"
      jest-regex-util "^27.5.1"
      jest-resolve "^27.5.1"
      jest-snapshot "^27.5.1"
      jest-util "^27.5.1"
      slash "^3.0.0"
      strip-bom "^4.0.0"
  
  jest-serializer@^27.5.1:
    version "27.5.1"
    resolved "http://172.16.0.199:8081/repository/npm-hosted/jest-serializer/-/jest-serializer-27.5.1.tgz#81438410a30ea66fd57ff730835123dea1fb1f64"
    integrity sha1-gUOEEKMOpm/Vf/cwg1Ej3qH7H2Q=
    dependencies:
      "@types/node" "*"
      graceful-fs "^4.2.9"
  
  jest-snapshot@^27.5.1:
    version "27.5.1"
    resolved "http://172.16.0.199:8081/repository/npm-hosted/jest-snapshot/-/jest-snapshot-27.5.1.tgz#b668d50d23d38054a51b42c4039cab59ae6eb6a1"
    integrity sha1-tmjVDSPTgFSlG0LEA5yrWa5utqE=
    dependencies:
      "@babel/core" "^7.7.2"
      "@babel/generator" "^7.7.2"
      "@babel/plugin-syntax-typescript" "^7.7.2"
      "@babel/traverse" "^7.7.2"
      "@babel/types" "^7.0.0"
      "@jest/transform" "^27.5.1"
      "@jest/types" "^27.5.1"
      "@types/babel__traverse" "^7.0.4"
      "@types/prettier" "^2.1.5"
      babel-preset-current-node-syntax "^1.0.0"
      chalk "^4.0.0"
      expect "^27.5.1"
      graceful-fs "^4.2.9"
      jest-diff "^27.5.1"
      jest-get-type "^27.5.1"
      jest-haste-map "^27.5.1"
      jest-matcher-utils "^27.5.1"
      jest-message-util "^27.5.1"
      jest-util "^27.5.1"
      natural-compare "^1.4.0"
      pretty-format "^27.5.1"
      semver "^7.3.2"
  
  jest-util@^27.5.1:
    version "27.5.1"
    resolved "http://172.16.0.199:8081/repository/npm-hosted/jest-util/-/jest-util-27.5.1.tgz#3ba9771e8e31a0b85da48fe0b0891fb86c01c2f9"
    integrity sha1-O6l3Ho4xoLhdpI/gsIkfuGwBwvk=
    dependencies:
      "@jest/types" "^27.5.1"
      "@types/node" "*"
      chalk "^4.0.0"
      ci-info "^3.2.0"
      graceful-fs "^4.2.9"
      picomatch "^2.2.3"
  
  jest-util@^29.0.1:
    version "29.7.0"
    resolved "http://172.16.0.199:8081/repository/npm-hosted/jest-util/-/jest-util-29.7.0.tgz#23c2b62bfb22be82b44de98055802ff3710fc0bc"
    integrity sha1-I8K2K/sivoK0TemAVYAv83EPwLw=
    dependencies:
      "@jest/types" "^29.6.3"
      "@types/node" "*"
      chalk "^4.0.0"
      ci-info "^3.2.0"
      graceful-fs "^4.2.9"
      picomatch "^2.2.3"
  
  jest-validate@^27.5.1:
    version "27.5.1"
    resolved "http://172.16.0.199:8081/repository/npm-hosted/jest-validate/-/jest-validate-27.5.1.tgz#9197d54dc0bdb52260b8db40b46ae668e04df067"
    integrity sha1-kZfVTcC9tSJguNtAtGrmaOBN8Gc=
    dependencies:
      "@jest/types" "^27.5.1"
      camelcase "^6.2.0"
      chalk "^4.0.0"
      jest-get-type "^27.5.1"
      leven "^3.1.0"
      pretty-format "^27.5.1"
  
  jest-watcher@^27.5.1:
    version "27.5.1"
    resolved "http://172.16.0.199:8081/repository/npm-hosted/jest-watcher/-/jest-watcher-27.5.1.tgz#71bd85fb9bde3a2c2ec4dc353437971c43c642a2"
    integrity sha1-cb2F+5veOiwuxNw1NDeXHEPGQqI=
    dependencies:
      "@jest/test-result" "^27.5.1"
      "@jest/types" "^27.5.1"
      "@types/node" "*"
      ansi-escapes "^4.2.1"
      chalk "^4.0.0"
      jest-util "^27.5.1"
      string-length "^4.0.1"
  
  jest-worker@^26.2.1:
    version "26.6.2"
    resolved "http://172.16.0.199:8081/repository/npm-hosted/jest-worker/-/jest-worker-26.6.2.tgz#7f72cbc4d643c365e27b9fd775f9d0eaa9c7a8ed"
    integrity sha1-f3LLxNZDw2Xie5/XdfnQ6qnHqO0=
    dependencies:
      "@types/node" "*"
      merge-stream "^2.0.0"
      supports-color "^7.0.0"
  
  jest-worker@^27.0.2, jest-worker@^27.4.5, jest-worker@^27.5.1:
    version "27.5.1"
    resolved "http://172.16.0.199:8081/repository/npm-hosted/jest-worker/-/jest-worker-27.5.1.tgz#8d146f0900e8973b106b6f73cc1e9a8cb86f8db0"
    integrity sha1-jRRvCQDolzsQa29zzB6ajLhvjbA=
    dependencies:
      "@types/node" "*"
      merge-stream "^2.0.0"
      supports-color "^8.0.0"
  
  jest-worker@^28.0.2, jest-worker@^28.1.0:
    version "28.1.3"
    resolved "http://172.16.0.199:8081/repository/npm-hosted/jest-worker/-/jest-worker-28.1.3.tgz#7e3c4ce3fa23d1bb6accb169e7f396f98ed4bb98"
    integrity sha1-fjxM4/oj0btqzLFp5/OW+Y7Uu5g=
    dependencies:
      "@types/node" "*"
      merge-stream "^2.0.0"
      supports-color "^8.0.0"
  
  jest@*:
    version "27.5.1"
    resolved "http://172.16.0.199:8081/repository/npm-hosted/jest/-/jest-27.5.1.tgz#dadf33ba70a779be7a6fc33015843b51494f63fc"
    integrity sha1-2t8zunCneb56b8MwFYQ7UUlPY/w=
    dependencies:
      "@jest/core" "^27.5.1"
      import-local "^3.0.2"
      jest-cli "^27.5.1"
  
  jju@~1.4.0:
    version "1.4.0"
    resolved "http://172.16.0.199:8081/repository/npm-hosted/jju/-/jju-1.4.0.tgz#a3abe2718af241a2b2904f84a625970f389ae32a"
    integrity sha1-o6vicYryQaKykE+EpiWXDzia4yo=
  
  js-sdsl@^4.1.4:
    version "4.3.0"
    resolved "http://172.16.0.199:8081/repository/npm-hosted/js-sdsl/-/js-sdsl-4.3.0.tgz#aeefe32a451f7af88425b11fdb5f58c90ae1d711"
    integrity sha1-ru/jKkUfeviEJbEf219YyQrh1xE=
  
  "js-tokens@^3.0.0 || ^4.0.0", js-tokens@^4.0.0:
    version "4.0.0"
    resolved "http://172.16.0.199:8081/repository/npm-hosted/js-tokens/-/js-tokens-4.0.0.tgz#19203fb59991df98e3a287050d4647cdeaf32499"
    integrity sha1-GSA/tZmR35jjoocFDUZHzerzJJk=
  
  js-tokens@^8.0.0:
    version "8.0.2"
    resolved "http://172.16.0.199:8081/repository/npm-hosted/js-tokens/-/js-tokens-8.0.2.tgz#86a19e09d81c64f1f4a3af489b8c1b67d0c7c588"
    integrity sha1-hqGeCdgcZPH0o69Im4wbZ9DHxYg=
  
  js-yaml@^3.13.1:
    version "3.14.1"
    resolved "http://172.16.0.199:8081/repository/npm-hosted/js-yaml/-/js-yaml-3.14.1.tgz#dae812fdb3825fa306609a8717383c50c36a0537"
    integrity sha1-2ugS/bOCX6MGYJqHFzg8UMNqBTc=
    dependencies:
      argparse "^1.0.7"
      esprima "^4.0.0"
  
  js-yaml@^4.1.0:
    version "4.1.0"
    resolved "http://172.16.0.199:8081/repository/npm-hosted/js-yaml/-/js-yaml-4.1.0.tgz#c1fb65f8f5017901cdd2c951864ba18458a10602"
    integrity sha1-wftl+PUBeQHN0slRhkuhhFihBgI=
    dependencies:
      argparse "^2.0.1"
  
  jsbn@~0.1.0:
    version "0.1.1"
    resolved "http://172.16.0.199:8081/repository/npm-hosted/jsbn/-/jsbn-0.1.1.tgz#a5e654c2e5a2deb5f201d96cefbca80c0ef2f513"
    integrity sha1-peZUwuWi3rXyAdls77yoDA7y9RM=
  
  jsdom@^16.6.0:
    version "16.7.0"
    resolved "http://172.16.0.199:8081/repository/npm-hosted/jsdom/-/jsdom-16.7.0.tgz#918ae71965424b197c819f8183a754e18977b710"
    integrity sha1-kYrnGWVCSxl8gZ+Bg6dU4Yl3txA=
    dependencies:
      abab "^2.0.5"
      acorn "^8.2.4"
      acorn-globals "^6.0.0"
      cssom "^0.4.4"
      cssstyle "^2.3.0"
      data-urls "^2.0.0"
      decimal.js "^10.2.1"
      domexception "^2.0.1"
      escodegen "^2.0.0"
      form-data "^3.0.0"
      html-encoding-sniffer "^2.0.1"
      http-proxy-agent "^4.0.1"
      https-proxy-agent "^5.0.0"
      is-potential-custom-element-name "^1.0.1"
      nwsapi "^2.2.0"
      parse5 "6.0.1"
      saxes "^5.0.1"
      symbol-tree "^3.2.4"
      tough-cookie "^4.0.0"
      w3c-hr-time "^1.0.2"
      w3c-xmlserializer "^2.0.0"
      webidl-conversions "^6.1.0"
      whatwg-encoding "^1.0.5"
      whatwg-mimetype "^2.3.0"
      whatwg-url "^8.5.0"
      ws "^7.4.6"
      xml-name-validator "^3.0.0"
  
  jsesc@^2.5.1:
    version "2.5.2"
    resolved "http://172.16.0.199:8081/repository/npm-hosted/jsesc/-/jsesc-2.5.2.tgz#80564d2e483dacf6e8ef209650a67df3f0c283a4"
    integrity sha1-gFZNLkg9rPbo7yCWUKZ98/DCg6Q=
  
  jsesc@~0.5.0:
    version "0.5.0"
    resolved "http://172.16.0.199:8081/repository/npm-hosted/jsesc/-/jsesc-0.5.0.tgz#e7dee66e35d6fc16f710fe91d5cf69f70f08911d"
    integrity sha1-597mbjXW/Bb3EP6R1c9p9w8IkR0=
  
  json-parse-better-errors@^1.0.1:
    version "1.0.2"
    resolved "http://172.16.0.199:8081/repository/npm-hosted/json-parse-better-errors/-/json-parse-better-errors-1.0.2.tgz#bb867cfb3450e69107c131d1c514bab3dc8bcaa9"
    integrity sha1-u4Z8+zRQ5pEHwTHRxRS6s9yLyqk=
  
  json-parse-even-better-errors@^2.3.0, json-parse-even-better-errors@^2.3.1:
    version "2.3.1"
    resolved "http://172.16.0.199:8081/repository/npm-hosted/json-parse-even-better-errors/-/json-parse-even-better-errors-2.3.1.tgz#7c47805a94319928e05777405dc12e1f7a4ee02d"
    integrity sha1-fEeAWpQxmSjgV3dAXcEuH3pO4C0=
  
  json-schema-traverse@^0.4.1:
    version "0.4.1"
    resolved "http://172.16.0.199:8081/repository/npm-hosted/json-schema-traverse/-/json-schema-traverse-0.4.1.tgz#69f6a87d9513ab8bb8fe63bdb0979c448e684660"
    integrity sha1-afaofZUTq4u4/mO9sJecRI5oRmA=
  
  json-schema-traverse@^1.0.0:
    version "1.0.0"
    resolved "http://172.16.0.199:8081/repository/npm-hosted/json-schema-traverse/-/json-schema-traverse-1.0.0.tgz#ae7bcb3656ab77a73ba5c49bf654f38e6b6860e2"
    integrity sha1-rnvLNlard6c7pcSb9lTzjmtoYOI=
  
  json-schema@0.4.0:
    version "0.4.0"
    resolved "http://172.16.0.199:8081/repository/npm-hosted/json-schema/-/json-schema-0.4.0.tgz#f7de4cf6efab838ebaeb3236474cbba5a1930ab5"
    integrity sha1-995M9u+rg4666zI2R0y7paGTCrU=
  
  json-stable-stringify-without-jsonify@^1.0.1:
    version "1.0.1"
    resolved "http://172.16.0.199:8081/repository/npm-hosted/json-stable-stringify-without-jsonify/-/json-stable-stringify-without-jsonify-1.0.1.tgz#9db7b59496ad3f3cfef30a75142d2d930ad72651"
    integrity sha1-nbe1lJatPzz+8wp1FC0tkwrXJlE=
  
  json-stringify-safe@^5.0.1, json-stringify-safe@~5.0.1:
    version "5.0.1"
    resolved "http://172.16.0.199:8081/repository/npm-hosted/json-stringify-safe/-/json-stringify-safe-5.0.1.tgz#1296a2d58fd45f19a0f6ce01d65701e2c735b6eb"
    integrity sha1-Epai1Y/UXxmg9s4B1lcB4sc1tus=
  
  json2mq@^0.2.0:
    version "0.2.0"
    resolved "http://172.16.0.199:8081/repository/npm-hosted/json2mq/-/json2mq-0.2.0.tgz#b637bd3ba9eabe122c83e9720483aeb10d2c904a"
    integrity sha1-tje9O6nqvhIsg+lyBIOusQ0skEo=
    dependencies:
      string-convert "^0.2.0"
  
  json5@^0.5.1:
    version "0.5.1"
    resolved "http://172.16.0.199:8081/repository/npm-hosted/json5/-/json5-0.5.1.tgz#1eade7acc012034ad84e2396767ead9fa5495821"
    integrity sha1-Hq3nrMASA0rYTiOWdn6tn6VJWCE=
  
  json5@^1.0.1, json5@^1.0.2:
    version "1.0.2"
    resolved "http://172.16.0.199:8081/repository/npm-hosted/json5/-/json5-1.0.2.tgz#63d98d60f21b313b77c4d6da18bfa69d80e1d593"
    integrity sha1-Y9mNYPIbMTt3xNbaGL+mnYDh1ZM=
    dependencies:
      minimist "^1.2.0"
  
  json5@^2.1.2, json5@^2.2.2:
    version "2.2.3"
    resolved "http://172.16.0.199:8081/repository/npm-hosted/json5/-/json5-2.2.3.tgz#78cd6f1a19bdc12b73db5ad0c61efd66c1e29283"
    integrity sha1-eM1vGhm9wStz21rQxh79ZsHikoM=
  
  jsonfile@^2.1.0:
    version "2.4.0"
    resolved "http://172.16.0.199:8081/repository/npm-hosted/jsonfile/-/jsonfile-2.4.0.tgz#3736a2b428b87bbda0cc83b53fa3d633a35c2ae8"
    integrity sha1-NzaitCi4e72gzIO1P6PWM6NcKug=
    optionalDependencies:
      graceful-fs "^4.1.6"
  
  jsonfile@^6.0.1:
    version "6.1.0"
    resolved "http://172.16.0.199:8081/repository/npm-hosted/jsonfile/-/jsonfile-6.1.0.tgz#bc55b2634793c679ec6403094eb13698a6ec0aae"
    integrity sha1-vFWyY0eTxnnsZAMJTrE2mKbsCq4=
    dependencies:
      universalify "^2.0.0"
    optionalDependencies:
      graceful-fs "^4.1.6"
  
  jsonparse@^1.2.0, jsonparse@^1.3.1:
    version "1.3.1"
    resolved "http://172.16.0.199:8081/repository/npm-hosted/jsonparse/-/jsonparse-1.3.1.tgz#3f4dae4a91fac315f71062f8521cc239f1366280"
    integrity sha1-P02uSpH6wxX3EGL4UhzCOfE2YoA=
  
  jsprim@^1.2.2:
    version "1.4.2"
    resolved "http://172.16.0.199:8081/repository/npm-hosted/jsprim/-/jsprim-1.4.2.tgz#712c65533a15c878ba59e9ed5f0e26d5b77c5feb"
    integrity sha1-cSxlUzoVyHi6WentXw4m1bd8X+s=
    dependencies:
      assert-plus "1.0.0"
      extsprintf "1.3.0"
      json-schema "0.4.0"
      verror "1.10.0"
  
  "jsx-ast-utils@^2.4.1 || ^3.0.0":
    version "3.3.5"
    resolved "http://172.16.0.199:8081/repository/npm-hosted/jsx-ast-utils/-/jsx-ast-utils-3.3.5.tgz#4766bd05a8e2a11af222becd19e15575e52a853a"
    integrity sha1-R2a9BajioRryIr7NGeFVdeUqhTo=
    dependencies:
      array-includes "^3.1.6"
      array.prototype.flat "^1.3.1"
      object.assign "^4.1.4"
      object.values "^1.1.6"
  
  kind-of@^6.0.2, kind-of@^6.0.3:
    version "6.0.3"
    resolved "http://172.16.0.199:8081/repository/npm-hosted/kind-of/-/kind-of-6.0.3.tgz#07c05034a6c349fa06e24fa35aa76db4580ce4dd"
    integrity sha1-B8BQNKbDSfoG4k+jWqdttFgM5N0=
  
  klaw@^1.0.0:
    version "1.3.1"
    resolved "http://172.16.0.199:8081/repository/npm-hosted/klaw/-/klaw-1.3.1.tgz#4088433b46b3b1ba259d78785d8e96f73ba02439"
    integrity sha1-QIhDO0azsbolnXh4XY6W9zugJDk=
    optionalDependencies:
      graceful-fs "^4.1.9"
  
  kleur@^3.0.3:
    version "3.0.3"
    resolved "http://172.16.0.199:8081/repository/npm-hosted/kleur/-/kleur-3.0.3.tgz#a79c9ecc86ee1ce3fa6206d1216c501f147fc07e"
    integrity sha1-p5yezIbuHOP6YgbRIWxQHxR/wH4=
  
  klona@^2.0.4, klona@^2.0.5:
    version "2.0.5"
    resolved "http://172.16.0.199:8081/repository/npm-hosted/klona/-/klona-2.0.5.tgz#d166574d90076395d9963aa7a928fabb8d76afbc"
    integrity sha1-0WZXTZAHY5XZljqnqSj6u412r7w=
  
  known-css-properties@^0.26.0:
    version "0.26.0"
    resolved "http://172.16.0.199:8081/repository/npm-hosted/known-css-properties/-/known-css-properties-0.26.0.tgz#008295115abddc045a9f4ed7e2a84dc8b3a77649"
    integrity sha1-AIKVEVq93ARan07X4qhNyLOndkk=
  
  launch-editor-middleware@^2.6.0:
    version "2.6.1"
    resolved "http://172.16.0.199:8081/repository/npm-hosted/launch-editor-middleware/-/launch-editor-middleware-2.6.1.tgz#7f2f400d8dda2283b69d02e9d83b1d272fef2bfb"
    integrity sha1-fy9ADY3aIoO2nQLp2DsdJy/vK/s=
    dependencies:
      launch-editor "^2.6.1"
  
  launch-editor@^2.6.1:
    version "2.6.1"
    resolved "http://172.16.0.199:8081/repository/npm-hosted/launch-editor/-/launch-editor-2.6.1.tgz#f259c9ef95cbc9425620bbbd14b468fcdb4ffe3c"
    integrity sha1-8lnJ75XLyUJWILu9FLRo/NtP/jw=
    dependencies:
      picocolors "^1.0.0"
      shell-quote "^1.8.1"
  
  lerna@~4.0.0:
    version "4.0.0"
    resolved "http://172.16.0.199:8081/repository/npm-hosted/lerna/-/lerna-4.0.0.tgz#b139d685d50ea0ca1be87713a7c2f44a5b678e9e"
    integrity sha1-sTnWhdUOoMob6HcTp8L0Sltnjp4=
    dependencies:
      "@lerna/add" "4.0.0"
      "@lerna/bootstrap" "4.0.0"
      "@lerna/changed" "4.0.0"
      "@lerna/clean" "4.0.0"
      "@lerna/cli" "4.0.0"
      "@lerna/create" "4.0.0"
      "@lerna/diff" "4.0.0"
      "@lerna/exec" "4.0.0"
      "@lerna/import" "4.0.0"
      "@lerna/info" "4.0.0"
      "@lerna/init" "4.0.0"
      "@lerna/link" "4.0.0"
      "@lerna/list" "4.0.0"
      "@lerna/publish" "4.0.0"
      "@lerna/run" "4.0.0"
      "@lerna/version" "4.0.0"
      import-local "^3.0.2"
      npmlog "^4.1.2"
  
  less-loader@~7.1.0:
    version "7.1.0"
    resolved "http://172.16.0.199:8081/repository/npm-hosted/less-loader/-/less-loader-7.1.0.tgz#958d41e86d7de0bcb490711ee0f235aa9dc596aa"
    integrity sha1-lY1B6G194Ly0kHEe4PI1qp3Flqo=
    dependencies:
      klona "^2.0.4"
      loader-utils "^2.0.0"
      schema-utils "^3.0.0"
  
  less@^3.13.1, less@~3.12.2:
    version "3.12.2"
    resolved "http://172.16.0.199:8081/repository/npm-hosted/less/-/less-3.12.2.tgz#157e6dd32a68869df8859314ad38e70211af3ab4"
    integrity sha1-FX5t0ypohp34hZMUrTjnAhGvOrQ=
    dependencies:
      tslib "^1.10.0"
    optionalDependencies:
      errno "^0.1.1"
      graceful-fs "^4.1.2"
      image-size "~0.5.0"
      make-dir "^2.1.0"
      mime "^1.4.1"
      native-request "^1.0.5"
      source-map "~0.6.0"
  
  leven@^3.1.0:
    version "3.1.0"
    resolved "http://172.16.0.199:8081/repository/npm-hosted/leven/-/leven-3.1.0.tgz#77891de834064cccba82ae7842bb6b14a13ed7f2"
    integrity sha1-d4kd6DQGTMy6gq54QrtrFKE+1/I=
  
  levn@^0.4.1:
    version "0.4.1"
    resolved "http://172.16.0.199:8081/repository/npm-hosted/levn/-/levn-0.4.1.tgz#ae4562c007473b932a6200d403268dd2fffc6ade"
    integrity sha1-rkViwAdHO5MqYgDUAyaN0v/8at4=
    dependencies:
      prelude-ls "^1.2.1"
      type-check "~0.4.0"
  
  libnpmaccess@^4.0.1:
    version "4.0.3"
    resolved "http://172.16.0.199:8081/repository/npm-hosted/libnpmaccess/-/libnpmaccess-4.0.3.tgz#dfb0e5b0a53c315a2610d300e46b4ddeb66e7eec"
    integrity sha1-37DlsKU8MVomENMA5GtN3rZufuw=
    dependencies:
      aproba "^2.0.0"
      minipass "^3.1.1"
      npm-package-arg "^8.1.2"
      npm-registry-fetch "^11.0.0"
  
  libnpmpublish@^4.0.0:
    version "4.0.2"
    resolved "http://172.16.0.199:8081/repository/npm-hosted/libnpmpublish/-/libnpmpublish-4.0.2.tgz#be77e8bf5956131bcb45e3caa6b96a842dec0794"
    integrity sha1-vnfov1lWExvLRePKprlqhC3sB5Q=
    dependencies:
      normalize-package-data "^3.0.2"
      npm-package-arg "^8.1.2"
      npm-registry-fetch "^11.0.0"
      semver "^7.1.3"
      ssri "^8.0.1"
  
  lilconfig@^2.0.3:
    version "2.1.0"
    resolved "http://172.16.0.199:8081/repository/npm-hosted/lilconfig/-/lilconfig-2.1.0.tgz#78e23ac89ebb7e1bfbf25b18043de756548e7f52"
    integrity sha1-eOI6yJ67fhv78lsYBD3nVlSOf1I=
  
  lines-and-columns@^1.1.6:
    version "1.2.4"
    resolved "http://172.16.0.199:8081/repository/npm-hosted/lines-and-columns/-/lines-and-columns-1.2.4.tgz#eca284f75d2965079309dc0ad9255abb2ebc1632"
    integrity sha1-7KKE910pZQeTCdwK2SVauy68FjI=
  
  lint-staged@~10.5.4:
    version "10.5.4"
    resolved "http://172.16.0.199:8081/repository/npm-hosted/lint-staged/-/lint-staged-10.5.4.tgz#cd153b5f0987d2371fc1d2847a409a2fe705b665"
    integrity sha1-zRU7XwmH0jcfwdKEekCaL+cFtmU=
    dependencies:
      chalk "^4.1.0"
      cli-truncate "^2.1.0"
      commander "^6.2.0"
      cosmiconfig "^7.0.0"
      debug "^4.2.0"
      dedent "^0.7.0"
      enquirer "^2.3.6"
      execa "^4.1.0"
      listr2 "^3.2.2"
      log-symbols "^4.0.0"
      micromatch "^4.0.2"
      normalize-path "^3.0.0"
      please-upgrade-node "^3.2.0"
      string-argv "0.3.1"
      stringify-object "^3.3.0"
  
  listr2@^3.2.2:
    version "3.14.0"
    resolved "http://172.16.0.199:8081/repository/npm-hosted/listr2/-/listr2-3.14.0.tgz#23101cc62e1375fd5836b248276d1d2b51fdbe9e"
    integrity sha1-IxAcxi4Tdf1YNrJIJ20dK1H9vp4=
    dependencies:
      cli-truncate "^2.1.0"
      colorette "^2.0.16"
      log-update "^4.0.0"
      p-map "^4.0.0"
      rfdc "^1.3.0"
      rxjs "^7.5.1"
      through "^2.3.8"
      wrap-ansi "^7.0.0"
  
  load-json-file@^4.0.0:
    version "4.0.0"
    resolved "http://172.16.0.199:8081/repository/npm-hosted/load-json-file/-/load-json-file-4.0.0.tgz#2f5f45ab91e33216234fd53adab668eb4ec0993b"
    integrity sha1-L19Fq5HjMhYjT9U62rZo607AmTs=
    dependencies:
      graceful-fs "^4.1.2"
      parse-json "^4.0.0"
      pify "^3.0.0"
      strip-bom "^3.0.0"
  
  load-json-file@^6.2.0:
    version "6.2.0"
    resolved "http://172.16.0.199:8081/repository/npm-hosted/load-json-file/-/load-json-file-6.2.0.tgz#5c7770b42cafa97074ca2848707c61662f4251a1"
    integrity sha1-XHdwtCyvqXB0yihIcHxhZi9CUaE=
    dependencies:
      graceful-fs "^4.1.15"
      parse-json "^5.0.0"
      strip-bom "^4.0.0"
      type-fest "^0.6.0"
  
  loader-runner@^4.2.0:
    version "4.3.0"
    resolved "http://172.16.0.199:8081/repository/npm-hosted/loader-runner/-/loader-runner-4.3.0.tgz#c1b4a163b99f614830353b16755e7149ac2314e1"
    integrity sha1-wbShY7mfYUgwNTsWdV5xSawjFOE=
  
  loader-utils@^1.0.2, loader-utils@^1.1.0:
    version "1.4.2"
    resolved "http://172.16.0.199:8081/repository/npm-hosted/loader-utils/-/loader-utils-1.4.2.tgz#29a957f3a63973883eb684f10ffd3d151fec01a3"
    integrity sha1-KalX86Y5c4g+toTxD/09FR/sAaM=
    dependencies:
      big.js "^5.2.2"
      emojis-list "^3.0.0"
      json5 "^1.0.1"
  
  loader-utils@^2.0.0, loader-utils@^2.0.2, loader-utils@^2.0.4:
    version "2.0.4"
    resolved "http://172.16.0.199:8081/repository/npm-hosted/loader-utils/-/loader-utils-2.0.4.tgz#8b5cb38b5c34a9a018ee1fc0e6a066d1dfcc528c"
    integrity sha1-i1yzi1w0qaAY7h/A5qBm0d/MUow=
    dependencies:
      big.js "^5.2.2"
      emojis-list "^3.0.0"
      json5 "^2.1.2"
  
  locate-path@^2.0.0:
    version "2.0.0"
    resolved "http://172.16.0.199:8081/repository/npm-hosted/locate-path/-/locate-path-2.0.0.tgz#2b568b265eec944c6d9c0de9c3dbbbca0354cd8e"
    integrity sha1-K1aLJl7slExtnA3pw9u7ygNUzY4=
    dependencies:
      p-locate "^2.0.0"
      path-exists "^3.0.0"
  
  locate-path@^3.0.0:
    version "3.0.0"
    resolved "http://172.16.0.199:8081/repository/npm-hosted/locate-path/-/locate-path-3.0.0.tgz#dbec3b3ab759758071b58fe59fc41871af21400e"
    integrity sha1-2+w7OrdZdYBxtY/ln8QYca8hQA4=
    dependencies:
      p-locate "^3.0.0"
      path-exists "^3.0.0"
  
  locate-path@^5.0.0:
    version "5.0.0"
    resolved "http://172.16.0.199:8081/repository/npm-hosted/locate-path/-/locate-path-5.0.0.tgz#1afba396afd676a6d42504d0a67a3a7eb9f62aa0"
    integrity sha1-Gvujlq/WdqbUJQTQpno6frn2KqA=
    dependencies:
      p-locate "^4.1.0"
  
  locate-path@^6.0.0:
    version "6.0.0"
    resolved "http://172.16.0.199:8081/repository/npm-hosted/locate-path/-/locate-path-6.0.0.tgz#55321eb309febbc59c4801d931a72452a681d286"
    integrity sha1-VTIeswn+u8WcSAHZMackUqaB0oY=
    dependencies:
      p-locate "^5.0.0"
  
  lodash-es@^4.17.15:
    version "4.17.21"
    resolved "http://172.16.0.199:8081/repository/npm-hosted/lodash-es/-/lodash-es-4.17.21.tgz#43e626c46e6591b7750beb2b50117390c609e3ee"
    integrity sha1-Q+YmxG5lkbd1C+srUBFzkMYJ4+4=
  
  lodash._reinterpolate@^3.0.0:
    version "3.0.0"
    resolved "http://172.16.0.199:8081/repository/npm-hosted/lodash._reinterpolate/-/lodash._reinterpolate-3.0.0.tgz#0ccf2d89166af03b3663c796538b75ac6e114d9d"
    integrity sha1-DM8tiRZq8Ds2Y8eWU4t1rG4RTZ0=
  
  lodash.debounce@^4.0.8:
    version "4.0.8"
    resolved "http://172.16.0.199:8081/repository/npm-hosted/lodash.debounce/-/lodash.debounce-4.0.8.tgz#82d79bff30a67c4005ffd5e2515300ad9ca4d7af"
    integrity sha1-gteb/zCmfEAF/9XiUVMArZyk168=
  
  lodash.ismatch@^4.4.0:
    version "4.4.0"
    resolved "http://172.16.0.199:8081/repository/npm-hosted/lodash.ismatch/-/lodash.ismatch-4.4.0.tgz#756cb5150ca3ba6f11085a78849645f188f85f37"
    integrity sha1-dWy1FQyjum8RCFp4hJZF8Yj4Xzc=
  
  lodash.kebabcase@^4.1.1:
    version "4.1.1"
    resolved "http://172.16.0.199:8081/repository/npm-hosted/lodash.kebabcase/-/lodash.kebabcase-4.1.1.tgz#8489b1cb0d29ff88195cceca448ff6d6cc295c36"
    integrity sha1-hImxyw0p/4gZXM7KRI/21swpXDY=
  
  lodash.map@^4.5.1:
    version "4.6.0"
    resolved "http://172.16.0.199:8081/repository/npm-hosted/lodash.map/-/lodash.map-4.6.0.tgz#771ec7839e3473d9c4cde28b19394c3562f4f6d3"
    integrity sha1-dx7Hg540c9nEzeKLGTlMNWL09tM=
  
  lodash.memoize@^4.1.2:
    version "4.1.2"
    resolved "http://172.16.0.199:8081/repository/npm-hosted/lodash.memoize/-/lodash.memoize-4.1.2.tgz#bcc6c49a42a2840ed997f323eada5ecd182e0bfe"
    integrity sha1-vMbEmkKihA7Zl/Mj6tpezRguC/4=
  
  lodash.merge@^4.6.2:
    version "4.6.2"
    resolved "http://172.16.0.199:8081/repository/npm-hosted/lodash.merge/-/lodash.merge-4.6.2.tgz#558aa53b43b661e1925a0afdfa36a9a1085fe57a"
    integrity sha1-VYqlO0O2YeGSWgr9+japoQhf5Xo=
  
  lodash.template@^4.5.0:
    version "4.5.0"
    resolved "http://172.16.0.199:8081/repository/npm-hosted/lodash.template/-/lodash.template-4.5.0.tgz#f976195cf3f347d0d5f52483569fe8031ccce8ab"
    integrity sha1-+XYZXPPzR9DV9SSDVp/oAxzM6Ks=
    dependencies:
      lodash._reinterpolate "^3.0.0"
      lodash.templatesettings "^4.0.0"
  
  lodash.templatesettings@^4.0.0:
    version "4.2.0"
    resolved "http://172.16.0.199:8081/repository/npm-hosted/lodash.templatesettings/-/lodash.templatesettings-4.2.0.tgz#e481310f049d3cf6d47e912ad09313b154f0fb33"
    integrity sha1-5IExDwSdPPbUfpEq0JMTsVTw+zM=
    dependencies:
      lodash._reinterpolate "^3.0.0"
  
  lodash.truncate@^4.4.2:
    version "4.4.2"
    resolved "http://172.16.0.199:8081/repository/npm-hosted/lodash.truncate/-/lodash.truncate-4.4.2.tgz#5a350da0b1113b837ecfffd5812cbe58d6eae193"
    integrity sha1-WjUNoLERO4N+z//VgSy+WNbq4ZM=
  
  lodash.uniq@^4.5.0:
    version "4.5.0"
    resolved "http://172.16.0.199:8081/repository/npm-hosted/lodash.uniq/-/lodash.uniq-4.5.0.tgz#d0225373aeb652adc1bc82e4945339a842754773"
    integrity sha1-0CJTc662Uq3BvILklFM5qEJ1R3M=
  
  lodash@4.17.21, lodash@^4.0.0, lodash@^4.17.15, lodash@^4.17.19, lodash@^4.17.20, lodash@^4.17.21, lodash@^4.7.0:
    version "4.17.21"
    resolved "http://172.16.0.199:8081/repository/npm-hosted/lodash/-/lodash-4.17.21.tgz#679591c564c3bffaae8454cf0b3df370c3d6911c"
    integrity sha1-Z5WRxWTDv/quhFTPCz3zcMPWkRw=
  
  log-symbols@^4.0.0, log-symbols@^4.1.0:
    version "4.1.0"
    resolved "http://172.16.0.199:8081/repository/npm-hosted/log-symbols/-/log-symbols-4.1.0.tgz#3fbdbb95b4683ac9fc785111e792e558d4abd503"
    integrity sha1-P727lbRoOsn8eFER55LlWNSr1QM=
    dependencies:
      chalk "^4.1.0"
      is-unicode-supported "^0.1.0"
  
  log-update@^4.0.0:
    version "4.0.0"
    resolved "http://172.16.0.199:8081/repository/npm-hosted/log-update/-/log-update-4.0.0.tgz#589ecd352471f2a1c0c570287543a64dfd20e0a1"
    integrity sha1-WJ7NNSRx8qHAxXAodUOmTf0g4KE=
    dependencies:
      ansi-escapes "^4.3.0"
      cli-cursor "^3.1.0"
      slice-ansi "^4.0.0"
      wrap-ansi "^6.2.0"
  
  longest@^2.0.1:
    version "2.0.1"
    resolved "http://172.16.0.199:8081/repository/npm-hosted/longest/-/longest-2.0.1.tgz#781e183296aa94f6d4d916dc335d0d17aefa23f8"
    integrity sha1-eB4YMpaqlPbU2RbcM10NF676I/g=
  
  loose-envify@^1.1.0, loose-envify@^1.4.0:
    version "1.4.0"
    resolved "http://172.16.0.199:8081/repository/npm-hosted/loose-envify/-/loose-envify-1.4.0.tgz#71ee51fa7be4caec1a63839f7e682d8132d30caf"
    integrity sha1-ce5R+nvkyuwaY4OffmgtgTLTDK8=
    dependencies:
      js-tokens "^3.0.0 || ^4.0.0"
  
  lower-case@^2.0.2:
    version "2.0.2"
    resolved "http://172.16.0.199:8081/repository/npm-hosted/lower-case/-/lower-case-2.0.2.tgz#6fa237c63dbdc4a82ca0fd882e4722dc5e634e28"
    integrity sha1-b6I3xj29xKgsoP2ILkci3F5jTig=
    dependencies:
      tslib "^2.0.3"
  
  lru-cache@^5.1.1:
    version "5.1.1"
    resolved "http://172.16.0.199:8081/repository/npm-hosted/lru-cache/-/lru-cache-5.1.1.tgz#1da27e6710271947695daf6848e847f01d84b920"
    integrity sha1-HaJ+ZxAnGUdpXa9oSOhH8B2EuSA=
    dependencies:
      yallist "^3.0.2"
  
  lru-cache@^6.0.0:
    version "6.0.0"
    resolved "http://172.16.0.199:8081/repository/npm-hosted/lru-cache/-/lru-cache-6.0.0.tgz#6d6fe6570ebd96aaf90fcad1dafa3b2566db3a94"
    integrity sha1-bW/mVw69lqr5D8rR2vo7JWbbOpQ=
    dependencies:
      yallist "^4.0.0"
  
  magic-string@^0.25.7:
    version "0.25.9"
    resolved "http://172.16.0.199:8081/repository/npm-hosted/magic-string/-/magic-string-0.25.9.tgz#de7f9faf91ef8a1c91d02c2e5314c8277dbcdd1c"
    integrity sha1-3n+fr5HvihyR0CwuUxTIJ3283Rw=
    dependencies:
      sourcemap-codec "^1.4.8"
  
  make-dir@^2.1.0:
    version "2.1.0"
    resolved "http://172.16.0.199:8081/repository/npm-hosted/make-dir/-/make-dir-2.1.0.tgz#5f0310e18b8be898cc07009295a30ae41e91e6f5"
    integrity sha1-XwMQ4YuL6JjMBwCSlaMK5B6R5vU=
    dependencies:
      pify "^4.0.1"
      semver "^5.6.0"
  
  make-dir@^3.0.0, make-dir@^3.0.2, make-dir@^3.1.0:
    version "3.1.0"
    resolved "http://172.16.0.199:8081/repository/npm-hosted/make-dir/-/make-dir-3.1.0.tgz#415e967046b3a7f1d185277d84aa58203726a13f"
    integrity sha1-QV6WcEazp/HRhSd9hKpYIDcmoT8=
    dependencies:
      semver "^6.0.0"
  
  make-error@^1.1.1:
    version "1.3.6"
    resolved "http://172.16.0.199:8081/repository/npm-hosted/make-error/-/make-error-1.3.6.tgz#2eb2e37ea9b67c4891f684a1394799af484cf7a2"
    integrity sha1-LrLjfqm2fEiR9oShOUeZr0hM96I=
  
  make-fetch-happen@^8.0.9:
    version "8.0.14"
    resolved "http://172.16.0.199:8081/repository/npm-hosted/make-fetch-happen/-/make-fetch-happen-8.0.14.tgz#aaba73ae0ab5586ad8eaa68bd83332669393e222"
    integrity sha1-qrpzrgq1WGrY6qaL2DMyZpOT4iI=
    dependencies:
      agentkeepalive "^4.1.3"
      cacache "^15.0.5"
      http-cache-semantics "^4.1.0"
      http-proxy-agent "^4.0.1"
      https-proxy-agent "^5.0.0"
      is-lambda "^1.0.1"
      lru-cache "^6.0.0"
      minipass "^3.1.3"
      minipass-collect "^1.0.2"
      minipass-fetch "^1.3.2"
      minipass-flush "^1.0.5"
      minipass-pipeline "^1.2.4"
      promise-retry "^2.0.1"
      socks-proxy-agent "^5.0.0"
      ssri "^8.0.0"
  
  make-fetch-happen@^9.0.1:
    version "9.1.0"
    resolved "http://172.16.0.199:8081/repository/npm-hosted/make-fetch-happen/-/make-fetch-happen-9.1.0.tgz#53085a09e7971433e6765f7971bf63f4e05cb968"
    integrity sha1-UwhaCeeXFDPmdl95cb9j9OBcuWg=
    dependencies:
      agentkeepalive "^4.1.3"
      cacache "^15.2.0"
      http-cache-semantics "^4.1.0"
      http-proxy-agent "^4.0.1"
      https-proxy-agent "^5.0.0"
      is-lambda "^1.0.1"
      lru-cache "^6.0.0"
      minipass "^3.1.3"
      minipass-collect "^1.0.2"
      minipass-fetch "^1.3.2"
      minipass-flush "^1.0.5"
      minipass-pipeline "^1.2.4"
      negotiator "^0.6.2"
      promise-retry "^2.0.1"
      socks-proxy-agent "^6.0.0"
      ssri "^8.0.0"
  
  makeerror@1.0.12:
    version "1.0.12"
    resolved "http://172.16.0.199:8081/repository/npm-hosted/makeerror/-/makeerror-1.0.12.tgz#3e5dd2079a82e812e983cc6610c4a2cb0eaa801a"
    integrity sha1-Pl3SB5qC6BLpg8xmEMSiyw6qgBo=
    dependencies:
      tmpl "1.0.5"
  
  map-obj@^1.0.0:
    version "1.0.1"
    resolved "http://172.16.0.199:8081/repository/npm-hosted/map-obj/-/map-obj-1.0.1.tgz#d933ceb9205d82bdcf4886f6742bdc2b4dea146d"
    integrity sha1-2TPOuSBdgr3PSIb2dCvcK03qFG0=
  
  map-obj@^4.0.0:
    version "4.3.0"
    resolved "http://172.16.0.199:8081/repository/npm-hosted/map-obj/-/map-obj-4.3.0.tgz#9304f906e93faae70880da102a9f1df0ea8bb05a"
    integrity sha1-kwT5Buk/qucIgNoQKp8d8OqLsFo=
  
  matcher@^3.0.0:
    version "3.0.0"
    resolved "http://172.16.0.199:8081/repository/npm-hosted/matcher/-/matcher-3.0.0.tgz#bd9060f4c5b70aa8041ccc6f80368760994f30ca"
    integrity sha1-vZBg9MW3CqgEHMxvgDaHYJlPMMo=
    dependencies:
      escape-string-regexp "^4.0.0"
  
  mathml-tag-names@^2.1.3:
    version "2.1.3"
    resolved "http://172.16.0.199:8081/repository/npm-hosted/mathml-tag-names/-/mathml-tag-names-2.1.3.tgz#4ddadd67308e780cf16a47685878ee27b736a0a3"
    integrity sha1-TdrdZzCOeAzxakdoWHjuJ7c2oKM=
  
  mdast-util-from-markdown@^0.8.5:
    version "0.8.5"
    resolved "http://172.16.0.199:8081/repository/npm-hosted/mdast-util-from-markdown/-/mdast-util-from-markdown-0.8.5.tgz#d1ef2ca42bc377ecb0463a987910dae89bd9a28c"
    integrity sha1-0e8spCvDd+ywRjqYeRDa6JvZoow=
    dependencies:
      "@types/mdast" "^3.0.0"
      mdast-util-to-string "^2.0.0"
      micromark "~2.11.0"
      parse-entities "^2.0.0"
      unist-util-stringify-position "^2.0.0"
  
  mdast-util-to-string@^2.0.0:
    version "2.0.0"
    resolved "http://172.16.0.199:8081/repository/npm-hosted/mdast-util-to-string/-/mdast-util-to-string-2.0.0.tgz#b8cfe6a713e1091cb5b728fc48885a4767f8b97b"
    integrity sha1-uM/mpxPhCRy1tyj8SIhaR2f4uXs=
  
  mdn-data@2.0.14:
    version "2.0.14"
    resolved "http://172.16.0.199:8081/repository/npm-hosted/mdn-data/-/mdn-data-2.0.14.tgz#7113fc4281917d63ce29b43446f701e68c25ba50"
    integrity sha1-cRP8QoGRfWPOKbQ0RvcB5owlulA=
  
  media-typer@0.3.0:
    version "0.3.0"
    resolved "http://172.16.0.199:8081/repository/npm-hosted/media-typer/-/media-typer-0.3.0.tgz#8710d7af0aa626f8fffa1ce00168545263255748"
    integrity sha1-hxDXrwqmJvj/+hzgAWhUUmMlV0g=
  
  memfs@^3.4.1, memfs@^3.4.3:
    version "3.4.12"
    resolved "http://172.16.0.199:8081/repository/npm-hosted/memfs/-/memfs-3.4.12.tgz#d00f8ad8dab132dc277c659dc85bfd14b07d03bd"
    integrity sha1-0A+K2NqxMtwnfGWdyFv9FLB9A70=
    dependencies:
      fs-monkey "^1.0.3"
  
  memorystream@^0.3.1:
    version "0.3.1"
    resolved "http://172.16.0.199:8081/repository/npm-hosted/memorystream/-/memorystream-0.3.1.tgz#86d7090b30ce455d63fbae12dda51a47ddcaf9b2"
    integrity sha1-htcJCzDORV1j+64S3aUaR93K+bI=
  
  meow@^8.0.0:
    version "8.1.2"
    resolved "http://172.16.0.199:8081/repository/npm-hosted/meow/-/meow-8.1.2.tgz#bcbe45bda0ee1729d350c03cffc8395a36c4e897"
    integrity sha1-vL5FvaDuFynTUMA8/8g5WjbE6Jc=
    dependencies:
      "@types/minimist" "^1.2.0"
      camelcase-keys "^6.2.2"
      decamelize-keys "^1.1.0"
      hard-rejection "^2.1.0"
      minimist-options "4.1.0"
      normalize-package-data "^3.0.0"
      read-pkg-up "^7.0.1"
      redent "^3.0.0"
      trim-newlines "^3.0.0"
      type-fest "^0.18.0"
      yargs-parser "^20.2.3"
  
  meow@^9.0.0:
    version "9.0.0"
    resolved "http://172.16.0.199:8081/repository/npm-hosted/meow/-/meow-9.0.0.tgz#cd9510bc5cac9dee7d03c73ee1f9ad959f4ea364"
    integrity sha1-zZUQvFysne59A8c+4fmtlZ9Oo2Q=
    dependencies:
      "@types/minimist" "^1.2.0"
      camelcase-keys "^6.2.2"
      decamelize "^1.2.0"
      decamelize-keys "^1.1.0"
      hard-rejection "^2.1.0"
      minimist-options "4.1.0"
      normalize-package-data "^3.0.0"
      read-pkg-up "^7.0.1"
      redent "^3.0.0"
      trim-newlines "^3.0.0"
      type-fest "^0.18.0"
      yargs-parser "^20.2.3"
  
  merge-descriptors@1.0.1:
    version "1.0.1"
    resolved "http://172.16.0.199:8081/repository/npm-hosted/merge-descriptors/-/merge-descriptors-1.0.1.tgz#b00aaa556dd8b44568150ec9d1b953f3f90cbb61"
    integrity sha1-sAqqVW3YtEVoFQ7J0blT8/kMu2E=
  
  merge-stream@^2.0.0:
    version "2.0.0"
    resolved "http://172.16.0.199:8081/repository/npm-hosted/merge-stream/-/merge-stream-2.0.0.tgz#52823629a14dd00c9770fb6ad47dc6310f2c1f60"
    integrity sha1-UoI2KaFN0AyXcPtq1H3GMQ8sH2A=
  
  merge2@^1.3.0, merge2@^1.4.1:
    version "1.4.1"
    resolved "http://172.16.0.199:8081/repository/npm-hosted/merge2/-/merge2-1.4.1.tgz#4368892f885e907455a6fd7dc55c0c9d404990ae"
    integrity sha1-Q2iJL4hekHRVpv19xVwMnUBJkK4=
  
  merge@^2.1.1:
    version "2.1.1"
    resolved "http://172.16.0.199:8081/repository/npm-hosted/merge/-/merge-2.1.1.tgz#59ef4bf7e0b3e879186436e8481c06a6c162ca98"
    integrity sha1-We9L9+Cz6HkYZDboSBwGpsFiypg=
  
  methods@~1.1.2:
    version "1.1.2"
    resolved "http://172.16.0.199:8081/repository/npm-hosted/methods/-/methods-1.1.2.tgz#5529a4d67654134edcc5266656835b0f851afcee"
    integrity sha1-VSmk1nZUE07cxSZmVoNbD4Ua/O4=
  
  micromark@~2.11.0:
    version "2.11.4"
    resolved "http://172.16.0.199:8081/repository/npm-hosted/micromark/-/micromark-2.11.4.tgz#d13436138eea826383e822449c9a5c50ee44665a"
    integrity sha1-0TQ2E47qgmOD6CJEnJpcUO5EZlo=
    dependencies:
      debug "^4.0.0"
      parse-entities "^2.0.0"
  
  micromatch@^4.0.2, micromatch@^4.0.4, micromatch@^4.0.5:
    version "4.0.5"
    resolved "http://172.16.0.199:8081/repository/npm-hosted/micromatch/-/micromatch-4.0.5.tgz#bc8999a7cbbf77cdc89f132f6e467051b49090c6"
    integrity sha1-vImZp8u/d83InxMvbkZwUbSQkMY=
    dependencies:
      braces "^3.0.2"
      picomatch "^2.3.1"
  
  mime-db@1.52.0, "mime-db@>= 1.43.0 < 2":
    version "1.52.0"
    resolved "http://172.16.0.199:8081/repository/npm-hosted/mime-db/-/mime-db-1.52.0.tgz#bbabcdc02859f4987301c856e3387ce5ec43bf70"
    integrity sha1-u6vNwChZ9JhzAchW4zh85exDv3A=
  
  mime-types@^2.1.12, mime-types@^2.1.27, mime-types@^2.1.31, mime-types@~2.1.17, mime-types@~2.1.19, mime-types@~2.1.24, mime-types@~2.1.34:
    version "2.1.35"
    resolved "http://172.16.0.199:8081/repository/npm-hosted/mime-types/-/mime-types-2.1.35.tgz#381a871b62a734450660ae3deee44813f70d959a"
    integrity sha1-OBqHG2KnNEUGYK497uRIE/cNlZo=
    dependencies:
      mime-db "1.52.0"
  
  mime@1.6.0, mime@^1.4.1:
    version "1.6.0"
    resolved "http://172.16.0.199:8081/repository/npm-hosted/mime/-/mime-1.6.0.tgz#32cd9e5c64553bd58d19a568af452acff04981b1"
    integrity sha1-Ms2eXGRVO9WNGaVor0Uqz/BJgbE=
  
  mimic-fn@^2.1.0:
    version "2.1.0"
    resolved "http://172.16.0.199:8081/repository/npm-hosted/mimic-fn/-/mimic-fn-2.1.0.tgz#7ed2c2ccccaf84d3ffcb7a69b57711fc2083401b"
    integrity sha1-ftLCzMyvhNP/y3pptXcR/CCDQBs=
  
  min-indent@^1.0.0:
    version "1.0.1"
    resolved "http://172.16.0.199:8081/repository/npm-hosted/min-indent/-/min-indent-1.0.1.tgz#a63f681673b30571fbe8bc25686ae746eefa9869"
    integrity sha1-pj9oFnOzBXH76LwlaGrnRu76mGk=
  
  mini-css-extract-plugin@^2.4.3:
    version "2.7.6"
    resolved "http://172.16.0.199:8081/repository/npm-hosted/mini-css-extract-plugin/-/mini-css-extract-plugin-2.7.6.tgz#282a3d38863fddcd2e0c220aaed5b90bc156564d"
    integrity sha1-KCo9OIY/3c0uDCIKrtW5C8FWVk0=
    dependencies:
      schema-utils "^4.0.0"
  
  minimalistic-assert@^1.0.0:
    version "1.0.1"
    resolved "http://172.16.0.199:8081/repository/npm-hosted/minimalistic-assert/-/minimalistic-assert-1.0.1.tgz#2e194de044626d4a10e7f7fbc00ce73e83e4d5c7"
    integrity sha1-LhlN4ERibUoQ5/f7wAznPoPk1cc=
  
  minimatch@^3.0.2, minimatch@^3.0.3, minimatch@^3.0.4, minimatch@^3.0.5, minimatch@^3.1.1, minimatch@^3.1.2:
    version "3.1.2"
    resolved "http://172.16.0.199:8081/repository/npm-hosted/minimatch/-/minimatch-3.1.2.tgz#19cd194bfd3e428f049a70817c038d89ab4be35b"
    integrity sha1-Gc0ZS/0+Qo8EmnCBfAONiatL41s=
    dependencies:
      brace-expansion "^1.1.7"
  
  minimist-options@4.1.0:
    version "4.1.0"
    resolved "http://172.16.0.199:8081/repository/npm-hosted/minimist-options/-/minimist-options-4.1.0.tgz#c0655713c53a8a2ebd77ffa247d342c40f010619"
    integrity sha1-wGVXE8U6ii69d/+iR9NCxA8BBhk=
    dependencies:
      arrify "^1.0.1"
      is-plain-obj "^1.1.0"
      kind-of "^6.0.3"
  
  minimist@1.2.6, minimist@^1.2.0, minimist@^1.2.5, minimist@^1.2.6:
    version "1.2.6"
    resolved "http://172.16.0.199:8081/repository/npm-hosted/minimist/-/minimist-1.2.6.tgz#8637a5b759ea0d6e98702cfb3a9283323c93af44"
    integrity sha1-hjelt1nqDW6YcCz7OpKDMjyTr0Q=
  
  minipass-collect@^1.0.2:
    version "1.0.2"
    resolved "http://172.16.0.199:8081/repository/npm-hosted/minipass-collect/-/minipass-collect-1.0.2.tgz#22b813bf745dc6edba2576b940022ad6edc8c617"
    integrity sha1-IrgTv3Rdxu26JXa5QAIq1u3Ixhc=
    dependencies:
      minipass "^3.0.0"
  
  minipass-fetch@^1.3.0, minipass-fetch@^1.3.2:
    version "1.4.1"
    resolved "http://172.16.0.199:8081/repository/npm-hosted/minipass-fetch/-/minipass-fetch-1.4.1.tgz#d75e0091daac1b0ffd7e9d41629faff7d0c1f1b6"
    integrity sha1-114AkdqsGw/9fp1BYp+v99DB8bY=
    dependencies:
      minipass "^3.1.0"
      minipass-sized "^1.0.3"
      minizlib "^2.0.0"
    optionalDependencies:
      encoding "^0.1.12"
  
  minipass-flush@^1.0.5:
    version "1.0.5"
    resolved "http://172.16.0.199:8081/repository/npm-hosted/minipass-flush/-/minipass-flush-1.0.5.tgz#82e7135d7e89a50ffe64610a787953c4c4cbb373"
    integrity sha1-gucTXX6JpQ/+ZGEKeHlTxMTLs3M=
    dependencies:
      minipass "^3.0.0"
  
  minipass-json-stream@^1.0.1:
    version "1.0.1"
    resolved "http://172.16.0.199:8081/repository/npm-hosted/minipass-json-stream/-/minipass-json-stream-1.0.1.tgz#7edbb92588fbfc2ff1db2fc10397acb7b6b44aa7"
    integrity sha1-ftu5JYj7/C/x2y/BA5est7a0Sqc=
    dependencies:
      jsonparse "^1.3.1"
      minipass "^3.0.0"
  
  minipass-pipeline@^1.2.2, minipass-pipeline@^1.2.4:
    version "1.2.4"
    resolved "http://172.16.0.199:8081/repository/npm-hosted/minipass-pipeline/-/minipass-pipeline-1.2.4.tgz#68472f79711c084657c067c5c6ad93cddea8214c"
    integrity sha1-aEcveXEcCEZXwGfFxq2Tzd6oIUw=
    dependencies:
      minipass "^3.0.0"
  
  minipass-sized@^1.0.3:
    version "1.0.3"
    resolved "http://172.16.0.199:8081/repository/npm-hosted/minipass-sized/-/minipass-sized-1.0.3.tgz#70ee5a7c5052070afacfbc22977ea79def353b70"
    integrity sha1-cO5afFBSBwr6z7wil36nne81O3A=
    dependencies:
      minipass "^3.0.0"
  
  minipass@^2.6.0, minipass@^2.9.0:
    version "2.9.0"
    resolved "http://172.16.0.199:8081/repository/npm-hosted/minipass/-/minipass-2.9.0.tgz#e713762e7d3e32fed803115cf93e04bca9fcc9a6"
    integrity sha1-5xN2Ln0+Mv7YAxFc+T4EvKn8yaY=
    dependencies:
      safe-buffer "^5.1.2"
      yallist "^3.0.0"
  
  minipass@^3.0.0, minipass@^3.1.0, minipass@^3.1.1, minipass@^3.1.3:
    version "3.3.6"
    resolved "http://172.16.0.199:8081/repository/npm-hosted/minipass/-/minipass-3.3.6.tgz#7bba384db3a1520d18c9c0e5251c3444e95dd94a"
    integrity sha1-e7o4TbOhUg0YycDlJRw0ROld2Uo=
    dependencies:
      yallist "^4.0.0"
  
  minipass@^5.0.0:
    version "5.0.0"
    resolved "http://172.16.0.199:8081/repository/npm-hosted/minipass/-/minipass-5.0.0.tgz#3e9788ffb90b694a5d0ec94479a45b5d8738133d"
    integrity sha1-PpeI/7kLaUpdDslEeaRbXYc4Ez0=
  
  minizlib@^1.3.3:
    version "1.3.3"
    resolved "http://172.16.0.199:8081/repository/npm-hosted/minizlib/-/minizlib-1.3.3.tgz#2290de96818a34c29551c8a8d301216bd65a861d"
    integrity sha1-IpDeloGKNMKVUcio0wEha9Zahh0=
    dependencies:
      minipass "^2.9.0"
  
  minizlib@^2.0.0, minizlib@^2.1.1:
    version "2.1.2"
    resolved "http://172.16.0.199:8081/repository/npm-hosted/minizlib/-/minizlib-2.1.2.tgz#e90d3466ba209b932451508a11ce3d3632145931"
    integrity sha1-6Q00Zrogm5MkUVCKEc49NjIUWTE=
    dependencies:
      minipass "^3.0.0"
      yallist "^4.0.0"
  
  mkdirp-infer-owner@^2.0.0:
    version "2.0.0"
    resolved "http://172.16.0.199:8081/repository/npm-hosted/mkdirp-infer-owner/-/mkdirp-infer-owner-2.0.0.tgz#55d3b368e7d89065c38f32fd38e638f0ab61d316"
    integrity sha1-VdOzaOfYkGXDjzL9OOY48Kth0xY=
    dependencies:
      chownr "^2.0.0"
      infer-owner "^1.0.4"
      mkdirp "^1.0.3"
  
  mkdirp@^0.5.1, mkdirp@^0.5.5:
    version "0.5.6"
    resolved "http://172.16.0.199:8081/repository/npm-hosted/mkdirp/-/mkdirp-0.5.6.tgz#7def03d2432dcae4ba1d611445c48396062255f6"
    integrity sha1-fe8D0kMtyuS6HWEURcSDlgYiVfY=
    dependencies:
      minimist "^1.2.6"
  
  mkdirp@^1.0.3, mkdirp@^1.0.4:
    version "1.0.4"
    resolved "http://172.16.0.199:8081/repository/npm-hosted/mkdirp/-/mkdirp-1.0.4.tgz#3eb5ed62622756d79a5f0e2a221dfebad75c2f7e"
    integrity sha1-PrXtYmInVteaXw4qIh3+utdcL34=
  
  modify-values@^1.0.0:
    version "1.0.1"
    resolved "http://172.16.0.199:8081/repository/npm-hosted/modify-values/-/modify-values-1.0.1.tgz#b3939fa605546474e3e3e3c63d64bd43b4ee6022"
    integrity sha1-s5OfpgVUZHTj4+PGPWS9Q7TuYCI=
  
  monaco-editor-webpack-plugin@^7.0.1:
    version "7.0.1"
    resolved "http://172.16.0.199:8081/repository/npm-hosted/monaco-editor-webpack-plugin/-/monaco-editor-webpack-plugin-7.0.1.tgz#ba19c60aba990184e36ad8722b1ed6a564527c7c"
    integrity sha1-uhnGCrqZAYTjathyKx7WpWRSfHw=
    dependencies:
      loader-utils "^2.0.2"
  
  monaco-editor@^0.45.0:
    version "0.45.0"
    resolved "http://172.16.0.199:8081/repository/npm-hosted/monaco-editor/-/monaco-editor-0.45.0.tgz#6939123a6254aea9fea2d647697f846306dd4448"
    integrity sha1-aTkSOmJUrqn+otZHaX+EYwbdREg=
  
  mousetrap@^1.6.5:
    version "1.6.5"
    resolved "http://172.16.0.199:8081/repository/npm-hosted/mousetrap/-/mousetrap-1.6.5.tgz#8a766d8c272b08393d5f56074e0b5ec183485bf9"
    integrity sha1-inZtjCcrCDk9X1YHTgtewYNIW/k=
  
  mrmime@^1.0.0:
    version "1.0.1"
    resolved "http://172.16.0.199:8081/repository/npm-hosted/mrmime/-/mrmime-1.0.1.tgz#5f90c825fad4bdd41dc914eff5d1a8cfdaf24f27"
    integrity sha1-X5DIJfrUvdQdyRTv9dGoz9ryTyc=
  
  ms@2.0.0:
    version "2.0.0"
    resolved "http://172.16.0.199:8081/repository/npm-hosted/ms/-/ms-2.0.0.tgz#5608aeadfc00be6c2901df5f9861788de0d597c8"
    integrity sha1-VgiurfwAvmwpAd9fmGF4jeDVl8g=
  
  ms@2.1.2, ms@^2.0.0, ms@^2.1.1:
    version "2.1.2"
    resolved "http://172.16.0.199:8081/repository/npm-hosted/ms/-/ms-2.1.2.tgz#d09d1f357b443f493382a8eb3ccd183872ae6009"
    integrity sha1-0J0fNXtEP0kzgqjrPM0YOHKuYAk=
  
  ms@2.1.3:
    version "2.1.3"
    resolved "http://172.16.0.199:8081/repository/npm-hosted/ms/-/ms-2.1.3.tgz#574c8138ce1d2b5861f0b44579dbadd60c6615b2"
    integrity sha1-V0yBOM4dK1hh8LRFedut1gxmFbI=
  
  multicast-dns@^7.2.5:
    version "7.2.5"
    resolved "http://172.16.0.199:8081/repository/npm-hosted/multicast-dns/-/multicast-dns-7.2.5.tgz#77eb46057f4d7adbd16d9290fa7299f6fa64cced"
    integrity sha1-d+tGBX9NetvRbZKQ+nKZ9vpkzO0=
    dependencies:
      dns-packet "^5.2.2"
      thunky "^1.0.2"
  
  multimatch@^5.0.0:
    version "5.0.0"
    resolved "http://172.16.0.199:8081/repository/npm-hosted/multimatch/-/multimatch-5.0.0.tgz#932b800963cea7a31a033328fa1e0c3a1874dbe6"
    integrity sha1-kyuACWPOp6MaAzMo+h4MOhh02+Y=
    dependencies:
      "@types/minimatch" "^3.0.3"
      array-differ "^3.0.0"
      array-union "^2.1.0"
      arrify "^2.0.1"
      minimatch "^3.0.4"
  
  mute-stream@0.0.8, mute-stream@~0.0.4:
    version "0.0.8"
    resolved "http://172.16.0.199:8081/repository/npm-hosted/mute-stream/-/mute-stream-0.0.8.tgz#1630c42b2251ff81e2a283de96a5497ea92e5e0d"
    integrity sha1-FjDEKyJR/4HiooPelqVJfqkuXg0=
  
  nanoid@^3.3.4:
    version "3.3.6"
    resolved "http://172.16.0.199:8081/repository/npm-hosted/nanoid/-/nanoid-3.3.6.tgz#443380c856d6e9f9824267d960b4236ad583ea4c"
    integrity sha1-RDOAyFbW6fmCQmfZYLQjatWD6kw=
  
  native-request@^1.0.5:
    version "1.1.0"
    resolved "http://172.16.0.199:8081/repository/npm-hosted/native-request/-/native-request-1.1.0.tgz#acdb30fe2eefa3e1bc8c54b3a6852e9c5c0d3cb0"
    integrity sha1-rNsw/i7vo+G8jFSzpoUunFwNPLA=
  
  natural-compare-lite@^1.4.0:
    version "1.4.0"
    resolved "http://172.16.0.199:8081/repository/npm-hosted/natural-compare-lite/-/natural-compare-lite-1.4.0.tgz#17b09581988979fddafe0201e931ba933c96cbb4"
    integrity sha1-F7CVgZiJef3a/gIB6TG6kzyWy7Q=
  
  natural-compare@^1.4.0:
    version "1.4.0"
    resolved "http://172.16.0.199:8081/repository/npm-hosted/natural-compare/-/natural-compare-1.4.0.tgz#4abebfeed7541f2c27acfb29bdbbd15c8d5ba4f7"
    integrity sha1-Sr6/7tdUHywnrPspvbvRXI1bpPc=
  
  negotiator@0.6.3, negotiator@^0.6.2:
    version "0.6.3"
    resolved "http://172.16.0.199:8081/repository/npm-hosted/negotiator/-/negotiator-0.6.3.tgz#58e323a72fedc0d6f9cd4d31fe49f51479590ccd"
    integrity sha1-WOMjpy/twNb5zU0x/kn1FHlZDM0=
  
  neo-async@^2.6.2:
    version "2.6.2"
    resolved "http://172.16.0.199:8081/repository/npm-hosted/neo-async/-/neo-async-2.6.2.tgz#b4aafb93e3aeb2d8174ca53cf163ab7d7308305f"
    integrity sha1-tKr7k+OustgXTKU88WOrfXMIMF8=
  
  nice-try@^1.0.4:
    version "1.0.5"
    resolved "http://172.16.0.199:8081/repository/npm-hosted/nice-try/-/nice-try-1.0.5.tgz#a3378a7696ce7d223e88fc9b764bd7ef1089e366"
    integrity sha1-ozeKdpbOfSI+iPybdkvX7xCJ42Y=
  
  no-case@^3.0.4:
    version "3.0.4"
    resolved "http://172.16.0.199:8081/repository/npm-hosted/no-case/-/no-case-3.0.4.tgz#d361fd5c9800f558551a8369fc0dcd4662b6124d"
    integrity sha1-02H9XJgA9VhVGoNp/A3NRmK2Ek0=
    dependencies:
      lower-case "^2.0.2"
      tslib "^2.0.3"
  
  node-abort-controller@^3.0.1:
    version "3.1.1"
    resolved "http://172.16.0.199:8081/repository/npm-hosted/node-abort-controller/-/node-abort-controller-3.1.1.tgz#a94377e964a9a37ac3976d848cb5c765833b8548"
    integrity sha1-qUN36WSpo3rDl22EjLXHZYM7hUg=
  
  node-fetch@^2.6.1, node-fetch@^2.6.7:
    version "2.6.9"
    resolved "http://172.16.0.199:8081/repository/npm-hosted/node-fetch/-/node-fetch-2.6.9.tgz#7c7f744b5cc6eb5fd404e0c7a9fec630a55657e6"
    integrity sha1-fH90S1zG61/UBODHqf7GMKVWV+Y=
    dependencies:
      whatwg-url "^5.0.0"
  
  node-forge@^1:
    version "1.3.1"
    resolved "http://172.16.0.199:8081/repository/npm-hosted/node-forge/-/node-forge-1.3.1.tgz#be8da2af243b2417d5f646a770663a92b7e9ded3"
    integrity sha1-vo2iryQ7JBfV9kancGY6krfp3tM=
  
  node-gyp@^5.0.2:
    version "5.1.1"
    resolved "http://172.16.0.199:8081/repository/npm-hosted/node-gyp/-/node-gyp-5.1.1.tgz#eb915f7b631c937d282e33aed44cb7a025f62a3e"
    integrity sha1-65Ffe2Mck30oLjOu1Ey3oCX2Kj4=
    dependencies:
      env-paths "^2.2.0"
      glob "^7.1.4"
      graceful-fs "^4.2.2"
      mkdirp "^0.5.1"
      nopt "^4.0.1"
      npmlog "^4.1.2"
      request "^2.88.0"
      rimraf "^2.6.3"
      semver "^5.7.1"
      tar "^4.4.12"
      which "^1.3.1"
  
  node-gyp@^7.1.0:
    version "7.1.2"
    resolved "http://172.16.0.199:8081/repository/npm-hosted/node-gyp/-/node-gyp-7.1.2.tgz#21a810aebb187120251c3bcec979af1587b188ae"
    integrity sha1-IagQrrsYcSAlHDvOyXmvFYexiK4=
    dependencies:
      env-paths "^2.2.0"
      glob "^7.1.4"
      graceful-fs "^4.2.3"
      nopt "^5.0.0"
      npmlog "^4.1.2"
      request "^2.88.2"
      rimraf "^3.0.2"
      semver "^7.3.2"
      tar "^6.0.2"
      which "^2.0.2"
  
  node-int64@^0.4.0:
    version "0.4.0"
    resolved "http://172.16.0.199:8081/repository/npm-hosted/node-int64/-/node-int64-0.4.0.tgz#87a9065cdb355d3182d8f94ce11188b825c68a3b"
    integrity sha1-h6kGXNs1XTGC2PlM4RGIuCXGijs=
  
  node-releases@^2.0.13:
    version "2.0.13"
    resolved "http://172.16.0.199:8081/repository/npm-hosted/node-releases/-/node-releases-2.0.13.tgz#d5ed1627c23e3461e819b02e57b75e4899b1c81d"
    integrity sha1-1e0WJ8I+NGHoGbAuV7deSJmxyB0=
  
  node-releases@^2.0.6:
    version "2.0.9"
    resolved "http://172.16.0.199:8081/repository/npm-hosted/node-releases/-/node-releases-2.0.9.tgz#fe66405285382b0c4ac6bcfbfbe7e8a510650b4d"
    integrity sha1-/mZAUoU4KwxKxrz7++fopRBlC00=
  
  nodemon@^2.0.0:
    version "2.0.20"
    resolved "http://172.16.0.199:8081/repository/npm-hosted/nodemon/-/nodemon-2.0.20.tgz#e3537de768a492e8d74da5c5813cb0c7486fc701"
    integrity sha1-41N952ikkujXTaXFgTywx0hvxwE=
    dependencies:
      chokidar "^3.5.2"
      debug "^3.2.7"
      ignore-by-default "^1.0.1"
      minimatch "^3.1.2"
      pstree.remy "^1.1.8"
      semver "^5.7.1"
      simple-update-notifier "^1.0.7"
      supports-color "^5.5.0"
      touch "^3.1.0"
      undefsafe "^2.0.5"
  
  noms@0.0.0:
    version "0.0.0"
    resolved "http://172.16.0.199:8081/repository/npm-hosted/noms/-/noms-0.0.0.tgz#da8ebd9f3af9d6760919b27d9cdc8092a7332859"
    integrity sha1-2o69nzr51nYJGbJ9nNyAkqczKFk=
    dependencies:
      inherits "^2.0.1"
      readable-stream "~1.0.31"
  
  nopt@^4.0.1:
    version "4.0.3"
    resolved "http://172.16.0.199:8081/repository/npm-hosted/nopt/-/nopt-4.0.3.tgz#a375cad9d02fd921278d954c2254d5aa57e15e48"
    integrity sha1-o3XK2dAv2SEnjZVMIlTVqlfhXkg=
    dependencies:
      abbrev "1"
      osenv "^0.1.4"
  
  nopt@^5.0.0:
    version "5.0.0"
    resolved "http://172.16.0.199:8081/repository/npm-hosted/nopt/-/nopt-5.0.0.tgz#530942bb58a512fccafe53fe210f13a25355dc88"
    integrity sha1-UwlCu1ilEvzK/lP+IQ8TolNV3Ig=
    dependencies:
      abbrev "1"
  
  nopt@~1.0.10:
    version "1.0.10"
    resolved "http://172.16.0.199:8081/repository/npm-hosted/nopt/-/nopt-1.0.10.tgz#6ddd21bd2a31417b92727dd585f8a6f37608ebee"
    integrity sha1-bd0hvSoxQXuScn3Vhfim83YI6+4=
    dependencies:
      abbrev "1"
  
  normalize-package-data@^2.0.0, normalize-package-data@^2.3.2, normalize-package-data@^2.5.0:
    version "2.5.0"
    resolved "http://172.16.0.199:8081/repository/npm-hosted/normalize-package-data/-/normalize-package-data-2.5.0.tgz#e66db1838b200c1dfc233225d12cb36520e234a8"
    integrity sha1-5m2xg4sgDB38IzIl0SyzZSDiNKg=
    dependencies:
      hosted-git-info "^2.1.4"
      resolve "^1.10.0"
      semver "2 || 3 || 4 || 5"
      validate-npm-package-license "^3.0.1"
  
  normalize-package-data@^3.0.0, normalize-package-data@^3.0.2:
    version "3.0.3"
    resolved "http://172.16.0.199:8081/repository/npm-hosted/normalize-package-data/-/normalize-package-data-3.0.3.tgz#dbcc3e2da59509a0983422884cd172eefdfa525e"
    integrity sha1-28w+LaWVCaCYNCKITNFy7v36Ul4=
    dependencies:
      hosted-git-info "^4.0.1"
      is-core-module "^2.5.0"
      semver "^7.3.4"
      validate-npm-package-license "^3.0.1"
  
  normalize-path@^3.0.0, normalize-path@~3.0.0:
    version "3.0.0"
    resolved "http://172.16.0.199:8081/repository/npm-hosted/normalize-path/-/normalize-path-3.0.0.tgz#0dcd69ff23a1c9b11fd0978316644a0388216a65"
    integrity sha1-Dc1p/yOhybEf0JeDFmRKA4ghamU=
  
  normalize-range@^0.1.2:
    version "0.1.2"
    resolved "http://172.16.0.199:8081/repository/npm-hosted/normalize-range/-/normalize-range-0.1.2.tgz#2d10c06bdfd312ea9777695a4d28439456b75942"
    integrity sha1-LRDAa9/TEuqXd2laTShDlFa3WUI=
  
  normalize-url@^6.0.1, normalize-url@^6.1.0:
    version "6.1.0"
    resolved "http://172.16.0.199:8081/repository/npm-hosted/normalize-url/-/normalize-url-6.1.0.tgz#40d0885b535deffe3f3147bec877d05fe4c5668a"
    integrity sha1-QNCIW1Nd7/4/MUe+yHfQX+TFZoo=
  
  npm-bundled@^1.1.1:
    version "1.1.2"
    resolved "http://172.16.0.199:8081/repository/npm-hosted/npm-bundled/-/npm-bundled-1.1.2.tgz#944c78789bd739035b70baa2ca5cc32b8d860bc1"
    integrity sha1-lEx4eJvXOQNbcLqiylzDK42GC8E=
    dependencies:
      npm-normalize-package-bin "^1.0.1"
  
  npm-install-checks@^4.0.0:
    version "4.0.0"
    resolved "http://172.16.0.199:8081/repository/npm-hosted/npm-install-checks/-/npm-install-checks-4.0.0.tgz#a37facc763a2fde0497ef2c6d0ac7c3fbe00d7b4"
    integrity sha1-o3+sx2Oi/eBJfvLG0Kx8P74A17Q=
    dependencies:
      semver "^7.1.1"
  
  npm-lifecycle@^3.1.5:
    version "3.1.5"
    resolved "http://172.16.0.199:8081/repository/npm-hosted/npm-lifecycle/-/npm-lifecycle-3.1.5.tgz#9882d3642b8c82c815782a12e6a1bfeed0026309"
    integrity sha1-mILTZCuMgsgVeCoS5qG/7tACYwk=
    dependencies:
      byline "^5.0.0"
      graceful-fs "^4.1.15"
      node-gyp "^5.0.2"
      resolve-from "^4.0.0"
      slide "^1.1.6"
      uid-number "0.0.6"
      umask "^1.1.0"
      which "^1.3.1"
  
  npm-normalize-package-bin@^1.0.0, npm-normalize-package-bin@^1.0.1:
    version "1.0.1"
    resolved "http://172.16.0.199:8081/repository/npm-hosted/npm-normalize-package-bin/-/npm-normalize-package-bin-1.0.1.tgz#6e79a41f23fd235c0623218228da7d9c23b8f6e2"
    integrity sha1-bnmkHyP9I1wGIyGCKNp9nCO49uI=
  
  npm-package-arg@^8.0.0, npm-package-arg@^8.0.1, npm-package-arg@^8.1.0, npm-package-arg@^8.1.2, npm-package-arg@^8.1.5:
    version "8.1.5"
    resolved "http://172.16.0.199:8081/repository/npm-hosted/npm-package-arg/-/npm-package-arg-8.1.5.tgz#3369b2d5fe8fdc674baa7f1786514ddc15466e44"
    integrity sha1-M2my1f6P3GdLqn8XhlFN3BVGbkQ=
    dependencies:
      hosted-git-info "^4.0.1"
      semver "^7.3.4"
      validate-npm-package-name "^3.0.0"
  
  npm-packlist@^2.1.4:
    version "2.2.2"
    resolved "http://172.16.0.199:8081/repository/npm-hosted/npm-packlist/-/npm-packlist-2.2.2.tgz#076b97293fa620f632833186a7a8f65aaa6148c8"
    integrity sha1-B2uXKT+mIPYygzGGp6j2WqphSMg=
    dependencies:
      glob "^7.1.6"
      ignore-walk "^3.0.3"
      npm-bundled "^1.1.1"
      npm-normalize-package-bin "^1.0.1"
  
  npm-pick-manifest@^6.0.0, npm-pick-manifest@^6.1.1:
    version "6.1.1"
    resolved "http://172.16.0.199:8081/repository/npm-hosted/npm-pick-manifest/-/npm-pick-manifest-6.1.1.tgz#7b5484ca2c908565f43b7f27644f36bb816f5148"
    integrity sha1-e1SEyiyQhWX0O38nZE82u4FvUUg=
    dependencies:
      npm-install-checks "^4.0.0"
      npm-normalize-package-bin "^1.0.1"
      npm-package-arg "^8.1.2"
      semver "^7.3.4"
  
  npm-registry-fetch@^11.0.0:
    version "11.0.0"
    resolved "http://172.16.0.199:8081/repository/npm-hosted/npm-registry-fetch/-/npm-registry-fetch-11.0.0.tgz#68c1bb810c46542760d62a6a965f85a702d43a76"
    integrity sha1-aMG7gQxGVCdg1ipqll+FpwLUOnY=
    dependencies:
      make-fetch-happen "^9.0.1"
      minipass "^3.1.3"
      minipass-fetch "^1.3.0"
      minipass-json-stream "^1.0.1"
      minizlib "^2.0.0"
      npm-package-arg "^8.0.0"
  
  npm-registry-fetch@^9.0.0:
    version "9.0.0"
    resolved "http://172.16.0.199:8081/repository/npm-hosted/npm-registry-fetch/-/npm-registry-fetch-9.0.0.tgz#86f3feb4ce00313bc0b8f1f8f69daae6face1661"
    integrity sha1-hvP+tM4AMTvAuPH49p2q5vrOFmE=
    dependencies:
      "@npmcli/ci-detect" "^1.0.0"
      lru-cache "^6.0.0"
      make-fetch-happen "^8.0.9"
      minipass "^3.1.3"
      minipass-fetch "^1.3.0"
      minipass-json-stream "^1.0.1"
      minizlib "^2.0.0"
      npm-package-arg "^8.0.0"
  
  npm-run-all@~4.1.5:
    version "4.1.5"
    resolved "http://172.16.0.199:8081/repository/npm-hosted/npm-run-all/-/npm-run-all-4.1.5.tgz#04476202a15ee0e2e214080861bff12a51d98fba"
    integrity sha1-BEdiAqFe4OLiFAgIYb/xKlHZj7o=
    dependencies:
      ansi-styles "^3.2.1"
      chalk "^2.4.1"
      cross-spawn "^6.0.5"
      memorystream "^0.3.1"
      minimatch "^3.0.4"
      pidtree "^0.3.0"
      read-pkg "^3.0.0"
      shell-quote "^1.6.1"
      string.prototype.padend "^3.0.0"
  
  npm-run-path@^4.0.0, npm-run-path@^4.0.1:
    version "4.0.1"
    resolved "http://172.16.0.199:8081/repository/npm-hosted/npm-run-path/-/npm-run-path-4.0.1.tgz#b7ecd1e5ed53da8e37a55e1c2269e0b97ed748ea"
    integrity sha1-t+zR5e1T2o43pV4cImnguX7XSOo=
    dependencies:
      path-key "^3.0.0"
  
  npmlog@^4.1.2:
    version "4.1.2"
    resolved "http://172.16.0.199:8081/repository/npm-hosted/npmlog/-/npmlog-4.1.2.tgz#08a7f2a8bf734604779a9efa4ad5cc717abb954b"
    integrity sha1-CKfyqL9zRgR3mp76StXMcXq7lUs=
    dependencies:
      are-we-there-yet "~1.1.2"
      console-control-strings "~1.1.0"
      gauge "~2.7.3"
      set-blocking "~2.0.0"
  
  nth-check@^2.0.1:
    version "2.1.1"
    resolved "http://172.16.0.199:8081/repository/npm-hosted/nth-check/-/nth-check-2.1.1.tgz#c9eab428effce36cd6b92c924bdb000ef1f1ed1d"
    integrity sha1-yeq0KO/842zWuSySS9sADvHx7R0=
    dependencies:
      boolbase "^1.0.0"
  
  null-loader@^4.0.0:
    version "4.0.1"
    resolved "http://172.16.0.199:8081/repository/npm-hosted/null-loader/-/null-loader-4.0.1.tgz#8e63bd3a2dd3c64236a4679428632edd0a6dbc6a"
    integrity sha1-jmO9Oi3TxkI2pGeUKGMu3QptvGo=
    dependencies:
      loader-utils "^2.0.0"
      schema-utils "^3.0.0"
  
  number-is-nan@^1.0.0:
    version "1.0.1"
    resolved "http://172.16.0.199:8081/repository/npm-hosted/number-is-nan/-/number-is-nan-1.0.1.tgz#097b602b53422a522c1afb8790318336941a011d"
    integrity sha1-CXtgK1NCKlIsGvuHkDGDNpQaAR0=
  
  nwsapi@^2.2.0:
    version "2.2.1"
    resolved "http://172.16.0.199:8081/repository/npm-hosted/nwsapi/-/nwsapi-2.2.1.tgz#10a9f268fbf4c461249ebcfe38e359aa36e2577c"
    integrity sha1-EKnyaPv0xGEknrz+OONZqjbiV3w=
  
  oauth-sign@~0.9.0:
    version "0.9.0"
    resolved "http://172.16.0.199:8081/repository/npm-hosted/oauth-sign/-/oauth-sign-0.9.0.tgz#47a7b016baa68b5fa0ecf3dee08a85c679ac6455"
    integrity sha1-R6ewFrqmi1+g7PPe4IqFxnmsZFU=
  
  object-assign@^4.0.1, object-assign@^4.1.0, object-assign@^4.1.1:
    version "4.1.1"
    resolved "http://172.16.0.199:8081/repository/npm-hosted/object-assign/-/object-assign-4.1.1.tgz#2109adc7965887cfc05cbbd442cac8bfbb360863"
    integrity sha1-IQmtx5ZYh8/AXLvUQsrIv7s2CGM=
  
  object-inspect@^1.12.3, object-inspect@^1.9.0:
    version "1.12.3"
    resolved "http://172.16.0.199:8081/repository/npm-hosted/object-inspect/-/object-inspect-1.12.3.tgz#ba62dffd67ee256c8c086dfae69e016cd1f198b9"
    integrity sha1-umLf/WfuJWyMCG365p4BbNHxmLk=
  
  object-inspect@^1.13.1:
    version "1.13.1"
    resolved "http://172.16.0.199:8081/repository/npm-hosted/object-inspect/-/object-inspect-1.13.1.tgz#b96c6109324ccfef6b12216a956ca4dc2ff94bc2"
    integrity sha1-uWxhCTJMz+9rEiFqlWyk3C/5S8I=
  
  object-keys@^1.1.1:
    version "1.1.1"
    resolved "http://172.16.0.199:8081/repository/npm-hosted/object-keys/-/object-keys-1.1.1.tgz#1c47f272df277f3b1daf061677d9c82e2322c60e"
    integrity sha1-HEfyct8nfzsdrwYWd9nILiMixg4=
  
  object.assign@^4.1.4:
    version "4.1.4"
    resolved "http://172.16.0.199:8081/repository/npm-hosted/object.assign/-/object.assign-4.1.4.tgz#9673c7c7c351ab8c4d0b516f4343ebf4dfb7799f"
    integrity sha1-lnPHx8NRq4xNC1FvQ0Pr9N+3eZ8=
    dependencies:
      call-bind "^1.0.2"
      define-properties "^1.1.4"
      has-symbols "^1.0.3"
      object-keys "^1.1.1"
  
  object.entries@^1.1.6:
    version "1.1.7"
    resolved "http://172.16.0.199:8081/repository/npm-hosted/object.entries/-/object.entries-1.1.7.tgz#2b47760e2a2e3a752f39dd874655c61a7f03c131"
    integrity sha1-K0d2DiouOnUvOd2HRlXGGn8DwTE=
    dependencies:
      call-bind "^1.0.2"
      define-properties "^1.2.0"
      es-abstract "^1.22.1"
  
  object.fromentries@^2.0.6:
    version "2.0.7"
    resolved "http://172.16.0.199:8081/repository/npm-hosted/object.fromentries/-/object.fromentries-2.0.7.tgz#71e95f441e9a0ea6baf682ecaaf37fa2a8d7e616"
    integrity sha1-celfRB6aDqa69oLsqvN/oqjX5hY=
    dependencies:
      call-bind "^1.0.2"
      define-properties "^1.2.0"
      es-abstract "^1.22.1"
  
  object.getownpropertydescriptors@^2.0.3:
    version "2.1.5"
    resolved "http://172.16.0.199:8081/repository/npm-hosted/object.getownpropertydescriptors/-/object.getownpropertydescriptors-2.1.5.tgz#db5a9002489b64eef903df81d6623c07e5b4b4d3"
    integrity sha1-21qQAkibZO75A9+B1mI8B+W0tNM=
    dependencies:
      array.prototype.reduce "^1.0.5"
      call-bind "^1.0.2"
      define-properties "^1.1.4"
      es-abstract "^1.20.4"
  
  object.hasown@^1.1.2:
    version "1.1.2"
    resolved "http://172.16.0.199:8081/repository/npm-hosted/object.hasown/-/object.hasown-1.1.2.tgz#f919e21fad4eb38a57bc6345b3afd496515c3f92"
    integrity sha1-+RniH61Os4pXvGNFs6/UllFcP5I=
    dependencies:
      define-properties "^1.1.4"
      es-abstract "^1.20.4"
  
  object.values@^1.1.6:
    version "1.1.6"
    resolved "http://172.16.0.199:8081/repository/npm-hosted/object.values/-/object.values-1.1.6.tgz#4abbaa71eba47d63589d402856f908243eea9b1d"
    integrity sha1-SruqceukfWNYnUAoVvkIJD7qmx0=
    dependencies:
      call-bind "^1.0.2"
      define-properties "^1.1.4"
      es-abstract "^1.20.4"
  
  obuf@^1.0.0, obuf@^1.1.2:
    version "1.1.2"
    resolved "http://172.16.0.199:8081/repository/npm-hosted/obuf/-/obuf-1.1.2.tgz#09bea3343d41859ebd446292d11c9d4db619084e"
    integrity sha1-Cb6jND1BhZ69RGKS0RydTbYZCE4=
  
  on-finished@2.4.1:
    version "2.4.1"
    resolved "http://172.16.0.199:8081/repository/npm-hosted/on-finished/-/on-finished-2.4.1.tgz#58c8c44116e54845ad57f14ab10b03533184ac3f"
    integrity sha1-WMjEQRblSEWtV/FKsQsDUzGErD8=
    dependencies:
      ee-first "1.1.1"
  
  on-headers@~1.0.2:
    version "1.0.2"
    resolved "http://172.16.0.199:8081/repository/npm-hosted/on-headers/-/on-headers-1.0.2.tgz#772b0ae6aaa525c399e489adfad90c403eb3c28f"
    integrity sha1-dysK5qqlJcOZ5Imt+tkMQD6zwo8=
  
  once@^1.3.0, once@^1.3.1, once@^1.4.0:
    version "1.4.0"
    resolved "http://172.16.0.199:8081/repository/npm-hosted/once/-/once-1.4.0.tgz#583b1aa775961d4b113ac17d9c50baef9dd76bd1"
    integrity sha1-WDsap3WWHUsROsF9nFC6753Xa9E=
    dependencies:
      wrappy "1"
  
  onetime@^5.1.0, onetime@^5.1.2:
    version "5.1.2"
    resolved "http://172.16.0.199:8081/repository/npm-hosted/onetime/-/onetime-5.1.2.tgz#d0e96ebb56b07476df1dd9c4806e5237985ca45e"
    integrity sha1-0Oluu1awdHbfHdnEgG5SN5hcpF4=
    dependencies:
      mimic-fn "^2.1.0"
  
  open@^8.0.9:
    version "8.4.2"
    resolved "http://172.16.0.199:8081/repository/npm-hosted/open/-/open-8.4.2.tgz#5b5ffe2a8f793dcd2aad73e550cb87b59cb084f9"
    integrity sha1-W1/+Ko95Pc0qrXPlUMuHtZywhPk=
    dependencies:
      define-lazy-prop "^2.0.0"
      is-docker "^2.1.1"
      is-wsl "^2.2.0"
  
  opencollective-postinstall@^2.0.2:
    version "2.0.3"
    resolved "http://172.16.0.199:8081/repository/npm-hosted/opencollective-postinstall/-/opencollective-postinstall-2.0.3.tgz#7a0fff978f6dbfa4d006238fbac98ed4198c3259"
    integrity sha1-eg//l49tv6TQBiOPusmO1BmMMlk=
  
  opener@^1.5.2:
    version "1.5.2"
    resolved "http://172.16.0.199:8081/repository/npm-hosted/opener/-/opener-1.5.2.tgz#5d37e1f35077b9dcac4301372271afdeb2a13598"
    integrity sha1-XTfh81B3udysQwE3InGv3rKhNZg=
  
  optionator@^0.9.1:
    version "0.9.3"
    resolved "http://172.16.0.199:8081/repository/npm-hosted/optionator/-/optionator-0.9.3.tgz#007397d44ed1872fdc6ed31360190f81814e2c64"
    integrity sha1-AHOX1E7Rhy/cbtMTYBkPgYFOLGQ=
    dependencies:
      "@aashutoshrathi/word-wrap" "^1.2.3"
      deep-is "^0.1.3"
      fast-levenshtein "^2.0.6"
      levn "^0.4.1"
      prelude-ls "^1.2.1"
      type-check "^0.4.0"
  
  ora@^5.0.0, ora@^5.4.1:
    version "5.4.1"
    resolved "http://172.16.0.199:8081/repository/npm-hosted/ora/-/ora-5.4.1.tgz#1b2678426af4ac4a509008e5e4ac9e9959db9e18"
    integrity sha1-GyZ4Qmr0rEpQkAjl5KyemVnbnhg=
    dependencies:
      bl "^4.1.0"
      chalk "^4.1.0"
      cli-cursor "^3.1.0"
      cli-spinners "^2.5.0"
      is-interactive "^1.0.0"
      is-unicode-supported "^0.1.0"
      log-symbols "^4.1.0"
      strip-ansi "^6.0.0"
      wcwidth "^1.0.1"
  
  os-homedir@^1.0.0:
    version "1.0.2"
    resolved "http://172.16.0.199:8081/repository/npm-hosted/os-homedir/-/os-homedir-1.0.2.tgz#ffbc4988336e0e833de0c168c7ef152121aa7fb3"
    integrity sha1-/7xJiDNuDoM94MFox+8VISGqf7M=
  
  os-tmpdir@^1.0.0, os-tmpdir@~1.0.2:
    version "1.0.2"
    resolved "http://172.16.0.199:8081/repository/npm-hosted/os-tmpdir/-/os-tmpdir-1.0.2.tgz#bbe67406c79aa85c5cfec766fe5734555dfa1274"
    integrity sha1-u+Z0BseaqFxc/sdm/lc0VV36EnQ=
  
  osenv@^0.1.4:
    version "0.1.5"
    resolved "http://172.16.0.199:8081/repository/npm-hosted/osenv/-/osenv-0.1.5.tgz#85cdfafaeb28e8677f416e287592b5f3f49ea410"
    integrity sha1-hc36+uso6Gd/QW4odZK18/SepBA=
    dependencies:
      os-homedir "^1.0.0"
      os-tmpdir "^1.0.0"
  
  p-finally@^1.0.0:
    version "1.0.0"
    resolved "http://172.16.0.199:8081/repository/npm-hosted/p-finally/-/p-finally-1.0.0.tgz#3fbcfb15b899a44123b34b6dcc18b724336a2cae"
    integrity sha1-P7z7FbiZpEEjs0ttzBi3JDNqLK4=
  
  p-limit@^1.1.0:
    version "1.3.0"
    resolved "http://172.16.0.199:8081/repository/npm-hosted/p-limit/-/p-limit-1.3.0.tgz#b86bd5f0c25690911c7590fcbfc2010d54b3ccb8"
    integrity sha1-uGvV8MJWkJEcdZD8v8IBDVSzzLg=
    dependencies:
      p-try "^1.0.0"
  
  p-limit@^2.0.0, p-limit@^2.2.0:
    version "2.3.0"
    resolved "http://172.16.0.199:8081/repository/npm-hosted/p-limit/-/p-limit-2.3.0.tgz#3dd33c647a214fdfffd835933eb086da0dc21db1"
    integrity sha1-PdM8ZHohT9//2DWTPrCG2g3CHbE=
    dependencies:
      p-try "^2.0.0"
  
  p-limit@^3.0.2:
    version "3.1.0"
    resolved "http://172.16.0.199:8081/repository/npm-hosted/p-limit/-/p-limit-3.1.0.tgz#e1daccbe78d0d1388ca18c64fea38e3e57e3706b"
    integrity sha1-4drMvnjQ0TiMoYxk/qOOPlfjcGs=
    dependencies:
      yocto-queue "^0.1.0"
  
  p-locate@^2.0.0:
    version "2.0.0"
    resolved "http://172.16.0.199:8081/repository/npm-hosted/p-locate/-/p-locate-2.0.0.tgz#20a0103b222a70c8fd39cc2e580680f3dde5ec43"
    integrity sha1-IKAQOyIqcMj9OcwuWAaA893l7EM=
    dependencies:
      p-limit "^1.1.0"
  
  p-locate@^3.0.0:
    version "3.0.0"
    resolved "http://172.16.0.199:8081/repository/npm-hosted/p-locate/-/p-locate-3.0.0.tgz#322d69a05c0264b25997d9f40cd8a891ab0064a4"
    integrity sha1-Mi1poFwCZLJZl9n0DNiokasAZKQ=
    dependencies:
      p-limit "^2.0.0"
  
  p-locate@^4.1.0:
    version "4.1.0"
    resolved "http://172.16.0.199:8081/repository/npm-hosted/p-locate/-/p-locate-4.1.0.tgz#a3428bb7088b3a60292f66919278b7c297ad4f07"
    integrity sha1-o0KLtwiLOmApL2aRkni3wpetTwc=
    dependencies:
      p-limit "^2.2.0"
  
  p-locate@^5.0.0:
    version "5.0.0"
    resolved "http://172.16.0.199:8081/repository/npm-hosted/p-locate/-/p-locate-5.0.0.tgz#83c8315c6785005e3bd021839411c9e110e6d834"
    integrity sha1-g8gxXGeFAF470CGDlBHJ4RDm2DQ=
    dependencies:
      p-limit "^3.0.2"
  
  p-map-series@^2.1.0:
    version "2.1.0"
    resolved "http://172.16.0.199:8081/repository/npm-hosted/p-map-series/-/p-map-series-2.1.0.tgz#7560d4c452d9da0c07e692fdbfe6e2c81a2a91f2"
    integrity sha1-dWDUxFLZ2gwH5pL9v+biyBoqkfI=
  
  p-map@^2.0.0:
    version "2.1.0"
    resolved "http://172.16.0.199:8081/repository/npm-hosted/p-map/-/p-map-2.1.0.tgz#310928feef9c9ecc65b68b17693018a665cea175"
    integrity sha1-MQko/u+cnsxltosXaTAYpmXOoXU=
  
  p-map@^4.0.0:
    version "4.0.0"
    resolved "http://172.16.0.199:8081/repository/npm-hosted/p-map/-/p-map-4.0.0.tgz#bb2f95a5eda2ec168ec9274e06a747c3e2904d2b"
    integrity sha1-uy+Vpe2i7BaOySdOBqdHw+KQTSs=
    dependencies:
      aggregate-error "^3.0.0"
  
  p-pipe@^3.1.0:
    version "3.1.0"
    resolved "http://172.16.0.199:8081/repository/npm-hosted/p-pipe/-/p-pipe-3.1.0.tgz#48b57c922aa2e1af6a6404cb7c6bf0eb9cc8e60e"
    integrity sha1-SLV8kiqi4a9qZATLfGvw65zI5g4=
  
  p-queue@^6.6.2:
    version "6.6.2"
    resolved "http://172.16.0.199:8081/repository/npm-hosted/p-queue/-/p-queue-6.6.2.tgz#2068a9dcf8e67dd0ec3e7a2bcb76810faa85e426"
    integrity sha1-IGip3PjmfdDsPnory3aBD6qF5CY=
    dependencies:
      eventemitter3 "^4.0.4"
      p-timeout "^3.2.0"
  
  p-reduce@^2.0.0, p-reduce@^2.1.0:
    version "2.1.0"
    resolved "http://172.16.0.199:8081/repository/npm-hosted/p-reduce/-/p-reduce-2.1.0.tgz#09408da49507c6c274faa31f28df334bc712b64a"
    integrity sha1-CUCNpJUHxsJ0+qMfKN8zS8cStko=
  
  p-retry@^4.5.0:
    version "4.6.2"
    resolved "http://172.16.0.199:8081/repository/npm-hosted/p-retry/-/p-retry-4.6.2.tgz#9baae7184057edd4e17231cee04264106e092a16"
    integrity sha1-m6rnGEBX7dThcjHO4EJkEG4JKhY=
    dependencies:
      "@types/retry" "0.12.0"
      retry "^0.13.1"
  
  p-timeout@^3.2.0:
    version "3.2.0"
    resolved "http://172.16.0.199:8081/repository/npm-hosted/p-timeout/-/p-timeout-3.2.0.tgz#c7e17abc971d2a7962ef83626b35d635acf23dfe"
    integrity sha1-x+F6vJcdKnli74NiazXWNazyPf4=
    dependencies:
      p-finally "^1.0.0"
  
  p-try@^1.0.0:
    version "1.0.0"
    resolved "http://172.16.0.199:8081/repository/npm-hosted/p-try/-/p-try-1.0.0.tgz#cbc79cdbaf8fd4228e13f621f2b1a237c1b207b3"
    integrity sha1-y8ec26+P1CKOE/Yh8rGiN8GyB7M=
  
  p-try@^2.0.0:
    version "2.2.0"
    resolved "http://172.16.0.199:8081/repository/npm-hosted/p-try/-/p-try-2.2.0.tgz#cb2868540e313d61de58fafbe35ce9004d5540e6"
    integrity sha1-yyhoVA4xPWHeWPr741zpAE1VQOY=
  
  p-waterfall@^2.1.1:
    version "2.1.1"
    resolved "http://172.16.0.199:8081/repository/npm-hosted/p-waterfall/-/p-waterfall-2.1.1.tgz#63153a774f472ccdc4eb281cdb2967fcf158b2ee"
    integrity sha1-YxU6d09HLM3E6ygc2yln/PFYsu4=
    dependencies:
      p-reduce "^2.0.0"
  
  pacote@^11.2.6:
    version "11.3.5"
    resolved "http://172.16.0.199:8081/repository/npm-hosted/pacote/-/pacote-11.3.5.tgz#73cf1fc3772b533f575e39efa96c50be8c3dc9d2"
    integrity sha1-c88fw3crUz9XXjnvqWxQvow9ydI=
    dependencies:
      "@npmcli/git" "^2.1.0"
      "@npmcli/installed-package-contents" "^1.0.6"
      "@npmcli/promise-spawn" "^1.2.0"
      "@npmcli/run-script" "^1.8.2"
      cacache "^15.0.5"
      chownr "^2.0.0"
      fs-minipass "^2.1.0"
      infer-owner "^1.0.4"
      minipass "^3.1.3"
      mkdirp "^1.0.3"
      npm-package-arg "^8.0.1"
      npm-packlist "^2.1.4"
      npm-pick-manifest "^6.0.0"
      npm-registry-fetch "^11.0.0"
      promise-retry "^2.0.1"
      read-package-json-fast "^2.0.1"
      rimraf "^3.0.2"
      ssri "^8.0.1"
      tar "^6.1.0"
  
  param-case@^3.0.4:
    version "3.0.4"
    resolved "http://172.16.0.199:8081/repository/npm-hosted/param-case/-/param-case-3.0.4.tgz#7d17fe4aa12bde34d4a77d91acfb6219caad01c5"
    integrity sha1-fRf+SqEr3jTUp32RrPtiGcqtAcU=
    dependencies:
      dot-case "^3.0.4"
      tslib "^2.0.3"
  
  parent-module@^1.0.0:
    version "1.0.1"
    resolved "http://172.16.0.199:8081/repository/npm-hosted/parent-module/-/parent-module-1.0.1.tgz#691d2709e78c79fae3a156622452d00762caaaa2"
    integrity sha1-aR0nCeeMefrjoVZiJFLQB2LKqqI=
    dependencies:
      callsites "^3.0.0"
  
  parse-entities@^2.0.0:
    version "2.0.0"
    resolved "http://172.16.0.199:8081/repository/npm-hosted/parse-entities/-/parse-entities-2.0.0.tgz#53c6eb5b9314a1f4ec99fa0fdf7ce01ecda0cbe8"
    integrity sha1-U8brW5MUofTsmfoP33zgHs2gy+g=
    dependencies:
      character-entities "^1.0.0"
      character-entities-legacy "^1.0.0"
      character-reference-invalid "^1.0.0"
      is-alphanumerical "^1.0.0"
      is-decimal "^1.0.0"
      is-hexadecimal "^1.0.0"
  
  parse-json@^4.0.0:
    version "4.0.0"
    resolved "http://172.16.0.199:8081/repository/npm-hosted/parse-json/-/parse-json-4.0.0.tgz#be35f5425be1f7f6c747184f98a788cb99477ee0"
    integrity sha1-vjX1Qlvh9/bHRxhPmKeIy5lHfuA=
    dependencies:
      error-ex "^1.3.1"
      json-parse-better-errors "^1.0.1"
  
  parse-json@^5.0.0, parse-json@^5.2.0:
    version "5.2.0"
    resolved "http://172.16.0.199:8081/repository/npm-hosted/parse-json/-/parse-json-5.2.0.tgz#c76fc66dee54231c962b22bcc8a72cf2f99753cd"
    integrity sha1-x2/Gbe5UIxyWKyK8yKcs8vmXU80=
    dependencies:
      "@babel/code-frame" "^7.0.0"
      error-ex "^1.3.1"
      json-parse-even-better-errors "^2.3.0"
      lines-and-columns "^1.1.6"
  
  parse-passwd@^1.0.0:
    version "1.0.0"
    resolved "http://172.16.0.199:8081/repository/npm-hosted/parse-passwd/-/parse-passwd-1.0.0.tgz#6d5b934a456993b23d37f40a382d6f1666a8e5c6"
    integrity sha1-bVuTSkVpk7I9N/QKOC1vFmao5cY=
  
  parse-path@^4.0.0:
    version "4.0.4"
    resolved "http://172.16.0.199:8081/repository/npm-hosted/parse-path/-/parse-path-4.0.4.tgz#4bf424e6b743fb080831f03b536af9fc43f0ffea"
    integrity sha1-S/Qk5rdD+wgIMfA7U2r5/EPw/+o=
    dependencies:
      is-ssh "^1.3.0"
      protocols "^1.4.0"
      qs "^6.9.4"
      query-string "^6.13.8"
  
  parse-url@^6.0.0:
    version "6.0.5"
    resolved "http://172.16.0.199:8081/repository/npm-hosted/parse-url/-/parse-url-6.0.5.tgz#4acab8982cef1846a0f8675fa686cef24b2f6f9b"
    integrity sha1-Ssq4mCzvGEag+GdfpobO8ksvb5s=
    dependencies:
      is-ssh "^1.3.0"
      normalize-url "^6.1.0"
      parse-path "^4.0.0"
      protocols "^1.4.0"
  
  parse5@6.0.1:
    version "6.0.1"
    resolved "http://172.16.0.199:8081/repository/npm-hosted/parse5/-/parse5-6.0.1.tgz#e1a1c085c569b3dc08321184f19a39cc27f7c30b"
    integrity sha1-4aHAhcVps9wIMhGE8Zo5zCf3wws=
  
  parseurl@~1.3.2, parseurl@~1.3.3:
    version "1.3.3"
    resolved "http://172.16.0.199:8081/repository/npm-hosted/parseurl/-/parseurl-1.3.3.tgz#9da19e7bee8d12dff0513ed5b76957793bc2e8d4"
    integrity sha1-naGee+6NEt/wUT7Vt2lXeTvC6NQ=
  
  pascal-case@^3.1.2:
    version "3.1.2"
    resolved "http://172.16.0.199:8081/repository/npm-hosted/pascal-case/-/pascal-case-3.1.2.tgz#b48e0ef2b98e205e7c1dae747d0b1508237660eb"
    integrity sha1-tI4O8rmOIF58Ha50fQsVCCN2YOs=
    dependencies:
      no-case "^3.0.4"
      tslib "^2.0.3"
  
  path-exists@^3.0.0:
    version "3.0.0"
    resolved "http://172.16.0.199:8081/repository/npm-hosted/path-exists/-/path-exists-3.0.0.tgz#ce0ebeaa5f78cb18925ea7d810d7b59b010fd515"
    integrity sha1-zg6+ql94yxiSXqfYENe1mwEP1RU=
  
  path-exists@^4.0.0:
    version "4.0.0"
    resolved "http://172.16.0.199:8081/repository/npm-hosted/path-exists/-/path-exists-4.0.0.tgz#513bdbe2d3b95d7762e8c1137efa195c6c61b5b3"
    integrity sha1-UTvb4tO5XXdi6METfvoZXGxhtbM=
  
  path-is-absolute@^1.0.0:
    version "1.0.1"
    resolved "http://172.16.0.199:8081/repository/npm-hosted/path-is-absolute/-/path-is-absolute-1.0.1.tgz#174b9268735534ffbc7ace6bf53a5a9e1b5c5f5f"
    integrity sha1-F0uSaHNVNP+8es5r9TpanhtcX18=
  
  path-is-inside@^1.0.2:
    version "1.0.2"
    resolved "http://172.16.0.199:8081/repository/npm-hosted/path-is-inside/-/path-is-inside-1.0.2.tgz#365417dede44430d1c11af61027facf074bdfc53"
    integrity sha1-NlQX3t5EQw0cEa9hAn+s8HS9/FM=
  
  path-key@^2.0.1:
    version "2.0.1"
    resolved "http://172.16.0.199:8081/repository/npm-hosted/path-key/-/path-key-2.0.1.tgz#411cadb574c5a140d3a4b1910d40d80cc9f40b40"
    integrity sha1-QRyttXTFoUDTpLGRDUDYDMn0C0A=
  
  path-key@^3.0.0, path-key@^3.1.0:
    version "3.1.1"
    resolved "http://172.16.0.199:8081/repository/npm-hosted/path-key/-/path-key-3.1.1.tgz#581f6ade658cbba65a0d3380de7753295054f375"
    integrity sha1-WB9q3mWMu6ZaDTOA3ndTKVBU83U=
  
  path-parse@^1.0.6, path-parse@^1.0.7:
    version "1.0.7"
    resolved "http://172.16.0.199:8081/repository/npm-hosted/path-parse/-/path-parse-1.0.7.tgz#fbc114b60ca42b30d9daf5858e4bd68bbedb6735"
    integrity sha1-+8EUtgykKzDZ2vWFjkvWi77bZzU=
  
  path-to-regexp@0.1.7:
    version "0.1.7"
    resolved "http://172.16.0.199:8081/repository/npm-hosted/path-to-regexp/-/path-to-regexp-0.1.7.tgz#df604178005f522f15eb4490e7247a1bfaa67f8c"
    integrity sha1-32BBeABfUi8V60SQ5yR6G/qmf4w=
  
  path-to-regexp@^6.2.0:
    version "6.2.1"
    resolved "http://172.16.0.199:8081/repository/npm-hosted/path-to-regexp/-/path-to-regexp-6.2.1.tgz#d54934d6798eb9e5ef14e7af7962c945906918e5"
    integrity sha1-1Uk01nmOueXvFOeveWLJRZBpGOU=
  
  path-type@^3.0.0:
    version "3.0.0"
    resolved "http://172.16.0.199:8081/repository/npm-hosted/path-type/-/path-type-3.0.0.tgz#cef31dc8e0a1a3bb0d105c0cd97cf3bf47f4e36f"
    integrity sha1-zvMdyOCho7sNEFwM2Xzzv0f0428=
    dependencies:
      pify "^3.0.0"
  
  path-type@^4.0.0:
    version "4.0.0"
    resolved "http://172.16.0.199:8081/repository/npm-hosted/path-type/-/path-type-4.0.0.tgz#84ed01c0a7ba380afe09d90a8c180dcd9d03043b"
    integrity sha1-hO0BwKe6OAr+CdkKjBgNzZ0DBDs=
  
  performance-now@^2.1.0:
    version "2.1.0"
    resolved "http://172.16.0.199:8081/repository/npm-hosted/performance-now/-/performance-now-2.1.0.tgz#6309f4e0e5fa913ec1c69307ae364b4b377c9e7b"
    integrity sha1-Ywn04OX6kT7BxpMHrjZLSzd8nns=
  
  picocolors@^1.0.0:
    version "1.0.0"
    resolved "http://172.16.0.199:8081/repository/npm-hosted/picocolors/-/picocolors-1.0.0.tgz#cb5bdc74ff3f51892236eaf79d68bc44564ab81c"
    integrity sha1-y1vcdP8/UYkiNur3nWi8RFZKuBw=
  
  picomatch@^2.0.4, picomatch@^2.2.1, picomatch@^2.2.2, picomatch@^2.2.3, picomatch@^2.3.1:
    version "2.3.1"
    resolved "http://172.16.0.199:8081/repository/npm-hosted/picomatch/-/picomatch-2.3.1.tgz#3ba3833733646d9d3e4995946c1365a67fb07a42"
    integrity sha1-O6ODNzNkbZ0+SZWUbBNlpn+wekI=
  
  pidtree@^0.3.0:
    version "0.3.1"
    resolved "http://172.16.0.199:8081/repository/npm-hosted/pidtree/-/pidtree-0.3.1.tgz#ef09ac2cc0533df1f3250ccf2c4d366b0d12114a"
    integrity sha1-7wmsLMBTPfHzJQzPLE02aw0SEUo=
  
  pify@^2.0.0, pify@^2.3.0:
    version "2.3.0"
    resolved "http://172.16.0.199:8081/repository/npm-hosted/pify/-/pify-2.3.0.tgz#ed141a6ac043a849ea588498e7dca8b15330e90c"
    integrity sha1-7RQaasBDqEnqWISY59yosVMw6Qw=
  
  pify@^3.0.0:
    version "3.0.0"
    resolved "http://172.16.0.199:8081/repository/npm-hosted/pify/-/pify-3.0.0.tgz#e5a4acd2c101fdf3d9a4d07f0dbc4db49dd28176"
    integrity sha1-5aSs0sEB/fPZpNB/DbxNtJ3SgXY=
  
  pify@^4.0.1:
    version "4.0.1"
    resolved "http://172.16.0.199:8081/repository/npm-hosted/pify/-/pify-4.0.1.tgz#4b2cd25c50d598735c50292224fd8c6df41e3231"
    integrity sha1-SyzSXFDVmHNcUCkiJP2MbfQeMjE=
  
  pify@^5.0.0:
    version "5.0.0"
    resolved "http://172.16.0.199:8081/repository/npm-hosted/pify/-/pify-5.0.0.tgz#1f5eca3f5e87ebec28cc6d54a0e4aaf00acc127f"
    integrity sha1-H17KP16H6+wozG1UoOSq8ArMEn8=
  
  pinkie-promise@^2.0.0:
    version "2.0.1"
    resolved "http://172.16.0.199:8081/repository/npm-hosted/pinkie-promise/-/pinkie-promise-2.0.1.tgz#2135d6dfa7a358c069ac9b178776288228450ffa"
    integrity sha1-ITXW36ejWMBprJsXh3YogihFD/o=
    dependencies:
      pinkie "^2.0.0"
  
  pinkie@^2.0.0:
    version "2.0.4"
    resolved "http://172.16.0.199:8081/repository/npm-hosted/pinkie/-/pinkie-2.0.4.tgz#72556b80cfa0d48a974e80e77248e80ed4f7f870"
    integrity sha1-clVrgM+g1IqXToDnckjoDtT3+HA=
  
  pirates@^4.0.4:
    version "4.0.6"
    resolved "http://172.16.0.199:8081/repository/npm-hosted/pirates/-/pirates-4.0.6.tgz#3018ae32ecfcff6c29ba2267cbf21166ac1f36b9"
    integrity sha1-MBiuMuz8/2wpuiJny/IRZqwfNrk=
  
  pkg-dir@^4.1.0, pkg-dir@^4.2.0:
    version "4.2.0"
    resolved "http://172.16.0.199:8081/repository/npm-hosted/pkg-dir/-/pkg-dir-4.2.0.tgz#f099133df7ede422e81d1d8448270eeb3e4261f3"
    integrity sha1-8JkTPfft5CLoHR2ESCcO6z5CYfM=
    dependencies:
      find-up "^4.0.0"
  
  pkg-dir@^5.0.0:
    version "5.0.0"
    resolved "http://172.16.0.199:8081/repository/npm-hosted/pkg-dir/-/pkg-dir-5.0.0.tgz#a02d6aebe6ba133a928f74aec20bafdfe6b8e760"
    integrity sha1-oC1q6+a6EzqSj3Suwguv3+a452A=
    dependencies:
      find-up "^5.0.0"
  
  pkg-up@^3.1.0:
    version "3.1.0"
    resolved "http://172.16.0.199:8081/repository/npm-hosted/pkg-up/-/pkg-up-3.1.0.tgz#100ec235cc150e4fd42519412596a28512a0def5"
    integrity sha1-EA7CNcwVDk/UJRlBJZaihRKg3vU=
    dependencies:
      find-up "^3.0.0"
  
  please-upgrade-node@^3.2.0:
    version "3.2.0"
    resolved "http://172.16.0.199:8081/repository/npm-hosted/please-upgrade-node/-/please-upgrade-node-3.2.0.tgz#aeddd3f994c933e4ad98b99d9a556efa0e2fe942"
    integrity sha1-rt3T+ZTJM+StmLmdmlVu+g4v6UI=
    dependencies:
      semver-compare "^1.0.0"
  
  postcss-calc@^8.2.3:
    version "8.2.4"
    resolved "http://172.16.0.199:8081/repository/npm-hosted/postcss-calc/-/postcss-calc-8.2.4.tgz#77b9c29bfcbe8a07ff6693dc87050828889739a5"
    integrity sha1-d7nCm/y+igf/ZpPchwUIKIiXOaU=
    dependencies:
      postcss-selector-parser "^6.0.9"
      postcss-value-parser "^4.2.0"
  
  postcss-colormin@^5.3.1:
    version "5.3.1"
    resolved "http://172.16.0.199:8081/repository/npm-hosted/postcss-colormin/-/postcss-colormin-5.3.1.tgz#86c27c26ed6ba00d96c79e08f3ffb418d1d1988f"
    integrity sha1-hsJ8Ju1roA2Wx54I8/+0GNHRmI8=
    dependencies:
      browserslist "^4.21.4"
      caniuse-api "^3.0.0"
      colord "^2.9.1"
      postcss-value-parser "^4.2.0"
  
  postcss-convert-values@^5.1.3:
    version "5.1.3"
    resolved "http://172.16.0.199:8081/repository/npm-hosted/postcss-convert-values/-/postcss-convert-values-5.1.3.tgz#04998bb9ba6b65aa31035d669a6af342c5f9d393"
    integrity sha1-BJmLubprZaoxA11mmmrzQsX505M=
    dependencies:
      browserslist "^4.21.4"
      postcss-value-parser "^4.2.0"
  
  postcss-discard-comments@^5.1.2:
    version "5.1.2"
    resolved "http://172.16.0.199:8081/repository/npm-hosted/postcss-discard-comments/-/postcss-discard-comments-5.1.2.tgz#8df5e81d2925af2780075840c1526f0660e53696"
    integrity sha1-jfXoHSklryeAB1hAwVJvBmDlNpY=
  
  postcss-discard-duplicates@^5.1.0:
    version "5.1.0"
    resolved "http://172.16.0.199:8081/repository/npm-hosted/postcss-discard-duplicates/-/postcss-discard-duplicates-5.1.0.tgz#9eb4fe8456706a4eebd6d3b7b777d07bad03e848"
    integrity sha1-nrT+hFZwak7r1tO3t3fQe60D6Eg=
  
  postcss-discard-empty@^5.1.1:
    version "5.1.1"
    resolved "http://172.16.0.199:8081/repository/npm-hosted/postcss-discard-empty/-/postcss-discard-empty-5.1.1.tgz#e57762343ff7f503fe53fca553d18d7f0c369c6c"
    integrity sha1-5XdiND/39QP+U/ylU9GNfww2nGw=
  
  postcss-discard-overridden@^5.1.0:
    version "5.1.0"
    resolved "http://172.16.0.199:8081/repository/npm-hosted/postcss-discard-overridden/-/postcss-discard-overridden-5.1.0.tgz#7e8c5b53325747e9d90131bb88635282fb4a276e"
    integrity sha1-foxbUzJXR+nZATG7iGNSgvtKJ24=
  
  postcss-flexbugs-fixes@^5.0.2:
    version "5.0.2"
    resolved "http://172.16.0.199:8081/repository/npm-hosted/postcss-flexbugs-fixes/-/postcss-flexbugs-fixes-5.0.2.tgz#2028e145313074fc9abe276cb7ca14e5401eb49d"
    integrity sha1-ICjhRTEwdPyavidst8oU5UAetJ0=
  
  postcss-html@^1.4.0:
    version "1.5.0"
    resolved "http://172.16.0.199:8081/repository/npm-hosted/postcss-html/-/postcss-html-1.5.0.tgz#57a43bc9e336f516ecc448a37d2e8c2290170a6f"
    integrity sha1-V6Q7yeM29RbsxEijfS6MIpAXCm8=
    dependencies:
      htmlparser2 "^8.0.0"
      js-tokens "^8.0.0"
      postcss "^8.4.0"
      postcss-safe-parser "^6.0.0"
  
  postcss-less@^5.0.0:
    version "5.0.0"
    resolved "http://172.16.0.199:8081/repository/npm-hosted/postcss-less/-/postcss-less-5.0.0.tgz#3fa361ed8e52a9c3e6e4fdb9bb95fd9032f3c62b"
    integrity sha1-P6Nh7Y5SqcPm5P25u5X9kDLzxis=
  
  postcss-loader@^6.2.0:
    version "6.2.1"
    resolved "http://172.16.0.199:8081/repository/npm-hosted/postcss-loader/-/postcss-loader-6.2.1.tgz#0895f7346b1702103d30fdc66e4d494a93c008ef"
    integrity sha1-CJX3NGsXAhA9MP3Gbk1JSpPACO8=
    dependencies:
      cosmiconfig "^7.0.0"
      klona "^2.0.5"
      semver "^7.3.5"
  
  postcss-media-query-parser@^0.2.3:
    version "0.2.3"
    resolved "http://172.16.0.199:8081/repository/npm-hosted/postcss-media-query-parser/-/postcss-media-query-parser-0.2.3.tgz#27b39c6f4d94f81b1a73b8f76351c609e5cef244"
    integrity sha1-J7Ocb02U+Bsac7j3Y1HGCeXO8kQ=
  
  postcss-merge-longhand@^5.1.7:
    version "5.1.7"
    resolved "http://172.16.0.199:8081/repository/npm-hosted/postcss-merge-longhand/-/postcss-merge-longhand-5.1.7.tgz#24a1bdf402d9ef0e70f568f39bdc0344d568fb16"
    integrity sha1-JKG99ALZ7w5w9Wjzm9wDRNVo+xY=
    dependencies:
      postcss-value-parser "^4.2.0"
      stylehacks "^5.1.1"
  
  postcss-merge-rules@^5.1.4:
    version "5.1.4"
    resolved "http://172.16.0.199:8081/repository/npm-hosted/postcss-merge-rules/-/postcss-merge-rules-5.1.4.tgz#2f26fa5cacb75b1402e213789f6766ae5e40313c"
    integrity sha1-Lyb6XKy3WxQC4hN4n2dmrl5AMTw=
    dependencies:
      browserslist "^4.21.4"
      caniuse-api "^3.0.0"
      cssnano-utils "^3.1.0"
      postcss-selector-parser "^6.0.5"
  
  postcss-minify-font-values@^5.1.0:
    version "5.1.0"
    resolved "http://172.16.0.199:8081/repository/npm-hosted/postcss-minify-font-values/-/postcss-minify-font-values-5.1.0.tgz#f1df0014a726083d260d3bd85d7385fb89d1f01b"
    integrity sha1-8d8AFKcmCD0mDTvYXXOF+4nR8Bs=
    dependencies:
      postcss-value-parser "^4.2.0"
  
  postcss-minify-gradients@^5.1.1:
    version "5.1.1"
    resolved "http://172.16.0.199:8081/repository/npm-hosted/postcss-minify-gradients/-/postcss-minify-gradients-5.1.1.tgz#f1fe1b4f498134a5068240c2f25d46fcd236ba2c"
    integrity sha1-8f4bT0mBNKUGgkDC8l1G/NI2uiw=
    dependencies:
      colord "^2.9.1"
      cssnano-utils "^3.1.0"
      postcss-value-parser "^4.2.0"
  
  postcss-minify-params@^5.1.4:
    version "5.1.4"
    resolved "http://172.16.0.199:8081/repository/npm-hosted/postcss-minify-params/-/postcss-minify-params-5.1.4.tgz#c06a6c787128b3208b38c9364cfc40c8aa5d7352"
    integrity sha1-wGpseHEosyCLOMk2TPxAyKpdc1I=
    dependencies:
      browserslist "^4.21.4"
      cssnano-utils "^3.1.0"
      postcss-value-parser "^4.2.0"
  
  postcss-minify-selectors@^5.2.1:
    version "5.2.1"
    resolved "http://172.16.0.199:8081/repository/npm-hosted/postcss-minify-selectors/-/postcss-minify-selectors-5.2.1.tgz#d4e7e6b46147b8117ea9325a915a801d5fe656c6"
    integrity sha1-1OfmtGFHuBF+qTJakVqAHV/mVsY=
    dependencies:
      postcss-selector-parser "^6.0.5"
  
  postcss-modules-extract-imports@^3.0.0:
    version "3.0.0"
    resolved "http://172.16.0.199:8081/repository/npm-hosted/postcss-modules-extract-imports/-/postcss-modules-extract-imports-3.0.0.tgz#cda1f047c0ae80c97dbe28c3e76a43b88025741d"
    integrity sha1-zaHwR8CugMl9vijD52pDuIAldB0=
  
  postcss-modules-local-by-default@^4.0.0:
    version "4.0.3"
    resolved "http://172.16.0.199:8081/repository/npm-hosted/postcss-modules-local-by-default/-/postcss-modules-local-by-default-4.0.3.tgz#b08eb4f083050708998ba2c6061b50c2870ca524"
    integrity sha1-sI608IMFBwiZi6LGBhtQwocMpSQ=
    dependencies:
      icss-utils "^5.0.0"
      postcss-selector-parser "^6.0.2"
      postcss-value-parser "^4.1.0"
  
  postcss-modules-scope@^3.0.0:
    version "3.0.0"
    resolved "http://172.16.0.199:8081/repository/npm-hosted/postcss-modules-scope/-/postcss-modules-scope-3.0.0.tgz#9ef3151456d3bbfa120ca44898dfca6f2fa01f06"
    integrity sha1-nvMVFFbTu/oSDKRImN/Kby+gHwY=
    dependencies:
      postcss-selector-parser "^6.0.4"
  
  postcss-modules-values@^4.0.0:
    version "4.0.0"
    resolved "http://172.16.0.199:8081/repository/npm-hosted/postcss-modules-values/-/postcss-modules-values-4.0.0.tgz#d7c5e7e68c3bb3c9b27cbf48ca0bb3ffb4602c9c"
    integrity sha1-18Xn5ow7s8myfL9Iyguz/7RgLJw=
    dependencies:
      icss-utils "^5.0.0"
  
  postcss-normalize-charset@^5.1.0:
    version "5.1.0"
    resolved "http://172.16.0.199:8081/repository/npm-hosted/postcss-normalize-charset/-/postcss-normalize-charset-5.1.0.tgz#9302de0b29094b52c259e9b2cf8dc0879879f0ed"
    integrity sha1-kwLeCykJS1LCWemyz43Ah5h58O0=
  
  postcss-normalize-display-values@^5.1.0:
    version "5.1.0"
    resolved "http://172.16.0.199:8081/repository/npm-hosted/postcss-normalize-display-values/-/postcss-normalize-display-values-5.1.0.tgz#72abbae58081960e9edd7200fcf21ab8325c3da8"
    integrity sha1-cqu65YCBlg6e3XIA/PIauDJcPag=
    dependencies:
      postcss-value-parser "^4.2.0"
  
  postcss-normalize-positions@^5.1.1:
    version "5.1.1"
    resolved "http://172.16.0.199:8081/repository/npm-hosted/postcss-normalize-positions/-/postcss-normalize-positions-5.1.1.tgz#ef97279d894087b59325b45c47f1e863daefbb92"
    integrity sha1-75cnnYlAh7WTJbRcR/HoY9rvu5I=
    dependencies:
      postcss-value-parser "^4.2.0"
  
  postcss-normalize-repeat-style@^5.1.1:
    version "5.1.1"
    resolved "http://172.16.0.199:8081/repository/npm-hosted/postcss-normalize-repeat-style/-/postcss-normalize-repeat-style-5.1.1.tgz#e9eb96805204f4766df66fd09ed2e13545420fb2"
    integrity sha1-6euWgFIE9HZt9m/QntLhNUVCD7I=
    dependencies:
      postcss-value-parser "^4.2.0"
  
  postcss-normalize-string@^5.1.0:
    version "5.1.0"
    resolved "http://172.16.0.199:8081/repository/npm-hosted/postcss-normalize-string/-/postcss-normalize-string-5.1.0.tgz#411961169e07308c82c1f8c55f3e8a337757e228"
    integrity sha1-QRlhFp4HMIyCwfjFXz6KM3dX4ig=
    dependencies:
      postcss-value-parser "^4.2.0"
  
  postcss-normalize-timing-functions@^5.1.0:
    version "5.1.0"
    resolved "http://172.16.0.199:8081/repository/npm-hosted/postcss-normalize-timing-functions/-/postcss-normalize-timing-functions-5.1.0.tgz#d5614410f8f0b2388e9f240aa6011ba6f52dafbb"
    integrity sha1-1WFEEPjwsjiOnyQKpgEbpvUtr7s=
    dependencies:
      postcss-value-parser "^4.2.0"
  
  postcss-normalize-unicode@^5.1.1:
    version "5.1.1"
    resolved "http://172.16.0.199:8081/repository/npm-hosted/postcss-normalize-unicode/-/postcss-normalize-unicode-5.1.1.tgz#f67297fca3fea7f17e0d2caa40769afc487aa030"
    integrity sha1-9nKX/KP+p/F+DSyqQHaa/Eh6oDA=
    dependencies:
      browserslist "^4.21.4"
      postcss-value-parser "^4.2.0"
  
  postcss-normalize-url@^5.1.0:
    version "5.1.0"
    resolved "http://172.16.0.199:8081/repository/npm-hosted/postcss-normalize-url/-/postcss-normalize-url-5.1.0.tgz#ed9d88ca82e21abef99f743457d3729a042adcdc"
    integrity sha1-7Z2IyoLiGr75n3Q0V9NymgQq3Nw=
    dependencies:
      normalize-url "^6.0.1"
      postcss-value-parser "^4.2.0"
  
  postcss-normalize-whitespace@^5.1.1:
    version "5.1.1"
    resolved "http://172.16.0.199:8081/repository/npm-hosted/postcss-normalize-whitespace/-/postcss-normalize-whitespace-5.1.1.tgz#08a1a0d1ffa17a7cc6efe1e6c9da969cc4493cfa"
    integrity sha1-CKGg0f+henzG7+HmydqWnMRJPPo=
    dependencies:
      postcss-value-parser "^4.2.0"
  
  postcss-ordered-values@^5.1.3:
    version "5.1.3"
    resolved "http://172.16.0.199:8081/repository/npm-hosted/postcss-ordered-values/-/postcss-ordered-values-5.1.3.tgz#b6fd2bd10f937b23d86bc829c69e7732ce76ea38"
    integrity sha1-tv0r0Q+TeyPYa8gpxp53Ms526jg=
    dependencies:
      cssnano-utils "^3.1.0"
      postcss-value-parser "^4.2.0"
  
  postcss-reduce-initial@^5.1.2:
    version "5.1.2"
    resolved "http://172.16.0.199:8081/repository/npm-hosted/postcss-reduce-initial/-/postcss-reduce-initial-5.1.2.tgz#798cd77b3e033eae7105c18c9d371d989e1382d6"
    integrity sha1-eYzXez4DPq5xBcGMnTcdmJ4TgtY=
    dependencies:
      browserslist "^4.21.4"
      caniuse-api "^3.0.0"
  
  postcss-reduce-transforms@^5.1.0:
    version "5.1.0"
    resolved "http://172.16.0.199:8081/repository/npm-hosted/postcss-reduce-transforms/-/postcss-reduce-transforms-5.1.0.tgz#333b70e7758b802f3dd0ddfe98bb1ccfef96b6e9"
    integrity sha1-Mztw53WLgC890N3+mLscz++Wtuk=
    dependencies:
      postcss-value-parser "^4.2.0"
  
  postcss-resolve-nested-selector@^0.1.1:
    version "0.1.1"
    resolved "http://172.16.0.199:8081/repository/npm-hosted/postcss-resolve-nested-selector/-/postcss-resolve-nested-selector-0.1.1.tgz#29ccbc7c37dedfac304e9fff0bf1596b3f6a0e4e"
    integrity sha1-Kcy8fDfe36wwTp//C/FZaz9qDk4=
  
  postcss-safe-parser@^6.0.0:
    version "6.0.0"
    resolved "http://172.16.0.199:8081/repository/npm-hosted/postcss-safe-parser/-/postcss-safe-parser-6.0.0.tgz#bb4c29894171a94bc5c996b9a30317ef402adaa1"
    integrity sha1-u0wpiUFxqUvFyZa5owMX70Aq2qE=
  
  postcss-scss@^4.0.0:
    version "4.0.9"
    resolved "http://172.16.0.199:8081/repository/npm-hosted/postcss-scss/-/postcss-scss-4.0.9.tgz#a03c773cd4c9623cb04ce142a52afcec74806685"
    integrity sha1-oDx3PNTJYjywTOFCpSr87HSAZoU=
  
  postcss-selector-parser@^6.0.11, postcss-selector-parser@^6.0.2, postcss-selector-parser@^6.0.4, postcss-selector-parser@^6.0.5, postcss-selector-parser@^6.0.9:
    version "6.0.13"
    resolved "http://172.16.0.199:8081/repository/npm-hosted/postcss-selector-parser/-/postcss-selector-parser-6.0.13.tgz#d05d8d76b1e8e173257ef9d60b706a8e5e99bf1b"
    integrity sha1-0F2NdrHo4XMlfvnWC3Bqjl6Zvxs=
    dependencies:
      cssesc "^3.0.0"
      util-deprecate "^1.0.2"
  
  postcss-sorting@^7.0.1:
    version "7.0.1"
    resolved "http://172.16.0.199:8081/repository/npm-hosted/postcss-sorting/-/postcss-sorting-7.0.1.tgz#923b5268451cf2d93ebf8835e17a6537757049a5"
    integrity sha1-kjtSaEUc8tk+v4g14XplN3VwSaU=
  
  postcss-svgo@^5.1.0:
    version "5.1.0"
    resolved "http://172.16.0.199:8081/repository/npm-hosted/postcss-svgo/-/postcss-svgo-5.1.0.tgz#0a317400ced789f233a28826e77523f15857d80d"
    integrity sha1-CjF0AM7XifIzoogm53Uj8VhX2A0=
    dependencies:
      postcss-value-parser "^4.2.0"
      svgo "^2.7.0"
  
  postcss-unique-selectors@^5.1.1:
    version "5.1.1"
    resolved "http://172.16.0.199:8081/repository/npm-hosted/postcss-unique-selectors/-/postcss-unique-selectors-5.1.1.tgz#a9f273d1eacd09e9aa6088f4b0507b18b1b541b6"
    integrity sha1-qfJz0erNCemqYIj0sFB7GLG1QbY=
    dependencies:
      postcss-selector-parser "^6.0.5"
  
  postcss-value-parser@^4.1.0, postcss-value-parser@^4.2.0:
    version "4.2.0"
    resolved "http://172.16.0.199:8081/repository/npm-hosted/postcss-value-parser/-/postcss-value-parser-4.2.0.tgz#723c09920836ba6d3e5af019f92bc0971c02e514"
    integrity sha1-cjwJkgg2um0+WvAZ+SvAlxwC5RQ=
  
  postcss@^8.3.11, postcss@^8.3.5, postcss@^8.4.0, postcss@^8.4.19:
    version "8.4.20"
    resolved "http://172.16.0.199:8081/repository/npm-hosted/postcss/-/postcss-8.4.20.tgz#64c52f509644cecad8567e949f4081d98349dc56"
    integrity sha1-ZMUvUJZEzsrYVn6Un0CB2YNJ3FY=
    dependencies:
      nanoid "^3.3.4"
      picocolors "^1.0.0"
      source-map-js "^1.0.2"
  
  prelude-ls@^1.2.1:
    version "1.2.1"
    resolved "http://172.16.0.199:8081/repository/npm-hosted/prelude-ls/-/prelude-ls-1.2.1.tgz#debc6489d7a6e6b0e7611888cec880337d316396"
    integrity sha1-3rxkidem5rDnYRiIzsiAM30xY5Y=
  
  prettier-linter-helpers@^1.0.0:
    version "1.0.0"
    resolved "http://172.16.0.199:8081/repository/npm-hosted/prettier-linter-helpers/-/prettier-linter-helpers-1.0.0.tgz#d23d41fe1375646de2d0104d3454a3008802cf7b"
    integrity sha1-0j1B/hN1ZG3i0BBNNFSjAIgCz3s=
    dependencies:
      fast-diff "^1.1.2"
  
  prettier@^2.4.0:
    version "2.8.8"
    resolved "http://172.16.0.199:8081/repository/npm-hosted/prettier/-/prettier-2.8.8.tgz#e8c5d7e98a4305ffe3de2e1fc4aca1a71c28b1da"
    integrity sha1-6MXX6YpDBf/j3i4fxKyhpxwosdo=
  
  pretty-error@^4.0.0:
    version "4.0.0"
    resolved "http://172.16.0.199:8081/repository/npm-hosted/pretty-error/-/pretty-error-4.0.0.tgz#90a703f46dd7234adb46d0f84823e9d1cb8f10d6"
    integrity sha1-kKcD9G3XI0rbRtD4SCPp0cuPENY=
    dependencies:
      lodash "^4.17.20"
      renderkid "^3.0.0"
  
  pretty-format@^27.5.1:
    version "27.5.1"
    resolved "http://172.16.0.199:8081/repository/npm-hosted/pretty-format/-/pretty-format-27.5.1.tgz#2181879fdea51a7a5851fb39d920faa63f01d88e"
    integrity sha1-IYGHn96lGnpYUfs52SD6pj8B2I4=
    dependencies:
      ansi-regex "^5.0.1"
      ansi-styles "^5.0.0"
      react-is "^17.0.1"
  
  pretty-format@^29.0.0, pretty-format@^29.0.1:
    version "29.0.1"
    resolved "http://172.16.0.199:8081/repository/npm-hosted/pretty-format/-/pretty-format-29.0.1.tgz#2f8077114cdac92a59b464292972a106410c7ad0"
    integrity sha1-L4B3EUzaySpZtGQpKXKhBkEMetA=
    dependencies:
      "@jest/schemas" "^29.0.0"
      ansi-styles "^5.0.0"
      react-is "^18.0.0"
  
  process-nextick-args@~2.0.0:
    version "2.0.1"
    resolved "http://172.16.0.199:8081/repository/npm-hosted/process-nextick-args/-/process-nextick-args-2.0.1.tgz#7820d9b16120cc55ca9ae7792680ae7dba6d7fe2"
    integrity sha1-eCDZsWEgzFXKmud5JoCufbptf+I=
  
  promise-inflight@^1.0.1:
    version "1.0.1"
    resolved "http://172.16.0.199:8081/repository/npm-hosted/promise-inflight/-/promise-inflight-1.0.1.tgz#98472870bf228132fcbdd868129bad12c3c029e3"
    integrity sha1-mEcocL8igTL8vdhoEputEsPAKeM=
  
  promise-retry@^2.0.1:
    version "2.0.1"
    resolved "http://172.16.0.199:8081/repository/npm-hosted/promise-retry/-/promise-retry-2.0.1.tgz#ff747a13620ab57ba688f5fc67855410c370da22"
    integrity sha1-/3R6E2IKtXumiPX8Z4VUEMNw2iI=
    dependencies:
      err-code "^2.0.2"
      retry "^0.12.0"
  
  prompts@^2.0.1:
    version "2.4.2"
    resolved "http://172.16.0.199:8081/repository/npm-hosted/prompts/-/prompts-2.4.2.tgz#7b57e73b3a48029ad10ebd44f74b01722a4cb069"
    integrity sha1-e1fnOzpIAprRDr1E90sBcipMsGk=
    dependencies:
      kleur "^3.0.3"
      sisteransi "^1.0.5"
  
  promzard@^0.3.0:
    version "0.3.0"
    resolved "http://172.16.0.199:8081/repository/npm-hosted/promzard/-/promzard-0.3.0.tgz#26a5d6ee8c7dee4cb12208305acfb93ba382a9ee"
    integrity sha1-JqXW7ox97kyxIggwWs+5O6OCqe4=
    dependencies:
      read "1"
  
  prop-types@^15.8.1:
    version "15.8.1"
    resolved "http://172.16.0.199:8081/repository/npm-hosted/prop-types/-/prop-types-15.8.1.tgz#67d87bf1a694f48435cf332c24af10214a3140b5"
    integrity sha1-Z9h78aaU9IQ1zzMsJK8QIUoxQLU=
    dependencies:
      loose-envify "^1.4.0"
      object-assign "^4.1.1"
      react-is "^16.13.1"
  
  proto-list@~1.2.1:
    version "1.2.4"
    resolved "http://172.16.0.199:8081/repository/npm-hosted/proto-list/-/proto-list-1.2.4.tgz#212d5bfe1318306a420f6402b8e26ff39647a849"
    integrity sha1-IS1b/hMYMGpCD2QCuOJv85ZHqEk=
  
  protocols@^1.4.0:
    version "1.4.8"
    resolved "http://172.16.0.199:8081/repository/npm-hosted/protocols/-/protocols-1.4.8.tgz#48eea2d8f58d9644a4a32caae5d5db290a075ce8"
    integrity sha1-SO6i2PWNlkSkoyyq5dXbKQoHXOg=
  
  protocols@^2.0.1:
    version "2.0.1"
    resolved "http://172.16.0.199:8081/repository/npm-hosted/protocols/-/protocols-2.0.1.tgz#8f155da3fc0f32644e83c5782c8e8212ccf70a86"
    integrity sha1-jxVdo/wPMmROg8V4LI6CEsz3CoY=
  
  proxy-addr@~2.0.7:
    version "2.0.7"
    resolved "http://172.16.0.199:8081/repository/npm-hosted/proxy-addr/-/proxy-addr-2.0.7.tgz#f19fe69ceab311eeb94b42e70e8c2070f9ba1025"
    integrity sha1-8Z/mnOqzEe65S0LnDowgcPm6ECU=
    dependencies:
      forwarded "0.2.0"
      ipaddr.js "1.9.1"
  
  proxy-from-env@^1.1.0:
    version "1.1.0"
    resolved "http://172.16.0.199:8081/repository/npm-hosted/proxy-from-env/-/proxy-from-env-1.1.0.tgz#e102f16ca355424865755d2c9e8ea4f24d58c3e2"
    integrity sha1-4QLxbKNVQkhldV0sno6k8k1Yw+I=
  
  prr@~1.0.1:
    version "1.0.1"
    resolved "http://172.16.0.199:8081/repository/npm-hosted/prr/-/prr-1.0.1.tgz#d3fc114ba06995a45ec6893f484ceb1d78f5f476"
    integrity sha1-0/wRS6BplaRexok/SEzrHXj19HY=
  
  psl@^1.1.28, psl@^1.1.33:
    version "1.9.0"
    resolved "http://172.16.0.199:8081/repository/npm-hosted/psl/-/psl-1.9.0.tgz#d0df2a137f00794565fcaf3b2c00cd09f8d5a5a7"
    integrity sha1-0N8qE38AeUVl/K87LADNCfjVpac=
  
  pstree.remy@^1.1.8:
    version "1.1.8"
    resolved "http://172.16.0.199:8081/repository/npm-hosted/pstree.remy/-/pstree.remy-1.1.8.tgz#c242224f4a67c21f686839bbdb4ac282b8373d3a"
    integrity sha1-wkIiT0pnwh9oaDm720rCgrg3PTo=
  
  pump@^3.0.0:
    version "3.0.0"
    resolved "http://172.16.0.199:8081/repository/npm-hosted/pump/-/pump-3.0.0.tgz#b4a2116815bde2f4e1ea602354e8c75565107a64"
    integrity sha1-tKIRaBW94vTh6mAjVOjHVWUQemQ=
    dependencies:
      end-of-stream "^1.1.0"
      once "^1.3.1"
  
  punycode@^2.1.0, punycode@^2.1.1:
    version "2.3.1"
    resolved "http://172.16.0.199:8081/repository/npm-hosted/punycode/-/punycode-2.3.1.tgz#027422e2faec0b25e1549c3e1bd8309b9133b6e5"
    integrity sha1-AnQi4vrsCyXhVJw+G9gwm5EztuU=
  
  q@^1.5.1:
    version "1.5.1"
    resolved "http://172.16.0.199:8081/repository/npm-hosted/q/-/q-1.5.1.tgz#7e32f75b41381291d04611f1bf14109ac00651d7"
    integrity sha1-fjL3W0E4EpHQRhHxvxQQmsAGUdc=
  
  qrcode.react@^3.1.0:
    version "3.1.0"
    resolved "http://172.16.0.199:8081/repository/npm-hosted/qrcode.react/-/qrcode.react-3.1.0.tgz#5c91ddc0340f768316fbdb8fff2765134c2aecd8"
    integrity sha1-XJHdwDQPdoMW+9uP/ydlE0wq7Ng=
  
  qs@6.11.0:
    version "6.11.0"
    resolved "http://172.16.0.199:8081/repository/npm-hosted/qs/-/qs-6.11.0.tgz#fd0d963446f7a65e1367e01abd85429453f0c37a"
    integrity sha1-/Q2WNEb3pl4TZ+AavYVClFPww3o=
    dependencies:
      side-channel "^1.0.4"
  
  qs@^6.9.4:
    version "6.11.2"
    resolved "http://172.16.0.199:8081/repository/npm-hosted/qs/-/qs-6.11.2.tgz#64bea51f12c1f5da1bc01496f48ffcff7c69d7d9"
    integrity sha1-ZL6lHxLB9dobwBSW9I/8/3xp19k=
    dependencies:
      side-channel "^1.0.4"
  
  qs@~6.5.2:
    version "6.5.3"
    resolved "http://172.16.0.199:8081/repository/npm-hosted/qs/-/qs-6.5.3.tgz#3aeeffc91967ef6e35c0e488ef46fb296ab76aad"
    integrity sha1-Ou7/yRln7241wOSI70b7KWq3aq0=
  
  query-string@^6.13.8, query-string@^7.1.1:
    version "7.1.3"
    resolved "http://172.16.0.199:8081/repository/npm-hosted/query-string/-/query-string-7.1.3.tgz#a1cf90e994abb113a325804a972d98276fe02328"
    integrity sha1-oc+Q6ZSrsROjJYBKly2YJ2/gIyg=
    dependencies:
      decode-uri-component "^0.2.2"
      filter-obj "^1.1.0"
      split-on-first "^1.0.0"
      strict-uri-encode "^2.0.0"
  
  querystringify@^2.1.1:
    version "2.2.0"
    resolved "http://172.16.0.199:8081/repository/npm-hosted/querystringify/-/querystringify-2.2.0.tgz#3345941b4153cb9d082d8eee4cda2016a9aef7f6"
    integrity sha1-M0WUG0FTy50ILY7uTNogFqmu9/Y=
  
  queue-microtask@^1.2.2:
    version "1.2.3"
    resolved "http://172.16.0.199:8081/repository/npm-hosted/queue-microtask/-/queue-microtask-1.2.3.tgz#4929228bbc724dfac43e0efb058caf7b6cfb6243"
    integrity sha1-SSkii7xyTfrEPg77BYyve2z7YkM=
  
  quick-lru@^4.0.1:
    version "4.0.1"
    resolved "http://172.16.0.199:8081/repository/npm-hosted/quick-lru/-/quick-lru-4.0.1.tgz#5b8878f113a58217848c6482026c73e1ba57727f"
    integrity sha1-W4h48ROlgheEjGSCAmxz4bpXcn8=
  
  randombytes@^2.1.0:
    version "2.1.0"
    resolved "http://172.16.0.199:8081/repository/npm-hosted/randombytes/-/randombytes-2.1.0.tgz#df6f84372f0270dc65cdf6291349ab7a473d4f2a"
    integrity sha1-32+ENy8CcNxlzfYpE0mrekc9Tyo=
    dependencies:
      safe-buffer "^5.1.0"
  
  range-parser@^1.2.1, range-parser@~1.2.1:
    version "1.2.1"
    resolved "http://172.16.0.199:8081/repository/npm-hosted/range-parser/-/range-parser-1.2.1.tgz#3cf37023d199e1c24d1a55b84800c2f3e6468031"
    integrity sha1-PPNwI9GZ4cJNGlW4SADC8+ZGgDE=
  
  raw-body@2.5.1:
    version "2.5.1"
    resolved "http://172.16.0.199:8081/repository/npm-hosted/raw-body/-/raw-body-2.5.1.tgz#fe1b1628b181b700215e5fd42389f98b71392857"
    integrity sha1-/hsWKLGBtwAhXl/UI4n5i3E5KFc=
    dependencies:
      bytes "3.1.2"
      http-errors "2.0.0"
      iconv-lite "0.4.24"
      unpipe "1.0.0"
  
  raw-loader@^4.0.0:
    version "4.0.2"
    resolved "http://172.16.0.199:8081/repository/npm-hosted/raw-loader/-/raw-loader-4.0.2.tgz#1aac6b7d1ad1501e66efdac1522c73e59a584eb6"
    integrity sha1-GqxrfRrRUB5m79rBUixz5ZpYTrY=
    dependencies:
      loader-utils "^2.0.0"
      schema-utils "^3.0.0"
  
  rc-cascader@~3.20.0:
    version "3.20.0"
    resolved "http://172.16.0.199:8081/repository/npm-hosted/rc-cascader/-/rc-cascader-3.20.0.tgz#b270f9d84ed83417ee7309ef5e56e415f1586076"
    integrity sha1-snD52E7YNBfucwnvXlbkFfFYYHY=
    dependencies:
      "@babel/runtime" "^7.12.5"
      array-tree-filter "^2.1.0"
      classnames "^2.3.1"
      rc-select "~14.10.0"
      rc-tree "~5.8.1"
      rc-util "^5.37.0"
  
  rc-checkbox@~3.1.0:
    version "3.1.0"
    resolved "http://172.16.0.199:8081/repository/npm-hosted/rc-checkbox/-/rc-checkbox-3.1.0.tgz#6be0d9d8de2cc96fb5e37f9036a1c3e360d0a42d"
    integrity sha1-a+DZ2N4syW+143+QNqHD42DQpC0=
    dependencies:
      "@babel/runtime" "^7.10.1"
      classnames "^2.3.2"
      rc-util "^5.25.2"
  
  rc-collapse@~3.7.1:
    version "3.7.1"
    resolved "http://172.16.0.199:8081/repository/npm-hosted/rc-collapse/-/rc-collapse-3.7.1.tgz#bda1f7f80adccf3433c1c15d4d9f9ca09910c727"
    integrity sha1-vaH3+ArczzQzwcFdTZ+coJkQxyc=
    dependencies:
      "@babel/runtime" "^7.10.1"
      classnames "2.x"
      rc-motion "^2.3.4"
      rc-util "^5.27.0"
  
  rc-dialog@~9.3.4:
    version "9.3.4"
    resolved "http://172.16.0.199:8081/repository/npm-hosted/rc-dialog/-/rc-dialog-9.3.4.tgz#e0decb3d4a0dbe36524a67ed2f8fe2daa4b7b73c"
    integrity sha1-4N7LPUoNvjZSSmftL4/i2qS3tzw=
    dependencies:
      "@babel/runtime" "^7.10.1"
      "@rc-component/portal" "^1.0.0-8"
      classnames "^2.2.6"
      rc-motion "^2.3.0"
      rc-util "^5.21.0"
  
  rc-drawer@~6.5.2:
    version "6.5.2"
    resolved "http://172.16.0.199:8081/repository/npm-hosted/rc-drawer/-/rc-drawer-6.5.2.tgz#49c1f279261992f6d4653d32a03b14acd436d610"
    integrity sha1-ScHyeSYZkvbUZT0yoDsUrNQ21hA=
    dependencies:
      "@babel/runtime" "^7.10.1"
      "@rc-component/portal" "^1.1.1"
      classnames "^2.2.6"
      rc-motion "^2.6.1"
      rc-util "^5.36.0"
  
  rc-dropdown@~4.1.0:
    version "4.1.0"
    resolved "http://172.16.0.199:8081/repository/npm-hosted/rc-dropdown/-/rc-dropdown-4.1.0.tgz#418a68939631520de80d0865d02b440eeeb4168e"
    integrity sha1-QYpok5YxUg3oDQhl0CtEDu60Fo4=
    dependencies:
      "@babel/runtime" "^7.18.3"
      "@rc-component/trigger" "^1.7.0"
      classnames "^2.2.6"
      rc-util "^5.17.0"
  
  rc-field-form@~1.40.0:
    version "1.40.0"
    resolved "http://172.16.0.199:8081/repository/npm-hosted/rc-field-form/-/rc-field-form-1.40.0.tgz#808dce06ebae1c3aea574e672b673533fc98f11f"
    integrity sha1-gI3OBuuuHDrqV05nK2c1M/yY8R8=
    dependencies:
      "@babel/runtime" "^7.18.0"
      async-validator "^4.1.0"
      rc-util "^5.32.2"
  
  rc-image@~7.3.2:
    version "7.3.2"
    resolved "http://172.16.0.199:8081/repository/npm-hosted/rc-image/-/rc-image-7.3.2.tgz#fd92ab9994552d4f42638af0810039d34ad32dba"
    integrity sha1-/ZKrmZRVLU9CY4rwgQA500rTLbo=
    dependencies:
      "@babel/runtime" "^7.11.2"
      "@rc-component/portal" "^1.0.2"
      classnames "^2.2.6"
      rc-dialog "~9.3.4"
      rc-motion "^2.6.2"
      rc-util "^5.34.1"
  
  rc-input-number@~8.4.0:
    version "8.4.0"
    resolved "http://172.16.0.199:8081/repository/npm-hosted/rc-input-number/-/rc-input-number-8.4.0.tgz#f0d0caa2ce3a4e37f062556f9cb4c08c8c23322d"
    integrity sha1-8NDKos46TjfwYlVvnLTAjIwjMi0=
    dependencies:
      "@babel/runtime" "^7.10.1"
      "@rc-component/mini-decimal" "^1.0.1"
      classnames "^2.2.5"
      rc-input "~1.3.5"
      rc-util "^5.28.0"
  
  rc-input@~1.3.5:
    version "1.3.6"
    resolved "http://172.16.0.199:8081/repository/npm-hosted/rc-input/-/rc-input-1.3.6.tgz#038b74779b6c8b688ff60a41c3976d1db7a1d7d6"
    integrity sha1-A4t0d5tsi2iP9gpBw5dtHbeh19Y=
    dependencies:
      "@babel/runtime" "^7.11.1"
      classnames "^2.2.1"
      rc-util "^5.18.1"
  
  rc-mentions@~2.9.1:
    version "2.9.1"
    resolved "http://172.16.0.199:8081/repository/npm-hosted/rc-mentions/-/rc-mentions-2.9.1.tgz#cfe55913fd5bc156ef9814f38c1a2ceefee032ce"
    integrity sha1-z+VZE/1bwVbvmBTzjBos7v7gMs4=
    dependencies:
      "@babel/runtime" "^7.22.5"
      "@rc-component/trigger" "^1.5.0"
      classnames "^2.2.6"
      rc-input "~1.3.5"
      rc-menu "~9.12.0"
      rc-textarea "~1.5.0"
      rc-util "^5.34.1"
  
  rc-menu@~9.12.0, rc-menu@~9.12.2:
    version "9.12.2"
    resolved "http://172.16.0.199:8081/repository/npm-hosted/rc-menu/-/rc-menu-9.12.2.tgz#1bab34646421224eff5c5b7de993f8ea1238418e"
    integrity sha1-G6s0ZGQhIk7/XFt96ZP46hI4QY4=
    dependencies:
      "@babel/runtime" "^7.10.1"
      "@rc-component/trigger" "^1.17.0"
      classnames "2.x"
      rc-motion "^2.4.3"
      rc-overflow "^1.3.1"
      rc-util "^5.27.0"
  
  rc-motion@^2.0.0, rc-motion@^2.0.1, rc-motion@^2.3.0, rc-motion@^2.3.4, rc-motion@^2.4.3, rc-motion@^2.4.4, rc-motion@^2.6.1, rc-motion@^2.6.2:
    version "2.7.3"
    resolved "http://172.16.0.199:8081/repository/npm-hosted/rc-motion/-/rc-motion-2.7.3.tgz#126155bb3e687174fb3b92fddade2835c963b04d"
    integrity sha1-EmFVuz5ocXT7O5L92t4oNcljsE0=
    dependencies:
      "@babel/runtime" "^7.11.1"
      classnames "^2.2.1"
      rc-util "^5.21.0"
  
  rc-motion@^2.9.0:
    version "2.9.0"
    resolved "http://172.16.0.199:8081/repository/npm-hosted/rc-motion/-/rc-motion-2.9.0.tgz#9e18a1b8d61e528a97369cf9a7601e9b29205710"
    integrity sha1-nhihuNYeUoqXNpz5p2AemykgVxA=
    dependencies:
      "@babel/runtime" "^7.11.1"
      classnames "^2.2.1"
      rc-util "^5.21.0"
  
  rc-notification@~5.3.0:
    version "5.3.0"
    resolved "http://172.16.0.199:8081/repository/npm-hosted/rc-notification/-/rc-notification-5.3.0.tgz#e31c86fe2350598ade8cff383babd1befa7a94fe"
    integrity sha1-4xyG/iNQWYrejP84O6vRvvp6lP4=
    dependencies:
      "@babel/runtime" "^7.10.1"
      classnames "2.x"
      rc-motion "^2.9.0"
      rc-util "^5.20.1"
  
  rc-overflow@^1.3.1:
    version "1.3.2"
    resolved "http://172.16.0.199:8081/repository/npm-hosted/rc-overflow/-/rc-overflow-1.3.2.tgz#72ee49e85a1308d8d4e3bd53285dc1f3e0bcce2c"
    integrity sha1-cu5J6FoTCNjU471TKF3B8+C8ziw=
    dependencies:
      "@babel/runtime" "^7.11.1"
      classnames "^2.2.1"
      rc-resize-observer "^1.0.0"
      rc-util "^5.37.0"
  
  rc-pagination@~3.7.0:
    version "3.7.0"
    resolved "http://172.16.0.199:8081/repository/npm-hosted/rc-pagination/-/rc-pagination-3.7.0.tgz#4c4332800688ec0fd3b2435c4772f7f8d4d7b50e"
    integrity sha1-TEMygAaI7A/TskNcR3L3+NTXtQ4=
    dependencies:
      "@babel/runtime" "^7.10.1"
      classnames "^2.2.1"
      rc-util "^5.32.2"
  
  rc-picker@~3.14.6:
    version "3.14.6"
    resolved "http://172.16.0.199:8081/repository/npm-hosted/rc-picker/-/rc-picker-3.14.6.tgz#60fc34f9883272e10f6c593fa6d82e7e7a70781b"
    integrity sha1-YPw0+YgycuEPbFk/ptgufnpweBs=
    dependencies:
      "@babel/runtime" "^7.10.1"
      "@rc-component/trigger" "^1.5.0"
      classnames "^2.2.1"
      rc-util "^5.30.0"
  
  rc-progress@~3.5.1:
    version "3.5.1"
    resolved "http://172.16.0.199:8081/repository/npm-hosted/rc-progress/-/rc-progress-3.5.1.tgz#a3cdfd2fe04eb5c3d43fa1c69e7dd70c73b102ae"
    integrity sha1-o839L+BOtcPUP6HGnn3XDHOxAq4=
    dependencies:
      "@babel/runtime" "^7.10.1"
      classnames "^2.2.6"
      rc-util "^5.16.1"
  
  rc-rate@~2.12.0:
    version "2.12.0"
    resolved "http://172.16.0.199:8081/repository/npm-hosted/rc-rate/-/rc-rate-2.12.0.tgz#0182deffed3b009cdcc61660da8746c39ed91ed5"
    integrity sha1-AYLe/+07AJzcxhZg2odGw57ZHtU=
    dependencies:
      "@babel/runtime" "^7.10.1"
      classnames "^2.2.5"
      rc-util "^5.0.1"
  
  rc-resize-observer@^1.0.0, rc-resize-observer@^1.1.0:
    version "1.2.1"
    resolved "http://172.16.0.199:8081/repository/npm-hosted/rc-resize-observer/-/rc-resize-observer-1.2.1.tgz#7f9715b5d1afe126ade3c107aafd2cebf8a57a99"
    integrity sha1-f5cVtdGv4Sat48EHqv0s6/ilepk=
    dependencies:
      "@babel/runtime" "^7.20.7"
      classnames "^2.2.1"
      rc-util "^5.27.0"
      resize-observer-polyfill "^1.5.1"
  
  rc-resize-observer@^1.3.1, rc-resize-observer@^1.4.0:
    version "1.4.0"
    resolved "http://172.16.0.199:8081/repository/npm-hosted/rc-resize-observer/-/rc-resize-observer-1.4.0.tgz#7bba61e6b3c604834980647cce6451914750d0cc"
    integrity sha1-e7ph5rPGBINJgGR8zmRRkUdQ0Mw=
    dependencies:
      "@babel/runtime" "^7.20.7"
      classnames "^2.2.1"
      rc-util "^5.38.0"
      resize-observer-polyfill "^1.5.1"
  
  rc-segmented@~2.2.2:
    version "2.2.2"
    resolved "http://172.16.0.199:8081/repository/npm-hosted/rc-segmented/-/rc-segmented-2.2.2.tgz#a34f12ce6c0975fc3042ae7656bcd18e1744798e"
    integrity sha1-o08SzmwJdfwwQq52VrzRjhdEeY4=
    dependencies:
      "@babel/runtime" "^7.11.1"
      classnames "^2.2.1"
      rc-motion "^2.4.4"
      rc-util "^5.17.0"
  
  rc-select@~14.10.0:
    version "14.10.0"
    resolved "http://172.16.0.199:8081/repository/npm-hosted/rc-select/-/rc-select-14.10.0.tgz#5f60e61ed7c9a83c8591616b1174a1c4ab2de0cd"
    integrity sha1-X2DmHtfJqDyFkWFrEXShxKst4M0=
    dependencies:
      "@babel/runtime" "^7.10.1"
      "@rc-component/trigger" "^1.5.0"
      classnames "2.x"
      rc-motion "^2.0.1"
      rc-overflow "^1.3.1"
      rc-util "^5.16.1"
      rc-virtual-list "^3.5.2"
  
  rc-slider@~10.4.0:
    version "10.4.0"
    resolved "http://172.16.0.199:8081/repository/npm-hosted/rc-slider/-/rc-slider-10.4.0.tgz#efc016583fdea5f5dfb4f3dc61b6755a19e5f453"
    integrity sha1-78AWWD/epfXftPPcYbZ1Whnl9FM=
    dependencies:
      "@babel/runtime" "^7.10.1"
      classnames "^2.2.5"
      rc-util "^5.27.0"
  
  rc-steps@~6.0.1:
    version "6.0.1"
    resolved "http://172.16.0.199:8081/repository/npm-hosted/rc-steps/-/rc-steps-6.0.1.tgz#c2136cd0087733f6d509209a84a5c80dc29a274d"
    integrity sha1-whNs0Ah3M/bVCSCahKXIDcKaJ00=
    dependencies:
      "@babel/runtime" "^7.16.7"
      classnames "^2.2.3"
      rc-util "^5.16.1"
  
  rc-switch@~4.1.0:
    version "4.1.0"
    resolved "http://172.16.0.199:8081/repository/npm-hosted/rc-switch/-/rc-switch-4.1.0.tgz#f37d81b4e0c5afd1274fd85367b17306bf25e7d7"
    integrity sha1-832BtODFr9EnT9hTZ7FzBr8l59c=
    dependencies:
      "@babel/runtime" "^7.21.0"
      classnames "^2.2.1"
      rc-util "^5.30.0"
  
  rc-table@~7.35.2:
    version "7.35.2"
    resolved "http://172.16.0.199:8081/repository/npm-hosted/rc-table/-/rc-table-7.35.2.tgz#8fcd59e9342bf13fe131ca54c6105e71ab95588b"
    integrity sha1-j81Z6TQr8T/hMcpUxhBecauVWIs=
    dependencies:
      "@babel/runtime" "^7.10.1"
      "@rc-component/context" "^1.4.0"
      classnames "^2.2.5"
      rc-resize-observer "^1.1.0"
      rc-util "^5.37.0"
      rc-virtual-list "^3.11.1"
  
  rc-tabs@~12.13.1:
    version "12.13.1"
    resolved "http://172.16.0.199:8081/repository/npm-hosted/rc-tabs/-/rc-tabs-12.13.1.tgz#e28c5652dfed4e72eb27a75a2691754afd3e5f68"
    integrity sha1-4oxWUt/tTnLrJ6daJpF1Sv0+X2g=
    dependencies:
      "@babel/runtime" "^7.11.2"
      classnames "2.x"
      rc-dropdown "~4.1.0"
      rc-menu "~9.12.0"
      rc-motion "^2.6.2"
      rc-resize-observer "^1.0.0"
      rc-util "^5.34.1"
  
  rc-textarea@~1.5.0, rc-textarea@~1.5.2:
    version "1.5.3"
    resolved "http://172.16.0.199:8081/repository/npm-hosted/rc-textarea/-/rc-textarea-1.5.3.tgz#513e837d308584996c05f540f4f58645a3a8c89a"
    integrity sha1-UT6DfTCFhJlsBfVA9PWGRaOoyJo=
    dependencies:
      "@babel/runtime" "^7.10.1"
      classnames "^2.2.1"
      rc-input "~1.3.5"
      rc-resize-observer "^1.0.0"
      rc-util "^5.27.0"
  
  rc-tooltip@~6.1.2:
    version "6.1.2"
    resolved "http://172.16.0.199:8081/repository/npm-hosted/rc-tooltip/-/rc-tooltip-6.1.2.tgz#33923ecfb2cf24347975093cbd0b048ab33c9567"
    integrity sha1-M5I+z7LPJDR5dQk8vQsEirM8lWc=
    dependencies:
      "@babel/runtime" "^7.11.2"
      "@rc-component/trigger" "^1.18.0"
      classnames "^2.3.1"
  
  rc-tree-select@~5.15.0:
    version "5.15.0"
    resolved "http://172.16.0.199:8081/repository/npm-hosted/rc-tree-select/-/rc-tree-select-5.15.0.tgz#8591f1dd28b043dde6fa1ca30c7acb198b160a42"
    integrity sha1-hZHx3SiwQ93m+hyjDHrLGYsWCkI=
    dependencies:
      "@babel/runtime" "^7.10.1"
      classnames "2.x"
      rc-select "~14.10.0"
      rc-tree "~5.8.1"
      rc-util "^5.16.1"
  
  rc-tree@~5.8.1, rc-tree@~5.8.2:
    version "5.8.2"
    resolved "http://172.16.0.199:8081/repository/npm-hosted/rc-tree/-/rc-tree-5.8.2.tgz#ed3a3f7c56597bbeab3303407a9e1739bbf15621"
    integrity sha1-7To/fFZZe76rMwNAep4XObvxViE=
    dependencies:
      "@babel/runtime" "^7.10.1"
      classnames "2.x"
      rc-motion "^2.0.1"
      rc-util "^5.16.1"
      rc-virtual-list "^3.5.1"
  
  rc-upload@~4.3.5:
    version "4.3.5"
    resolved "http://172.16.0.199:8081/repository/npm-hosted/rc-upload/-/rc-upload-4.3.5.tgz#12fc69b2af74d08646a104828831bcaf44076eda"
    integrity sha1-Evxpsq900IZGoQSCiDG8r0QHbto=
    dependencies:
      "@babel/runtime" "^7.18.3"
      classnames "^2.2.5"
      rc-util "^5.2.0"
  
  rc-util@^5.0.1, rc-util@^5.16.1, rc-util@^5.17.0, rc-util@^5.18.1, rc-util@^5.2.0, rc-util@^5.20.1, rc-util@^5.21.0, rc-util@^5.24.4, rc-util@^5.25.2, rc-util@^5.27.0, rc-util@^5.28.0, rc-util@^5.30.0, rc-util@^5.31.1, rc-util@^5.32.2, rc-util@^5.34.1, rc-util@^5.35.0, rc-util@^5.36.0, rc-util@^5.37.0, rc-util@^5.38.0, rc-util@^5.38.1:
    version "5.38.1"
    resolved "http://172.16.0.199:8081/repository/npm-hosted/rc-util/-/rc-util-5.38.1.tgz#4915503b89855f5c5cd9afd4c72a7a17568777bb"
    integrity sha1-SRVQO4mFX1xc2a/Uxyp6F1aHd7s=
    dependencies:
      "@babel/runtime" "^7.18.3"
      react-is "^18.2.0"
  
  rc-virtual-list@^3.11.1, rc-virtual-list@^3.5.1, rc-virtual-list@^3.5.2:
    version "3.11.3"
    resolved "http://172.16.0.199:8081/repository/npm-hosted/rc-virtual-list/-/rc-virtual-list-3.11.3.tgz#77d4e12e20c1ba314b43c0e37e118296674c5401"
    integrity sha1-d9ThLiDBujFLQ8DjfhGClmdMVAE=
    dependencies:
      "@babel/runtime" "^7.20.0"
      classnames "^2.2.6"
      rc-resize-observer "^1.0.0"
      rc-util "^5.36.0"
  
  react-dom@^18.0.0:
    version "18.2.0"
    resolved "http://172.16.0.199:8081/repository/npm-hosted/react-dom/-/react-dom-18.2.0.tgz#22aaf38708db2674ed9ada224ca4aa708d821e3d"
    integrity sha1-IqrzhwjbJnTtmtoiTKSqcI2CHj0=
    dependencies:
      loose-envify "^1.1.0"
      scheduler "^0.23.0"
  
  react-is@^16.13.1, react-is@^16.7.0:
    version "16.13.1"
    resolved "http://172.16.0.199:8081/repository/npm-hosted/react-is/-/react-is-16.13.1.tgz#789729a4dc36de2999dc156dd6c1d9c18cea56a4"
    integrity sha1-eJcppNw23imZ3BVt1sHZwYzqVqQ=
  
  react-is@^17.0.1:
    version "17.0.2"
    resolved "http://172.16.0.199:8081/repository/npm-hosted/react-is/-/react-is-17.0.2.tgz#e691d4a8e9c789365655539ab372762b0efb54f0"
    integrity sha1-5pHUqOnHiTZWVVOas3J2Kw77VPA=
  
  react-is@^18.0.0, react-is@^18.2.0:
    version "18.2.0"
    resolved "http://172.16.0.199:8081/repository/npm-hosted/react-is/-/react-is-18.2.0.tgz#199431eeaaa2e09f86427efbb4f1473edb47609b"
    integrity sha1-GZQx7qqi4J+GQn77tPFHPttHYJs=
  
  react-redux@^8.0.0:
    version "8.0.5"
    resolved "http://172.16.0.199:8081/repository/npm-hosted/react-redux/-/react-redux-8.0.5.tgz#e5fb8331993a019b8aaf2e167a93d10af469c7bd"
    integrity sha1-5fuDMZk6AZuKry4WepPRCvRpx70=
    dependencies:
      "@babel/runtime" "^7.12.1"
      "@types/hoist-non-react-statics" "^3.3.1"
      "@types/use-sync-external-store" "^0.0.3"
      hoist-non-react-statics "^3.3.2"
      react-is "^18.0.0"
      use-sync-external-store "^1.0.0"
  
  react-refresh@^0.10.0:
    version "0.10.0"
    resolved "http://172.16.0.199:8081/repository/npm-hosted/react-refresh/-/react-refresh-0.10.0.tgz#2f536c9660c0b9b1d500684d9e52a65e7404f7e3"
    integrity sha1-L1NslmDAubHVAGhNnlKmXnQE9+M=
  
  react@^18.0.0:
    version "18.2.0"
    resolved "http://172.16.0.199:8081/repository/npm-hosted/react/-/react-18.2.0.tgz#555bd98592883255fa00de14f1151a917b5d77d5"
    integrity sha1-VVvZhZKIMlX6AN4U8RUakXtdd9U=
    dependencies:
      loose-envify "^1.1.0"
  
  read-cmd-shim@^2.0.0:
    version "2.0.0"
    resolved "http://172.16.0.199:8081/repository/npm-hosted/read-cmd-shim/-/read-cmd-shim-2.0.0.tgz#4a50a71d6f0965364938e9038476f7eede3928d9"
    integrity sha1-SlCnHW8JZTZJOOkDhHb37t45KNk=
  
  read-package-json-fast@^2.0.1:
    version "2.0.3"
    resolved "http://172.16.0.199:8081/repository/npm-hosted/read-package-json-fast/-/read-package-json-fast-2.0.3.tgz#323ca529630da82cb34b36cc0b996693c98c2b83"
    integrity sha1-MjylKWMNqCyzSzbMC5lmk8mMK4M=
    dependencies:
      json-parse-even-better-errors "^2.3.0"
      npm-normalize-package-bin "^1.0.1"
  
  read-package-json@^2.0.0:
    version "2.1.2"
    resolved "http://172.16.0.199:8081/repository/npm-hosted/read-package-json/-/read-package-json-2.1.2.tgz#6992b2b66c7177259feb8eaac73c3acd28b9222a"
    integrity sha1-aZKytmxxdyWf646qxzw6zSi5Iio=
    dependencies:
      glob "^7.1.1"
      json-parse-even-better-errors "^2.3.0"
      normalize-package-data "^2.0.0"
      npm-normalize-package-bin "^1.0.0"
  
  read-package-json@^3.0.0:
    version "3.0.1"
    resolved "http://172.16.0.199:8081/repository/npm-hosted/read-package-json/-/read-package-json-3.0.1.tgz#c7108f0b9390257b08c21e3004d2404c806744b9"
    integrity sha1-xxCPC5OQJXsIwh4wBNJATIBnRLk=
    dependencies:
      glob "^7.1.1"
      json-parse-even-better-errors "^2.3.0"
      normalize-package-data "^3.0.0"
      npm-normalize-package-bin "^1.0.0"
  
  read-package-json@^4.1.1:
    version "4.1.2"
    resolved "http://172.16.0.199:8081/repository/npm-hosted/read-package-json/-/read-package-json-4.1.2.tgz#b444d047de7c75d4a160cb056d00c0693c1df703"
    integrity sha1-tETQR958ddShYMsFbQDAaTwd9wM=
    dependencies:
      glob "^7.1.1"
      json-parse-even-better-errors "^2.3.0"
      normalize-package-data "^3.0.0"
      npm-normalize-package-bin "^1.0.0"
  
  read-package-tree@^5.3.1:
    version "5.3.1"
    resolved "http://172.16.0.199:8081/repository/npm-hosted/read-package-tree/-/read-package-tree-5.3.1.tgz#a32cb64c7f31eb8a6f31ef06f9cedf74068fe636"
    integrity sha1-oyy2TH8x64pvMe8G+c7fdAaP5jY=
    dependencies:
      read-package-json "^2.0.0"
      readdir-scoped-modules "^1.0.0"
      util-promisify "^2.1.0"
  
  read-pkg-up@^3.0.0:
    version "3.0.0"
    resolved "http://172.16.0.199:8081/repository/npm-hosted/read-pkg-up/-/read-pkg-up-3.0.0.tgz#3ed496685dba0f8fe118d0691dc51f4a1ff96f07"
    integrity sha1-PtSWaF26D4/hGNBpHcUfSh/5bwc=
    dependencies:
      find-up "^2.0.0"
      read-pkg "^3.0.0"
  
  read-pkg-up@^7.0.1:
    version "7.0.1"
    resolved "http://172.16.0.199:8081/repository/npm-hosted/read-pkg-up/-/read-pkg-up-7.0.1.tgz#f3a6135758459733ae2b95638056e1854e7ef507"
    integrity sha1-86YTV1hFlzOuK5VjgFbhhU5+9Qc=
    dependencies:
      find-up "^4.1.0"
      read-pkg "^5.2.0"
      type-fest "^0.8.1"
  
  read-pkg@^3.0.0:
    version "3.0.0"
    resolved "http://172.16.0.199:8081/repository/npm-hosted/read-pkg/-/read-pkg-3.0.0.tgz#9cbc686978fee65d16c00e2b19c237fcf6e38389"
    integrity sha1-nLxoaXj+5l0WwA4rGcI3/Pbjg4k=
    dependencies:
      load-json-file "^4.0.0"
      normalize-package-data "^2.3.2"
      path-type "^3.0.0"
  
  read-pkg@^5.2.0:
    version "5.2.0"
    resolved "http://172.16.0.199:8081/repository/npm-hosted/read-pkg/-/read-pkg-5.2.0.tgz#7bf295438ca5a33e56cd30e053b34ee7250c93cc"
    integrity sha1-e/KVQ4yloz5WzTDgU7NO5yUMk8w=
    dependencies:
      "@types/normalize-package-data" "^2.4.0"
      normalize-package-data "^2.5.0"
      parse-json "^5.0.0"
      type-fest "^0.6.0"
  
  read@1, read@~1.0.1:
    version "1.0.7"
    resolved "http://172.16.0.199:8081/repository/npm-hosted/read/-/read-1.0.7.tgz#b3da19bd052431a97671d44a42634adf710b40c4"
    integrity sha1-s9oZvQUkMal2cdRKQmNK33ELQMQ=
    dependencies:
      mute-stream "~0.0.4"
  
  readable-stream@3, readable-stream@^3.0.0, readable-stream@^3.0.2, readable-stream@^3.0.6, readable-stream@^3.4.0:
    version "3.6.0"
    resolved "http://172.16.0.199:8081/repository/npm-hosted/readable-stream/-/readable-stream-3.6.0.tgz#337bbda3adc0706bd3e024426a286d4b4b2c9198"
    integrity sha1-M3u9o63AcGvT4CRCaihtS0sskZg=
    dependencies:
      inherits "^2.0.3"
      string_decoder "^1.1.1"
      util-deprecate "^1.0.1"
  
  readable-stream@^2.0.1, readable-stream@^2.0.6, readable-stream@~2.3.6:
    version "2.3.8"
    resolved "http://172.16.0.199:8081/repository/npm-hosted/readable-stream/-/readable-stream-2.3.8.tgz#91125e8042bba1b9887f49345f6277027ce8be9b"
    integrity sha1-kRJegEK7obmIf0k0X2J3Anzovps=
    dependencies:
      core-util-is "~1.0.0"
      inherits "~2.0.3"
      isarray "~1.0.0"
      process-nextick-args "~2.0.0"
      safe-buffer "~5.1.1"
      string_decoder "~1.1.1"
      util-deprecate "~1.0.1"
  
  readable-stream@~1.0.31:
    version "1.0.34"
    resolved "http://172.16.0.199:8081/repository/npm-hosted/readable-stream/-/readable-stream-1.0.34.tgz#125820e34bc842d2f2aaafafe4c2916ee32c157c"
    integrity sha1-Elgg40vIQtLyqq+v5MKRbuMsFXw=
    dependencies:
      core-util-is "~1.0.0"
      inherits "~2.0.1"
      isarray "0.0.1"
      string_decoder "~0.10.x"
  
  readdir-scoped-modules@^1.0.0:
    version "1.1.0"
    resolved "http://172.16.0.199:8081/repository/npm-hosted/readdir-scoped-modules/-/readdir-scoped-modules-1.1.0.tgz#8d45407b4f870a0dcaebc0e28670d18e74514309"
    integrity sha1-jUVAe0+HCg3K68DihnDRjnRRQwk=
    dependencies:
      debuglog "^1.0.1"
      dezalgo "^1.0.0"
      graceful-fs "^4.1.2"
      once "^1.3.0"
  
  readdirp@~3.6.0:
    version "3.6.0"
    resolved "http://172.16.0.199:8081/repository/npm-hosted/readdirp/-/readdirp-3.6.0.tgz#74a370bd857116e245b29cc97340cd431a02a6c7"
    integrity sha1-dKNwvYVxFuJFspzJc0DNQxoCpsc=
    dependencies:
      picomatch "^2.2.1"
  
  redent@^3.0.0:
    version "3.0.0"
    resolved "http://172.16.0.199:8081/repository/npm-hosted/redent/-/redent-3.0.0.tgz#e557b7998316bb53c9f1f56fa626352c6963059f"
    integrity sha1-5Ve3mYMWu1PJ8fVvpiY1LGljBZ8=
    dependencies:
      indent-string "^4.0.0"
      strip-indent "^3.0.0"
  
  regenerate-unicode-properties@^10.1.0:
    version "10.1.0"
    resolved "http://172.16.0.199:8081/repository/npm-hosted/regenerate-unicode-properties/-/regenerate-unicode-properties-10.1.0.tgz#7c3192cab6dd24e21cb4461e5ddd7dd24fa8374c"
    integrity sha1-fDGSyrbdJOIctEYeXd190k+oN0w=
    dependencies:
      regenerate "^1.4.2"
  
  regenerate@^1.4.2:
    version "1.4.2"
    resolved "http://172.16.0.199:8081/repository/npm-hosted/regenerate/-/regenerate-1.4.2.tgz#b9346d8827e8f5a32f7ba29637d398b69014848a"
    integrity sha1-uTRtiCfo9aMve6KWN9OYtpAUhIo=
  
  regenerator-runtime@^0.11.0:
    version "0.11.1"
    resolved "http://172.16.0.199:8081/repository/npm-hosted/regenerator-runtime/-/regenerator-runtime-0.11.1.tgz#be05ad7f9bf7d22e056f9726cee5017fbf19e2e9"
    integrity sha1-vgWtf5v30i4Fb5cmzuUBf78Z4uk=
  
  regenerator-runtime@^0.13.11, regenerator-runtime@^0.13.4:
    version "0.13.11"
    resolved "http://172.16.0.199:8081/repository/npm-hosted/regenerator-runtime/-/regenerator-runtime-0.13.11.tgz#f6dca3e7ceec20590d07ada785636a90cdca17f9"
    integrity sha1-9tyj587sIFkNB62nhWNqkM3KF/k=
  
  regenerator-runtime@^0.14.0:
    version "0.14.0"
    resolved "http://172.16.0.199:8081/repository/npm-hosted/regenerator-runtime/-/regenerator-runtime-0.14.0.tgz#5e19d68eb12d486f797e15a3c6a918f7cec5eb45"
    integrity sha1-XhnWjrEtSG95fhWjxqkY987F60U=
  
  regenerator-transform@^0.15.2:
    version "0.15.2"
    resolved "http://172.16.0.199:8081/repository/npm-hosted/regenerator-transform/-/regenerator-transform-0.15.2.tgz#5bbae58b522098ebdf09bca2f83838929001c7a4"
    integrity sha1-W7rli1IgmOvfCbyi+Dg4kpABx6Q=
    dependencies:
      "@babel/runtime" "^7.8.4"
  
  regexp.prototype.flags@^1.4.3:
    version "1.5.0"
    resolved "http://172.16.0.199:8081/repository/npm-hosted/regexp.prototype.flags/-/regexp.prototype.flags-1.5.0.tgz#fe7ce25e7e4cca8db37b6634c8a2c7009199b9cb"
    integrity sha1-/nziXn5Myo2ze2Y0yKLHAJGZucs=
    dependencies:
      call-bind "^1.0.2"
      define-properties "^1.2.0"
      functions-have-names "^1.2.3"
  
  regexp.prototype.flags@^1.5.1:
    version "1.5.1"
    resolved "http://172.16.0.199:8081/repository/npm-hosted/regexp.prototype.flags/-/regexp.prototype.flags-1.5.1.tgz#90ce989138db209f81492edd734183ce99f9677e"
    integrity sha1-kM6YkTjbIJ+BSS7dc0GDzpn5Z34=
    dependencies:
      call-bind "^1.0.2"
      define-properties "^1.2.0"
      set-function-name "^2.0.0"
  
  regexpp@^3.2.0:
    version "3.2.0"
    resolved "http://172.16.0.199:8081/repository/npm-hosted/regexpp/-/regexpp-3.2.0.tgz#0425a2768d8f23bad70ca4b90461fa2f1213e1b2"
    integrity sha1-BCWido2PI7rXDKS5BGH6LxIT4bI=
  
  regexpu-core@^5.2.1:
    version "5.2.2"
    resolved "http://172.16.0.199:8081/repository/npm-hosted/regexpu-core/-/regexpu-core-5.2.2.tgz#3e4e5d12103b64748711c3aad69934d7718e75fc"
    integrity sha1-Pk5dEhA7ZHSHEcOq1pk013GOdfw=
    dependencies:
      regenerate "^1.4.2"
      regenerate-unicode-properties "^10.1.0"
      regjsgen "^0.7.1"
      regjsparser "^0.9.1"
      unicode-match-property-ecmascript "^2.0.0"
      unicode-match-property-value-ecmascript "^2.1.0"
  
  regjsgen@^0.7.1:
    version "0.7.1"
    resolved "http://172.16.0.199:8081/repository/npm-hosted/regjsgen/-/regjsgen-0.7.1.tgz#ee5ef30e18d3f09b7c369b76e7c2373ed25546f6"
    integrity sha1-7l7zDhjT8Jt8Npt258I3PtJVRvY=
  
  regjsparser@^0.9.1:
    version "0.9.1"
    resolved "http://172.16.0.199:8081/repository/npm-hosted/regjsparser/-/regjsparser-0.9.1.tgz#272d05aa10c7c1f67095b1ff0addae8442fc5709"
    integrity sha1-Jy0FqhDHwfZwlbH/Ct2uhEL8Vwk=
    dependencies:
      jsesc "~0.5.0"
  
  relateurl@^0.2.7:
    version "0.2.7"
    resolved "http://172.16.0.199:8081/repository/npm-hosted/relateurl/-/relateurl-0.2.7.tgz#54dbf377e51440aca90a4cd274600d3ff2d888a9"
    integrity sha1-VNvzd+UUQKypCkzSdGANP/LYiKk=
  
  renderkid@^3.0.0:
    version "3.0.0"
    resolved "http://172.16.0.199:8081/repository/npm-hosted/renderkid/-/renderkid-3.0.0.tgz#5fd823e4d6951d37358ecc9a58b1f06836b6268a"
    integrity sha1-X9gj5NaVHTc1jsyaWLHwaDa2Joo=
    dependencies:
      css-select "^4.1.3"
      dom-converter "^0.2.0"
      htmlparser2 "^6.1.0"
      lodash "^4.17.21"
      strip-ansi "^6.0.1"
  
  request@^2.88.0, request@^2.88.2:
    version "2.88.2"
    resolved "http://172.16.0.199:8081/repository/npm-hosted/request/-/request-2.88.2.tgz#d73c918731cb5a87da047e207234146f664d12b3"
    integrity sha1-1zyRhzHLWofaBH4gcjQUb2ZNErM=
    dependencies:
      aws-sign2 "~0.7.0"
      aws4 "^1.8.0"
      caseless "~0.12.0"
      combined-stream "~1.0.6"
      extend "~3.0.2"
      forever-agent "~0.6.1"
      form-data "~2.3.2"
      har-validator "~5.1.3"
      http-signature "~1.2.0"
      is-typedarray "~1.0.0"
      isstream "~0.1.2"
      json-stringify-safe "~5.0.1"
      mime-types "~2.1.19"
      oauth-sign "~0.9.0"
      performance-now "^2.1.0"
      qs "~6.5.2"
      safe-buffer "^5.1.2"
      tough-cookie "~2.5.0"
      tunnel-agent "^0.6.0"
      uuid "^3.3.2"
  
  require-directory@^2.1.1:
    version "2.1.1"
    resolved "http://172.16.0.199:8081/repository/npm-hosted/require-directory/-/require-directory-2.1.1.tgz#8c64ad5fd30dab1c976e2344ffe7f792a6a6df42"
    integrity sha1-jGStX9MNqxyXbiNE/+f3kqam30I=
  
  require-from-string@^2.0.2:
    version "2.0.2"
    resolved "http://172.16.0.199:8081/repository/npm-hosted/require-from-string/-/require-from-string-2.0.2.tgz#89a7fdd938261267318eafe14f9c32e598c36909"
    integrity sha1-iaf92TgmEmcxjq/hT5wy5ZjDaQk=
  
  requires-port@^1.0.0:
    version "1.0.0"
    resolved "http://172.16.0.199:8081/repository/npm-hosted/requires-port/-/requires-port-1.0.0.tgz#925d2601d39ac485e091cf0da5c6e694dc3dcaff"
    integrity sha1-kl0mAdOaxIXgkc8NpcbmlNw9yv8=
  
  reselect@^4.0.0:
    version "4.1.8"
    resolved "http://172.16.0.199:8081/repository/npm-hosted/reselect/-/reselect-4.1.8.tgz#3f5dc671ea168dccdeb3e141236f69f02eaec524"
    integrity sha1-P13GceoWjczes+FBI29p8C6uxSQ=
  
  resize-observer-polyfill@^1.5.1:
    version "1.5.1"
    resolved "http://172.16.0.199:8081/repository/npm-hosted/resize-observer-polyfill/-/resize-observer-polyfill-1.5.1.tgz#0e9020dd3d21024458d4ebd27e23e40269810464"
    integrity sha1-DpAg3T0hAkRY1OvSfiPkAmmBBGQ=
  
  resolve-cwd@^3.0.0:
    version "3.0.0"
    resolved "http://172.16.0.199:8081/repository/npm-hosted/resolve-cwd/-/resolve-cwd-3.0.0.tgz#0f0075f1bb2544766cf73ba6a6e2adfebcb13f2d"
    integrity sha1-DwB18bslRHZs9zumpuKt/ryxPy0=
    dependencies:
      resolve-from "^5.0.0"
  
  resolve-dir@^1.0.0, resolve-dir@^1.0.1:
    version "1.0.1"
    resolved "http://172.16.0.199:8081/repository/npm-hosted/resolve-dir/-/resolve-dir-1.0.1.tgz#79a40644c362be82f26effe739c9bb5382046f43"
    integrity sha1-eaQGRMNivoLybv/nOcm7U4IEb0M=
    dependencies:
      expand-tilde "^2.0.0"
      global-modules "^1.0.0"
  
  resolve-from@5.0.0, resolve-from@^5.0.0:
    version "5.0.0"
    resolved "http://172.16.0.199:8081/repository/npm-hosted/resolve-from/-/resolve-from-5.0.0.tgz#c35225843df8f776df21c57557bc087e9dfdfc69"
    integrity sha1-w1IlhD3493bfIcV1V7wIfp39/Gk=
  
  resolve-from@^4.0.0:
    version "4.0.0"
    resolved "http://172.16.0.199:8081/repository/npm-hosted/resolve-from/-/resolve-from-4.0.0.tgz#4abcd852ad32dd7baabfe9b40e00a36db5f392e6"
    integrity sha1-SrzYUq0y3Xuqv+m0DgCjbbXzkuY=
  
  resolve-global@1.0.0, resolve-global@^1.0.0:
    version "1.0.0"
    resolved "http://172.16.0.199:8081/repository/npm-hosted/resolve-global/-/resolve-global-1.0.0.tgz#a2a79df4af2ca3f49bf77ef9ddacd322dad19255"
    integrity sha1-oqed9K8so/Sb93753azTItrRklU=
    dependencies:
      global-dirs "^0.1.1"
  
  resolve.exports@^1.1.0:
    version "1.1.0"
    resolved "http://172.16.0.199:8081/repository/npm-hosted/resolve.exports/-/resolve.exports-1.1.0.tgz#5ce842b94b05146c0e03076985d1d0e7e48c90c9"
    integrity sha1-XOhCuUsFFGwOAwdphdHQ5+SMkMk=
  
  resolve@^1.10.0, resolve@^1.13.1, resolve@^1.14.2, resolve@^1.17.0, resolve@^1.19.0, resolve@^1.20.0, resolve@^1.22.1, resolve@^1.22.4:
    version "1.22.8"
    resolved "http://172.16.0.199:8081/repository/npm-hosted/resolve/-/resolve-1.22.8.tgz#b6c87a9f2aa06dfab52e3d70ac8cde321fa5a48d"
    integrity sha1-tsh6nyqgbfq1Lj1wrIzeMh+lpI0=
    dependencies:
      is-core-module "^2.13.0"
      path-parse "^1.0.7"
      supports-preserve-symlinks-flag "^1.0.0"
  
  resolve@^2.0.0-next.4:
    version "2.0.0-next.5"
    resolved "http://172.16.0.199:8081/repository/npm-hosted/resolve/-/resolve-2.0.0-next.5.tgz#6b0ec3107e671e52b68cd068ef327173b90dc03c"
    integrity sha1-aw7DEH5nHlK2jNBo7zJxc7kNwDw=
    dependencies:
      is-core-module "^2.13.0"
      path-parse "^1.0.7"
      supports-preserve-symlinks-flag "^1.0.0"
  
  resolve@~1.19.0:
    version "1.19.0"
    resolved "http://172.16.0.199:8081/repository/npm-hosted/resolve/-/resolve-1.19.0.tgz#1af5bf630409734a067cae29318aac7fa29a267c"
    integrity sha1-GvW/YwQJc0oGfK4pMYqsf6KaJnw=
    dependencies:
      is-core-module "^2.1.0"
      path-parse "^1.0.6"
  
  restore-cursor@^3.1.0:
    version "3.1.0"
    resolved "http://172.16.0.199:8081/repository/npm-hosted/restore-cursor/-/restore-cursor-3.1.0.tgz#39f67c54b3a7a58cea5236d95cf0034239631f7e"
    integrity sha1-OfZ8VLOnpYzqUjbZXPADQjljH34=
    dependencies:
      onetime "^5.1.0"
      signal-exit "^3.0.2"
  
  retry@^0.12.0:
    version "0.12.0"
    resolved "http://172.16.0.199:8081/repository/npm-hosted/retry/-/retry-0.12.0.tgz#1b42a6266a21f07421d1b0b54b7dc167b01c013b"
    integrity sha1-G0KmJmoh8HQh0bC1S33BZ7AcATs=
  
  retry@^0.13.1:
    version "0.13.1"
    resolved "http://172.16.0.199:8081/repository/npm-hosted/retry/-/retry-0.13.1.tgz#185b1587acf67919d63b357349e03537b2484658"
    integrity sha1-GFsVh6z2eRnWOzVzSeA1N7JIRlg=
  
  reusify@^1.0.4:
    version "1.0.4"
    resolved "http://172.16.0.199:8081/repository/npm-hosted/reusify/-/reusify-1.0.4.tgz#90da382b1e126efc02146e90845a88db12925d76"
    integrity sha1-kNo4Kx4SbvwCFG6QhFqI2xKSXXY=
  
  rfdc@^1.3.0:
    version "1.3.0"
    resolved "http://172.16.0.199:8081/repository/npm-hosted/rfdc/-/rfdc-1.3.0.tgz#d0b7c441ab2720d05dc4cf26e01c89631d9da08b"
    integrity sha1-0LfEQasnINBdxM8m4ByJYx2doIs=
  
  rimraf@^2.2.8, rimraf@^2.6.3:
    version "2.7.1"
    resolved "http://172.16.0.199:8081/repository/npm-hosted/rimraf/-/rimraf-2.7.1.tgz#35797f13a7fdadc566142c29d4f07ccad483e3ec"
    integrity sha1-NXl/E6f9rcVmFCwp1PB8ytSD4+w=
    dependencies:
      glob "^7.1.3"
  
  rimraf@^3.0.0, rimraf@^3.0.2:
    version "3.0.2"
    resolved "http://172.16.0.199:8081/repository/npm-hosted/rimraf/-/rimraf-3.0.2.tgz#f1a5402ba6220ad52cc1282bac1ae3aa49fd061a"
    integrity sha1-8aVAK6YiCtUswSgrrBrjqkn9Bho=
    dependencies:
      glob "^7.1.3"
  
  roarr@^2.15.3:
    version "2.15.4"
    resolved "http://172.16.0.199:8081/repository/npm-hosted/roarr/-/roarr-2.15.4.tgz#f5fe795b7b838ccfe35dc608e0282b9eba2e7afd"
    integrity sha1-9f55W3uDjM/jXcYI4Cgrnrouev0=
    dependencies:
      boolean "^3.0.1"
      detect-node "^2.0.4"
      globalthis "^1.0.1"
      json-stringify-safe "^5.0.1"
      semver-compare "^1.0.0"
      sprintf-js "^1.1.2"
  
  rollup-plugin-less@^1.1.3:
    version "1.1.3"
    resolved "http://172.16.0.199:8081/repository/npm-hosted/rollup-plugin-less/-/rollup-plugin-less-1.1.3.tgz#ae531a8b42c71a2e86fa7d4417cf607561d996c4"
    integrity sha1-rlMai0LHGi6G+n1EF89gdWHZlsQ=
    dependencies:
      babel-runtime "^6.26.0"
      fs-extra "^0.30.0"
      growl ">=1.10.0"
      less "^3.13.1"
      mkdirp "^0.5.1"
      rollup "^0.34.7"
      rollup-pluginutils "^1.5.1"
  
  rollup-plugin-terser@~7.0.0:
    version "7.0.2"
    resolved "http://172.16.0.199:8081/repository/npm-hosted/rollup-plugin-terser/-/rollup-plugin-terser-7.0.2.tgz#e8fbba4869981b2dc35ae7e8a502d5c6c04d324d"
    integrity sha1-6Pu6SGmYGy3DWufopQLVxsBNMk0=
    dependencies:
      "@babel/code-frame" "^7.10.4"
      jest-worker "^26.2.1"
      serialize-javascript "^4.0.0"
      terser "^5.0.0"
  
  rollup-pluginutils@^1.5.1:
    version "1.5.2"
    resolved "http://172.16.0.199:8081/repository/npm-hosted/rollup-pluginutils/-/rollup-pluginutils-1.5.2.tgz#1e156e778f94b7255bfa1b3d0178be8f5c552408"
    integrity sha1-HhVud4+UtyVb+hs9AXi+j1xVJAg=
    dependencies:
      estree-walker "^0.2.1"
      minimatch "^3.0.2"
  
  rollup@^0.34.7, rollup@~2.45.0:
    version "2.45.2"
    resolved "http://172.16.0.199:8081/repository/npm-hosted/rollup/-/rollup-2.45.2.tgz#8fb85917c9f35605720e92328f3ccbfba6f78b48"
    integrity sha1-j7hZF8nzVgVyDpIyjzzL+6b3i0g=
    optionalDependencies:
      fsevents "~2.3.1"
  
  run-async@^2.4.0:
    version "2.4.1"
    resolved "http://172.16.0.199:8081/repository/npm-hosted/run-async/-/run-async-2.4.1.tgz#8440eccf99ea3e70bd409d49aab88e10c189a455"
    integrity sha1-hEDsz5nqPnC9QJ1JqriOEMGJpFU=
  
  run-parallel@^1.1.9:
    version "1.2.0"
    resolved "http://172.16.0.199:8081/repository/npm-hosted/run-parallel/-/run-parallel-1.2.0.tgz#66d1368da7bdf921eb9d95bd1a9229e7f21a43ee"
    integrity sha1-ZtE2jae9+SHrnZW9GpIp5/IaQ+4=
    dependencies:
      queue-microtask "^1.2.2"
  
  rxjs@^6.6.0:
    version "6.6.7"
    resolved "http://172.16.0.199:8081/repository/npm-hosted/rxjs/-/rxjs-6.6.7.tgz#90ac018acabf491bf65044235d5863c4dab804c9"
    integrity sha1-kKwBisq/SRv2UEQjXVhjxNq4BMk=
    dependencies:
      tslib "^1.9.0"
  
  rxjs@^7.5.1, rxjs@^7.5.5:
    version "7.8.0"
    resolved "http://172.16.0.199:8081/repository/npm-hosted/rxjs/-/rxjs-7.8.0.tgz#90a938862a82888ff4c7359811a595e14e1e09a4"
    integrity sha1-kKk4hiqCiI/0xzWYEaWV4U4eCaQ=
    dependencies:
      tslib "^2.1.0"
  
  safe-array-concat@^1.0.1:
    version "1.0.1"
    resolved "http://172.16.0.199:8081/repository/npm-hosted/safe-array-concat/-/safe-array-concat-1.0.1.tgz#91686a63ce3adbea14d61b14c99572a8ff84754c"
    integrity sha1-kWhqY8462+oU1hsUyZVyqP+EdUw=
    dependencies:
      call-bind "^1.0.2"
      get-intrinsic "^1.2.1"
      has-symbols "^1.0.3"
      isarray "^2.0.5"
  
  safe-buffer@5.1.2, safe-buffer@>=5.1.0, safe-buffer@^5.0.1, safe-buffer@^5.1.0, safe-buffer@^5.1.2, safe-buffer@~5.1.0, safe-buffer@~5.1.1:
    version "5.1.2"
    resolved "http://172.16.0.199:8081/repository/npm-hosted/safe-buffer/-/safe-buffer-5.1.2.tgz#991ec69d296e0313747d59bdfd2b745c35f8828d"
    integrity sha1-mR7GnSluAxN0fVm9/St0XDX4go0=
  
  safe-buffer@5.2.1, safe-buffer@^5.2.1:
    version "5.2.1"
    resolved "http://172.16.0.199:8081/repository/npm-hosted/safe-buffer/-/safe-buffer-5.2.1.tgz#1eaf9fa9bdb1fdd4ec75f58f9cdb4e6b7827eec6"
    integrity sha1-Hq+fqb2x/dTsdfWPnNtOa3gn7sY=
  
  safe-regex-test@^1.0.0:
    version "1.0.0"
    resolved "http://172.16.0.199:8081/repository/npm-hosted/safe-regex-test/-/safe-regex-test-1.0.0.tgz#793b874d524eb3640d1873aad03596db2d4f2295"
    integrity sha1-eTuHTVJOs2QNGHOq0DWW2y1PIpU=
    dependencies:
      call-bind "^1.0.2"
      get-intrinsic "^1.1.3"
      is-regex "^1.1.4"
  
  "safer-buffer@>= 2.1.2 < 3", "safer-buffer@>= 2.1.2 < 3.0.0", safer-buffer@^2.0.2, safer-buffer@^2.1.0, safer-buffer@~2.1.0:
    version "2.1.2"
    resolved "http://172.16.0.199:8081/repository/npm-hosted/safer-buffer/-/safer-buffer-2.1.2.tgz#44fa161b0187b9549dd84bb91802f9bd8385cd6a"
    integrity sha1-RPoWGwGHuVSd2Eu5GAL5vYOFzWo=
  
  saxes@^5.0.1:
    version "5.0.1"
    resolved "http://172.16.0.199:8081/repository/npm-hosted/saxes/-/saxes-5.0.1.tgz#eebab953fa3b7608dbe94e5dadb15c888fa6696d"
    integrity sha1-7rq5U/o7dgjb6U5drbFciI+maW0=
    dependencies:
      xmlchars "^2.2.0"
  
  scheduler@^0.23.0:
    version "0.23.0"
    resolved "http://172.16.0.199:8081/repository/npm-hosted/scheduler/-/scheduler-0.23.0.tgz#ba8041afc3d30eb206a487b6b384002e4e61fdfe"
    integrity sha1-uoBBr8PTDrIGpIe2s4QALk5h/f4=
    dependencies:
      loose-envify "^1.1.0"
  
  schema-utils@^2.6.5:
    version "2.7.1"
    resolved "http://172.16.0.199:8081/repository/npm-hosted/schema-utils/-/schema-utils-2.7.1.tgz#1ca4f32d1b24c590c203b8e7a50bf0ea4cd394d7"
    integrity sha1-HKTzLRskxZDCA7jnpQvw6kzTlNc=
    dependencies:
      "@types/json-schema" "^7.0.5"
      ajv "^6.12.4"
      ajv-keywords "^3.5.2"
  
  schema-utils@^3.0.0, schema-utils@^3.1.0, schema-utils@^3.1.1:
    version "3.3.0"
    resolved "http://172.16.0.199:8081/repository/npm-hosted/schema-utils/-/schema-utils-3.3.0.tgz#f50a88877c3c01652a15b622ae9e9795df7a60fe"
    integrity sha1-9QqIh3w8AWUqFbYirp6Xld96YP4=
    dependencies:
      "@types/json-schema" "^7.0.8"
      ajv "^6.12.5"
      ajv-keywords "^3.5.2"
  
  schema-utils@^4.0.0:
    version "4.2.0"
    resolved "http://172.16.0.199:8081/repository/npm-hosted/schema-utils/-/schema-utils-4.2.0.tgz#70d7c93e153a273a805801882ebd3bff20d89c8b"
    integrity sha1-cNfJPhU6JzqAWAGILr07/yDYnIs=
    dependencies:
      "@types/json-schema" "^7.0.9"
      ajv "^8.9.0"
      ajv-formats "^2.1.1"
      ajv-keywords "^5.1.0"
  
  scroll-into-view-if-needed@^3.1.0:
    version "3.1.0"
    resolved "http://172.16.0.199:8081/repository/npm-hosted/scroll-into-view-if-needed/-/scroll-into-view-if-needed-3.1.0.tgz#fa9524518c799b45a2ef6bbffb92bcad0296d01f"
    integrity sha1-+pUkUYx5m0Wi72u/+5K8rQKW0B8=
    dependencies:
      compute-scroll-into-view "^3.0.2"
  
  select-hose@^2.0.0:
    version "2.0.0"
    resolved "http://172.16.0.199:8081/repository/npm-hosted/select-hose/-/select-hose-2.0.0.tgz#625d8658f865af43ec962bfc376a37359a4994ca"
    integrity sha1-Yl2GWPhlr0Psliv8N2o3NZpJlMo=
  
  selfsigned@^2.0.1:
    version "2.1.1"
    resolved "http://172.16.0.199:8081/repository/npm-hosted/selfsigned/-/selfsigned-2.1.1.tgz#18a7613d714c0cd3385c48af0075abf3f266af61"
    integrity sha1-GKdhPXFMDNM4XEivAHWr8/Jmr2E=
    dependencies:
      node-forge "^1"
  
  semver-compare@^1.0.0:
    version "1.0.0"
    resolved "http://172.16.0.199:8081/repository/npm-hosted/semver-compare/-/semver-compare-1.0.0.tgz#0dee216a1c941ab37e9efb1788f6afc5ff5537fc"
    integrity sha1-De4hahyUGrN+nvsXiPavxf9VN/w=
  
  semver-regex@^3.1.2:
    version "3.1.4"
    resolved "http://172.16.0.199:8081/repository/npm-hosted/semver-regex/-/semver-regex-3.1.4.tgz#13053c0d4aa11d070a2f2872b6b1e3ae1e1971b4"
    integrity sha1-EwU8DUqhHQcKLyhytrHjrh4ZcbQ=
  
  "semver@2 || 3 || 4 || 5", semver@^5.5.0, semver@^5.6.0, semver@^5.7.1:
    version "5.7.1"
    resolved "http://172.16.0.199:8081/repository/npm-hosted/semver/-/semver-5.7.1.tgz#a954f931aeba508d307bbf069eff0c01c96116f7"
    integrity sha1-qVT5Ma66UI0we78Gnv8MAclhFvc=
  
  semver@7.3.5:
    version "7.3.5"
    resolved "http://172.16.0.199:8081/repository/npm-hosted/semver/-/semver-7.3.5.tgz#0b621c879348d8998e4b0e4be94b3f12e6018ef7"
    integrity sha1-C2Ich5NI2JmOSw5L6Us/EuYBjvc=
    dependencies:
      lru-cache "^6.0.0"
  
  semver@^6.0.0, semver@^6.1.1, semver@^6.1.2, semver@^6.3.0, semver@^6.3.1:
    version "6.3.1"
    resolved "http://172.16.0.199:8081/repository/npm-hosted/semver/-/semver-6.3.1.tgz#556d2ef8689146e46dcea4bfdd095f3434dffcb4"
    integrity sha1-VW0u+GiRRuRtzqS/3QlfNDTf/LQ=
  
  semver@^7.0.0, semver@^7.1.1, semver@^7.1.3, semver@^7.3.2, semver@^7.3.4, semver@^7.3.5, semver@^7.3.7, semver@^7.3.8:
    version "7.5.4"
    resolved "http://172.16.0.199:8081/repository/npm-hosted/semver/-/semver-7.5.4.tgz#483986ec4ed38e1c6c48c34894a9182dbff68a6e"
    integrity sha1-SDmG7E7TjhxsSMNIlKkYLb/2im4=
    dependencies:
      lru-cache "^6.0.0"
  
  semver@~7.0.0:
    version "7.0.0"
    resolved "http://172.16.0.199:8081/repository/npm-hosted/semver/-/semver-7.0.0.tgz#5f3ca35761e47e05b206c6daff2cf814f0316b8e"
    integrity sha1-XzyjV2HkfgWyBsba/yz4FPAxa44=
  
  send@0.18.0:
    version "0.18.0"
    resolved "http://172.16.0.199:8081/repository/npm-hosted/send/-/send-0.18.0.tgz#670167cc654b05f5aa4a767f9113bb371bc706be"
    integrity sha1-ZwFnzGVLBfWqSnZ/kRO7NxvHBr4=
    dependencies:
      debug "2.6.9"
      depd "2.0.0"
      destroy "1.2.0"
      encodeurl "~1.0.2"
      escape-html "~1.0.3"
      etag "~1.8.1"
      fresh "0.5.2"
      http-errors "2.0.0"
      mime "1.6.0"
      ms "2.1.3"
      on-finished "2.4.1"
      range-parser "~1.2.1"
      statuses "2.0.1"
  
  serialize-error@^7.0.1:
    version "7.0.1"
    resolved "http://172.16.0.199:8081/repository/npm-hosted/serialize-error/-/serialize-error-7.0.1.tgz#f1360b0447f61ffb483ec4157c737fab7d778e18"
    integrity sha1-8TYLBEf2H/tIPsQVfHN/q313jhg=
    dependencies:
      type-fest "^0.13.1"
  
  serialize-javascript@^4.0.0:
    version "4.0.0"
    resolved "http://172.16.0.199:8081/repository/npm-hosted/serialize-javascript/-/serialize-javascript-4.0.0.tgz#b525e1238489a5ecfc42afacc3fe99e666f4b1aa"
    integrity sha1-tSXhI4SJpez8Qq+sw/6Z5mb0sao=
    dependencies:
      randombytes "^2.1.0"
  
  serialize-javascript@^6.0.0:
    version "6.0.0"
    resolved "http://172.16.0.199:8081/repository/npm-hosted/serialize-javascript/-/serialize-javascript-6.0.0.tgz#efae5d88f45d7924141da8b5c3a7a7e663fefeb8"
    integrity sha1-765diPRdeSQUHai1w6en5mP+/rg=
    dependencies:
      randombytes "^2.1.0"
  
  serve-index@^1.9.1:
    version "1.9.1"
    resolved "http://172.16.0.199:8081/repository/npm-hosted/serve-index/-/serve-index-1.9.1.tgz#d3768d69b1e7d82e5ce050fff5b453bea12a9239"
    integrity sha1-03aNabHn2C5c4FD/9bRTvqEqkjk=
    dependencies:
      accepts "~1.3.4"
      batch "0.6.1"
      debug "2.6.9"
      escape-html "~1.0.3"
      http-errors "~1.6.2"
      mime-types "~2.1.17"
      parseurl "~1.3.2"
  
  serve-static@1.15.0:
    version "1.15.0"
    resolved "http://172.16.0.199:8081/repository/npm-hosted/serve-static/-/serve-static-1.15.0.tgz#faaef08cffe0a1a62f60cad0c4e513cff0ac9540"
    integrity sha1-+q7wjP/goaYvYMrQxOUTz/CslUA=
    dependencies:
      encodeurl "~1.0.2"
      escape-html "~1.0.3"
      parseurl "~1.3.3"
      send "0.18.0"
  
  set-blocking@~2.0.0:
    version "2.0.0"
    resolved "http://172.16.0.199:8081/repository/npm-hosted/set-blocking/-/set-blocking-2.0.0.tgz#045f9782d011ae9a6803ddd382b24392b3d890f7"
    integrity sha1-BF+XgtARrppoA93TgrJDkrPYkPc=
  
  set-function-length@^1.1.1:
    version "1.1.1"
    resolved "http://172.16.0.199:8081/repository/npm-hosted/set-function-length/-/set-function-length-1.1.1.tgz#4bc39fafb0307224a33e106a7d35ca1218d659ed"
    integrity sha1-S8Ofr7AwciSjPhBqfTXKEhjWWe0=
    dependencies:
      define-data-property "^1.1.1"
      get-intrinsic "^1.2.1"
      gopd "^1.0.1"
      has-property-descriptors "^1.0.0"
  
  set-function-name@^2.0.0:
    version "2.0.1"
    resolved "http://172.16.0.199:8081/repository/npm-hosted/set-function-name/-/set-function-name-2.0.1.tgz#12ce38b7954310b9f61faa12701620a0c882793a"
    integrity sha1-Es44t5VDELn2H6oScBYgoMiCeTo=
    dependencies:
      define-data-property "^1.0.1"
      functions-have-names "^1.2.3"
      has-property-descriptors "^1.0.0"
  
  setprototypeof@1.1.0:
    version "1.1.0"
    resolved "http://172.16.0.199:8081/repository/npm-hosted/setprototypeof/-/setprototypeof-1.1.0.tgz#d0bd85536887b6fe7c0d818cb962d9d91c54e656"
    integrity sha1-0L2FU2iHtv58DYGMuWLZ2RxU5lY=
  
  setprototypeof@1.2.0:
    version "1.2.0"
    resolved "http://172.16.0.199:8081/repository/npm-hosted/setprototypeof/-/setprototypeof-1.2.0.tgz#66c9a24a73f9fc28cbe66b09fed3d33dcaf1b424"
    integrity sha1-ZsmiSnP5/CjL5msJ/tPTPcrxtCQ=
  
  shallow-clone@^3.0.0:
    version "3.0.1"
    resolved "http://172.16.0.199:8081/repository/npm-hosted/shallow-clone/-/shallow-clone-3.0.1.tgz#8f2981ad92531f55035b01fb230769a40e02efa3"
    integrity sha1-jymBrZJTH1UDWwH7IwdppA4C76M=
    dependencies:
      kind-of "^6.0.2"
  
  shebang-command@^1.2.0:
    version "1.2.0"
    resolved "http://172.16.0.199:8081/repository/npm-hosted/shebang-command/-/shebang-command-1.2.0.tgz#44aac65b695b03398968c39f363fee5deafdf1ea"
    integrity sha1-RKrGW2lbAzmJaMOfNj/uXer98eo=
    dependencies:
      shebang-regex "^1.0.0"
  
  shebang-command@^2.0.0:
    version "2.0.0"
    resolved "http://172.16.0.199:8081/repository/npm-hosted/shebang-command/-/shebang-command-2.0.0.tgz#ccd0af4f8835fbdc265b82461aaf0c36663f34ea"
    integrity sha1-zNCvT4g1+9wmW4JGGq8MNmY/NOo=
    dependencies:
      shebang-regex "^3.0.0"
  
  shebang-regex@^1.0.0:
    version "1.0.0"
    resolved "http://172.16.0.199:8081/repository/npm-hosted/shebang-regex/-/shebang-regex-1.0.0.tgz#da42f49740c0b42db2ca9728571cb190c98efea3"
    integrity sha1-2kL0l0DAtC2yypcoVxyxkMmO/qM=
  
  shebang-regex@^3.0.0:
    version "3.0.0"
    resolved "http://172.16.0.199:8081/repository/npm-hosted/shebang-regex/-/shebang-regex-3.0.0.tgz#ae16f1644d873ecad843b0307b143362d4c42172"
    integrity sha1-rhbxZE2HPsrYQ7AwexQzYtTEIXI=
  
  shell-quote@^1.6.1:
    version "1.8.0"
    resolved "http://172.16.0.199:8081/repository/npm-hosted/shell-quote/-/shell-quote-1.8.0.tgz#20d078d0eaf71d54f43bd2ba14a1b5b9bfa5c8ba"
    integrity sha1-INB40Or3HVT0O9K6FKG1ub+lyLo=
  
  shell-quote@^1.8.1:
    version "1.8.1"
    resolved "http://172.16.0.199:8081/repository/npm-hosted/shell-quote/-/shell-quote-1.8.1.tgz#6dbf4db75515ad5bac63b4f1894c3a154c766680"
    integrity sha1-bb9Nt1UVrVusY7TxiUw6FUx2ZoA=
  
  side-channel@^1.0.4:
    version "1.0.4"
    resolved "http://172.16.0.199:8081/repository/npm-hosted/side-channel/-/side-channel-1.0.4.tgz#efce5c8fdc104ee751b25c58d4290011fa5ea2cf"
    integrity sha1-785cj9wQTudRslxY1CkAEfpeos8=
    dependencies:
      call-bind "^1.0.0"
      get-intrinsic "^1.0.2"
      object-inspect "^1.9.0"
  
  signal-exit@^3.0.0, signal-exit@^3.0.2, signal-exit@^3.0.3, signal-exit@^3.0.7:
    version "3.0.7"
    resolved "http://172.16.0.199:8081/repository/npm-hosted/signal-exit/-/signal-exit-3.0.7.tgz#a9a1767f8af84155114eaabd73f99273c8f59ad9"
    integrity sha1-qaF2f4r4QVURTqq9c/mSc8j1mtk=
  
  simple-update-notifier@^1.0.7:
    version "1.1.0"
    resolved "http://172.16.0.199:8081/repository/npm-hosted/simple-update-notifier/-/simple-update-notifier-1.1.0.tgz#67694c121de354af592b347cdba798463ed49c82"
    integrity sha1-Z2lMEh3jVK9ZKzR826eYRj7UnII=
    dependencies:
      semver "~7.0.0"
  
  sirv@^1.0.7:
    version "1.0.19"
    resolved "http://172.16.0.199:8081/repository/npm-hosted/sirv/-/sirv-1.0.19.tgz#1d73979b38c7fe91fcba49c85280daa9c2363b49"
    integrity sha1-HXOXmzjH/pH8uknIUoDaqcI2O0k=
    dependencies:
      "@polka/url" "^1.0.0-next.20"
      mrmime "^1.0.0"
      totalist "^1.0.0"
  
  sisteransi@^1.0.5:
    version "1.0.5"
    resolved "http://172.16.0.199:8081/repository/npm-hosted/sisteransi/-/sisteransi-1.0.5.tgz#134d681297756437cc05ca01370d3a7a571075ed"
    integrity sha1-E01oEpd1ZDfMBcoBNw06elcQde0=
  
  slash@^2.0.0:
    version "2.0.0"
    resolved "http://172.16.0.199:8081/repository/npm-hosted/slash/-/slash-2.0.0.tgz#de552851a1759df3a8f206535442f5ec4ddeab44"
    integrity sha1-3lUoUaF1nfOo8gZTVEL17E3eq0Q=
  
  slash@^3.0.0:
    version "3.0.0"
    resolved "http://172.16.0.199:8081/repository/npm-hosted/slash/-/slash-3.0.0.tgz#6539be870c165adbd5240220dbe361f1bc4d4634"
    integrity sha1-ZTm+hwwWWtvVJAIg2+Nh8bxNRjQ=
  
  slice-ansi@^3.0.0:
    version "3.0.0"
    resolved "http://172.16.0.199:8081/repository/npm-hosted/slice-ansi/-/slice-ansi-3.0.0.tgz#31ddc10930a1b7e0b67b08c96c2f49b77a789787"
    integrity sha1-Md3BCTCht+C2ewjJbC9Jt3p4l4c=
    dependencies:
      ansi-styles "^4.0.0"
      astral-regex "^2.0.0"
      is-fullwidth-code-point "^3.0.0"
  
  slice-ansi@^4.0.0:
    version "4.0.0"
    resolved "http://172.16.0.199:8081/repository/npm-hosted/slice-ansi/-/slice-ansi-4.0.0.tgz#500e8dd0fd55b05815086255b3195adf2a45fe6b"
    integrity sha1-UA6N0P1VsFgVCGJVsxla3ypF/ms=
    dependencies:
      ansi-styles "^4.0.0"
      astral-regex "^2.0.0"
      is-fullwidth-code-point "^3.0.0"
  
  slide@^1.1.6:
    version "1.1.6"
    resolved "http://172.16.0.199:8081/repository/npm-hosted/slide/-/slide-1.1.6.tgz#56eb027d65b4d2dce6cb2e2d32c4d4afc9e1d707"
    integrity sha1-VusCfWW00tzmyy4tMsTUr8nh1wc=
  
  smart-buffer@^4.2.0:
    version "4.2.0"
    resolved "http://172.16.0.199:8081/repository/npm-hosted/smart-buffer/-/smart-buffer-4.2.0.tgz#6e1d71fa4f18c05f7d0ff216dd16a481d0e8d9ae"
    integrity sha1-bh1x+k8YwF99D/IW3RakgdDo2a4=
  
  sockjs@^0.3.24:
    version "0.3.24"
    resolved "http://172.16.0.199:8081/repository/npm-hosted/sockjs/-/sockjs-0.3.24.tgz#c9bc8995f33a111bea0395ec30aa3206bdb5ccce"
    integrity sha1-ybyJlfM6ERvqA5XsMKoyBr21zM4=
    dependencies:
      faye-websocket "^0.11.3"
      uuid "^8.3.2"
      websocket-driver "^0.7.4"
  
  socks-proxy-agent@^5.0.0:
    version "5.0.1"
    resolved "http://172.16.0.199:8081/repository/npm-hosted/socks-proxy-agent/-/socks-proxy-agent-5.0.1.tgz#032fb583048a29ebffec2e6a73fca0761f48177e"
    integrity sha1-Ay+1gwSKKev/7C5qc/ygdh9IF34=
    dependencies:
      agent-base "^6.0.2"
      debug "4"
      socks "^2.3.3"
  
  socks-proxy-agent@^6.0.0:
    version "6.2.1"
    resolved "http://172.16.0.199:8081/repository/npm-hosted/socks-proxy-agent/-/socks-proxy-agent-6.2.1.tgz#2687a31f9d7185e38d530bef1944fe1f1496d6ce"
    integrity sha1-JoejH51xheONUwvvGUT+HxSW1s4=
    dependencies:
      agent-base "^6.0.2"
      debug "^4.3.3"
      socks "^2.6.2"
  
  socks@^2.3.3, socks@^2.6.2:
    version "2.7.1"
    resolved "http://172.16.0.199:8081/repository/npm-hosted/socks/-/socks-2.7.1.tgz#d8e651247178fde79c0663043e07240196857d55"
    integrity sha1-2OZRJHF4/eecBmMEPgckAZaFfVU=
    dependencies:
      ip "^2.0.0"
      smart-buffer "^4.2.0"
  
  sort-keys@^2.0.0:
    version "2.0.0"
    resolved "http://172.16.0.199:8081/repository/npm-hosted/sort-keys/-/sort-keys-2.0.0.tgz#658535584861ec97d730d6cf41822e1f56684128"
    integrity sha1-ZYU1WEhh7JfXMNbPQYIuH1ZoQSg=
    dependencies:
      is-plain-obj "^1.0.0"
  
  sort-keys@^4.0.0:
    version "4.2.0"
    resolved "http://172.16.0.199:8081/repository/npm-hosted/sort-keys/-/sort-keys-4.2.0.tgz#6b7638cee42c506fff8c1cecde7376d21315be18"
    integrity sha1-a3Y4zuQsUG//jBzs3nN20hMVvhg=
    dependencies:
      is-plain-obj "^2.0.0"
  
  source-map-js@^1.0.1, source-map-js@^1.0.2:
    version "1.0.2"
    resolved "http://172.16.0.199:8081/repository/npm-hosted/source-map-js/-/source-map-js-1.0.2.tgz#adbc361d9c62df380125e7f161f71c826f1e490c"
    integrity sha1-rbw2HZxi3zgBJefxYfccgm8eSQw=
  
  source-map-loader@^3.0.0:
    version "3.0.2"
    resolved "http://172.16.0.199:8081/repository/npm-hosted/source-map-loader/-/source-map-loader-3.0.2.tgz#af23192f9b344daa729f6772933194cc5fa54fee"
    integrity sha1-ryMZL5s0Tapyn2dykzGUzF+lT+4=
    dependencies:
      abab "^2.0.5"
      iconv-lite "^0.6.3"
      source-map-js "^1.0.1"
  
  source-map-support@^0.5.6, source-map-support@~0.5.20:
    version "0.5.21"
    resolved "http://172.16.0.199:8081/repository/npm-hosted/source-map-support/-/source-map-support-0.5.21.tgz#04fe7c7f9e1ed2d662233c28cb2b35b9f63f6e4f"
    integrity sha1-BP58f54e0tZiIzwoyys1ufY/bk8=
    dependencies:
      buffer-from "^1.0.0"
      source-map "^0.6.0"
  
  source-map@^0.5.0:
    version "0.5.7"
    resolved "http://172.16.0.199:8081/repository/npm-hosted/source-map/-/source-map-0.5.7.tgz#8a039d2d1021d22d1ea14c80d8ea468ba2ef3fcc"
    integrity sha1-igOdLRAh0i0eoUyA2OpGi6LvP8w=
  
  source-map@^0.6.0, source-map@^0.6.1, source-map@~0.6.0, source-map@~0.6.1:
    version "0.6.1"
    resolved "http://172.16.0.199:8081/repository/npm-hosted/source-map/-/source-map-0.6.1.tgz#74722af32e9614e9c287a8d0bbde48b5e2f1a263"
    integrity sha1-dHIq8y6WFOnCh6jQu95IteLxomM=
  
  source-map@^0.7.3:
    version "0.7.4"
    resolved "http://172.16.0.199:8081/repository/npm-hosted/source-map/-/source-map-0.7.4.tgz#a9bbe705c9d8846f4e08ff6765acf0f1b0898656"
    integrity sha1-qbvnBcnYhG9OCP9nZazw8bCJhlY=
  
  sourcemap-codec@^1.4.8:
    version "1.4.8"
    resolved "http://172.16.0.199:8081/repository/npm-hosted/sourcemap-codec/-/sourcemap-codec-1.4.8.tgz#ea804bd94857402e6992d05a38ef1ae35a9ab4c4"
    integrity sha1-6oBL2UhXQC5pktBaOO8a41qatMQ=
  
  spdx-correct@^3.0.0:
    version "3.1.1"
    resolved "http://172.16.0.199:8081/repository/npm-hosted/spdx-correct/-/spdx-correct-3.1.1.tgz#dece81ac9c1e6713e5f7d1b6f17d468fa53d89a9"
    integrity sha1-3s6BrJweZxPl99G28X1Gj6U9iak=
    dependencies:
      spdx-expression-parse "^3.0.0"
      spdx-license-ids "^3.0.0"
  
  spdx-exceptions@^2.1.0:
    version "2.3.0"
    resolved "http://172.16.0.199:8081/repository/npm-hosted/spdx-exceptions/-/spdx-exceptions-2.3.0.tgz#3f28ce1a77a00372683eade4a433183527a2163d"
    integrity sha1-PyjOGnegA3JoPq3kpDMYNSeiFj0=
  
  spdx-expression-parse@^3.0.0:
    version "3.0.1"
    resolved "http://172.16.0.199:8081/repository/npm-hosted/spdx-expression-parse/-/spdx-expression-parse-3.0.1.tgz#cf70f50482eefdc98e3ce0a6833e4a53ceeba679"
    integrity sha1-z3D1BILu/cmOPOCmgz5KU87rpnk=
    dependencies:
      spdx-exceptions "^2.1.0"
      spdx-license-ids "^3.0.0"
  
  spdx-license-ids@^3.0.0:
    version "3.0.12"
    resolved "http://172.16.0.199:8081/repository/npm-hosted/spdx-license-ids/-/spdx-license-ids-3.0.12.tgz#69077835abe2710b65f03969898b6637b505a779"
    integrity sha1-aQd4NavicQtl8DlpiYtmN7UFp3k=
  
  spdy-transport@^3.0.0:
    version "3.0.0"
    resolved "http://172.16.0.199:8081/repository/npm-hosted/spdy-transport/-/spdy-transport-3.0.0.tgz#00d4863a6400ad75df93361a1608605e5dcdcf31"
    integrity sha1-ANSGOmQArXXfkzYaFghgXl3NzzE=
    dependencies:
      debug "^4.1.0"
      detect-node "^2.0.4"
      hpack.js "^2.1.6"
      obuf "^1.1.2"
      readable-stream "^3.0.6"
      wbuf "^1.7.3"
  
  spdy@^4.0.2:
    version "4.0.2"
    resolved "http://172.16.0.199:8081/repository/npm-hosted/spdy/-/spdy-4.0.2.tgz#b74f466203a3eda452c02492b91fb9e84a27677b"
    integrity sha1-t09GYgOj7aRSwCSSuR+56EonZ3s=
    dependencies:
      debug "^4.1.0"
      handle-thing "^2.0.0"
      http-deceiver "^1.2.7"
      select-hose "^2.0.0"
      spdy-transport "^3.0.0"
  
  split-on-first@^1.0.0:
    version "1.1.0"
    resolved "http://172.16.0.199:8081/repository/npm-hosted/split-on-first/-/split-on-first-1.1.0.tgz#f610afeee3b12bce1d0c30425e76398b78249a5f"
    integrity sha1-9hCv7uOxK84dDDBCXnY5i3gkml8=
  
  split2@^3.0.0:
    version "3.2.2"
    resolved "http://172.16.0.199:8081/repository/npm-hosted/split2/-/split2-3.2.2.tgz#bf2cf2a37d838312c249c89206fd7a17dd12365f"
    integrity sha1-vyzyo32DgxLCSciSBv16F90SNl8=
    dependencies:
      readable-stream "^3.0.0"
  
  split@^1.0.0:
    version "1.0.1"
    resolved "http://172.16.0.199:8081/repository/npm-hosted/split/-/split-1.0.1.tgz#605bd9be303aa59fb35f9229fbea0ddec9ea07d9"
    integrity sha1-YFvZvjA6pZ+zX5Ip++oN3snqB9k=
    dependencies:
      through "2"
  
  sprintf-js@^1.1.2:
    version "1.1.3"
    resolved "http://172.16.0.199:8081/repository/npm-hosted/sprintf-js/-/sprintf-js-1.1.3.tgz#4914b903a2f8b685d17fdf78a70e917e872e444a"
    integrity sha1-SRS5A6L4toXRf994pw6RfocuREo=
  
  sprintf-js@~1.0.2:
    version "1.0.3"
    resolved "http://172.16.0.199:8081/repository/npm-hosted/sprintf-js/-/sprintf-js-1.0.3.tgz#04e6926f662895354f3dd015203633b857297e2c"
    integrity sha1-BOaSb2YolTVPPdAVIDYzuFcpfiw=
  
  sshpk@^1.7.0:
    version "1.18.0"
    resolved "http://172.16.0.199:8081/repository/npm-hosted/sshpk/-/sshpk-1.18.0.tgz#1663e55cddf4d688b86a46b77f0d5fe363aba028"
    integrity sha1-FmPlXN301oi4aka3fw1f42OroCg=
    dependencies:
      asn1 "~0.2.3"
      assert-plus "^1.0.0"
      bcrypt-pbkdf "^1.0.0"
      dashdash "^1.12.0"
      ecc-jsbn "~0.1.1"
      getpass "^0.1.1"
      jsbn "~0.1.0"
      safer-buffer "^2.0.2"
      tweetnacl "~0.14.0"
  
  ssri@^8.0.0, ssri@^8.0.1:
    version "8.0.1"
    resolved "http://172.16.0.199:8081/repository/npm-hosted/ssri/-/ssri-8.0.1.tgz#638e4e439e2ffbd2cd289776d5ca457c4f51a2af"
    integrity sha1-Y45OQ54v+9LNKJd21cpFfE9Roq8=
    dependencies:
      minipass "^3.1.1"
  
  stable@^0.1.8:
    version "0.1.8"
    resolved "http://172.16.0.199:8081/repository/npm-hosted/stable/-/stable-0.1.8.tgz#836eb3c8382fe2936feaf544631017ce7d47a3cf"
    integrity sha1-g26zyDgv4pNv6vVEYxAXzn1Ho88=
  
  stack-utils@^2.0.3:
    version "2.0.5"
    resolved "http://172.16.0.199:8081/repository/npm-hosted/stack-utils/-/stack-utils-2.0.5.tgz#d25265fca995154659dbbfba3b49254778d2fdd5"
    integrity sha1-0lJl/KmVFUZZ27+6O0klR3jS/dU=
    dependencies:
      escape-string-regexp "^2.0.0"
  
  stackframe@^1.3.4:
    version "1.3.4"
    resolved "http://172.16.0.199:8081/repository/npm-hosted/stackframe/-/stackframe-1.3.4.tgz#b881a004c8c149a5e8efef37d51b16e412943310"
    integrity sha1-uIGgBMjBSaXo7+831RsW5BKUMxA=
  
  state-local@^1.0.6:
    version "1.0.7"
    resolved "http://172.16.0.199:8081/repository/npm-hosted/state-local/-/state-local-1.0.7.tgz#da50211d07f05748d53009bee46307a37db386d5"
    integrity sha1-2lAhHQfwV0jVMAm+5GMHo32zhtU=
  
  statuses@2.0.1:
    version "2.0.1"
    resolved "http://172.16.0.199:8081/repository/npm-hosted/statuses/-/statuses-2.0.1.tgz#55cb000ccf1d48728bd23c685a063998cf1a1b63"
    integrity sha1-VcsADM8dSHKL0jxoWgY5mM8aG2M=
  
  "statuses@>= 1.4.0 < 2":
    version "1.5.0"
    resolved "http://172.16.0.199:8081/repository/npm-hosted/statuses/-/statuses-1.5.0.tgz#161c7dac177659fd9811f43771fa99381478628c"
    integrity sha1-Fhx9rBd2Wf2YEfQ3cfqZOBR4Yow=
  
  strict-uri-encode@^2.0.0:
    version "2.0.0"
    resolved "http://172.16.0.199:8081/repository/npm-hosted/strict-uri-encode/-/strict-uri-encode-2.0.0.tgz#b9c7330c7042862f6b142dc274bbcc5866ce3546"
    integrity sha1-ucczDHBChi9rFC3CdLvMWGbONUY=
  
  string-argv@0.3.1:
    version "0.3.1"
    resolved "http://172.16.0.199:8081/repository/npm-hosted/string-argv/-/string-argv-0.3.1.tgz#95e2fbec0427ae19184935f816d74aaa4c5c19da"
    integrity sha1-leL77AQnrhkYSTX4FtdKqkxcGdo=
  
  string-convert@^0.2.0:
    version "0.2.1"
    resolved "http://172.16.0.199:8081/repository/npm-hosted/string-convert/-/string-convert-0.2.1.tgz#6982cc3049fbb4cd85f8b24568b9d9bf39eeff97"
    integrity sha1-aYLMMEn7tM2F+LJFaLnZvznu/5c=
  
  string-length@^4.0.1:
    version "4.0.2"
    resolved "http://172.16.0.199:8081/repository/npm-hosted/string-length/-/string-length-4.0.2.tgz#a8a8dc7bd5c1a82b9b3c8b87e125f66871b6e57a"
    integrity sha1-qKjce9XBqCubPIuH4SX2aHG25Xo=
    dependencies:
      char-regex "^1.0.2"
      strip-ansi "^6.0.0"
  
  string-width@^1.0.1, "string-width@^1.0.2 || 2 || 3 || 4":
    version "1.0.2"
    resolved "http://172.16.0.199:8081/repository/npm-hosted/string-width/-/string-width-1.0.2.tgz#118bdf5b8cdc51a2a7e70d211e07e2b0b9b107d3"
    integrity sha1-EYvfW4zcUaKn5w0hHgfisLmxB9M=
    dependencies:
      code-point-at "^1.0.0"
      is-fullwidth-code-point "^1.0.0"
      strip-ansi "^3.0.0"
  
  string-width@^4.1.0, string-width@^4.2.0, string-width@^4.2.3:
    version "4.2.3"
    resolved "http://172.16.0.199:8081/repository/npm-hosted/string-width/-/string-width-4.2.3.tgz#269c7117d27b05ad2e536830a8ec895ef9c6d010"
    integrity sha1-JpxxF9J7Ba0uU2gwqOyJXvnG0BA=
    dependencies:
      emoji-regex "^8.0.0"
      is-fullwidth-code-point "^3.0.0"
      strip-ansi "^6.0.1"
  
  string.prototype.matchall@^4.0.8:
    version "4.0.8"
    resolved "http://172.16.0.199:8081/repository/npm-hosted/string.prototype.matchall/-/string.prototype.matchall-4.0.8.tgz#3bf85722021816dcd1bf38bb714915887ca79fd3"
    integrity sha1-O/hXIgIYFtzRvzi7cUkViHynn9M=
    dependencies:
      call-bind "^1.0.2"
      define-properties "^1.1.4"
      es-abstract "^1.20.4"
      get-intrinsic "^1.1.3"
      has-symbols "^1.0.3"
      internal-slot "^1.0.3"
      regexp.prototype.flags "^1.4.3"
      side-channel "^1.0.4"
  
  string.prototype.padend@^3.0.0:
    version "3.1.4"
    resolved "http://172.16.0.199:8081/repository/npm-hosted/string.prototype.padend/-/string.prototype.padend-3.1.4.tgz#2c43bb3a89eb54b6750de5942c123d6c98dd65b6"
    integrity sha1-LEO7OonrVLZ1DeWULBI9bJjdZbY=
    dependencies:
      call-bind "^1.0.2"
      define-properties "^1.1.4"
      es-abstract "^1.20.4"
  
  string.prototype.trim@^1.2.7:
    version "1.2.7"
    resolved "http://172.16.0.199:8081/repository/npm-hosted/string.prototype.trim/-/string.prototype.trim-1.2.7.tgz#a68352740859f6893f14ce3ef1bb3037f7a90533"
    integrity sha1-poNSdAhZ9ok/FM4+8bswN/epBTM=
    dependencies:
      call-bind "^1.0.2"
      define-properties "^1.1.4"
      es-abstract "^1.20.4"
  
  string.prototype.trim@^1.2.8:
    version "1.2.8"
    resolved "http://172.16.0.199:8081/repository/npm-hosted/string.prototype.trim/-/string.prototype.trim-1.2.8.tgz#f9ac6f8af4bd55ddfa8895e6aea92a96395393bd"
    integrity sha1-+axvivS9Vd36iJXmrqkqljlTk70=
    dependencies:
      call-bind "^1.0.2"
      define-properties "^1.2.0"
      es-abstract "^1.22.1"
  
  string.prototype.trimend@^1.0.6:
    version "1.0.6"
    resolved "http://172.16.0.199:8081/repository/npm-hosted/string.prototype.trimend/-/string.prototype.trimend-1.0.6.tgz#c4a27fa026d979d79c04f17397f250a462944533"
    integrity sha1-xKJ/oCbZedecBPFzl/JQpGKURTM=
    dependencies:
      call-bind "^1.0.2"
      define-properties "^1.1.4"
      es-abstract "^1.20.4"
  
  string.prototype.trimend@^1.0.7:
    version "1.0.7"
    resolved "http://172.16.0.199:8081/repository/npm-hosted/string.prototype.trimend/-/string.prototype.trimend-1.0.7.tgz#1bb3afc5008661d73e2dc015cd4853732d6c471e"
    integrity sha1-G7OvxQCGYdc+LcAVzUhTcy1sRx4=
    dependencies:
      call-bind "^1.0.2"
      define-properties "^1.2.0"
      es-abstract "^1.22.1"
  
  string.prototype.trimstart@^1.0.6:
    version "1.0.6"
    resolved "http://172.16.0.199:8081/repository/npm-hosted/string.prototype.trimstart/-/string.prototype.trimstart-1.0.6.tgz#e90ab66aa8e4007d92ef591bbf3cd422c56bdcf4"
    integrity sha1-6Qq2aqjkAH2S71kbvzzUIsVr3PQ=
    dependencies:
      call-bind "^1.0.2"
      define-properties "^1.1.4"
      es-abstract "^1.20.4"
  
  string.prototype.trimstart@^1.0.7:
    version "1.0.7"
    resolved "http://172.16.0.199:8081/repository/npm-hosted/string.prototype.trimstart/-/string.prototype.trimstart-1.0.7.tgz#d4cdb44b83a4737ffbac2d406e405d43d0184298"
    integrity sha1-1M20S4Okc3/7rC1AbkBdQ9AYQpg=
    dependencies:
      call-bind "^1.0.2"
      define-properties "^1.2.0"
      es-abstract "^1.22.1"
  
  string_decoder@^1.1.1, string_decoder@~1.1.1:
    version "1.1.1"
    resolved "http://172.16.0.199:8081/repository/npm-hosted/string_decoder/-/string_decoder-1.1.1.tgz#9cf1611ba62685d7030ae9e4ba34149c3af03fc8"
    integrity sha1-nPFhG6YmhdcDCunkujQUnDrwP8g=
    dependencies:
      safe-buffer "~5.1.0"
  
  string_decoder@~0.10.x:
    version "0.10.31"
    resolved "http://172.16.0.199:8081/repository/npm-hosted/string_decoder/-/string_decoder-0.10.31.tgz#62e203bc41766c6c28c9fc84301dab1c5310fa94"
    integrity sha1-YuIDvEF2bGwoyfyEMB2rHFMQ+pQ=
  
  stringify-object@^3.3.0:
    version "3.3.0"
    resolved "http://172.16.0.199:8081/repository/npm-hosted/stringify-object/-/stringify-object-3.3.0.tgz#703065aefca19300d3ce88af4f5b3956d7556629"
    integrity sha1-cDBlrvyhkwDTzoivT1s5VtdVZik=
    dependencies:
      get-own-enumerable-property-symbols "^3.0.0"
      is-obj "^1.0.1"
      is-regexp "^1.0.0"
  
  strip-ansi@^3.0.0, strip-ansi@^3.0.1:
    version "3.0.1"
    resolved "http://172.16.0.199:8081/repository/npm-hosted/strip-ansi/-/strip-ansi-3.0.1.tgz#6a385fb8853d952d5ff05d0e8aaf94278dc63dcf"
    integrity sha1-ajhfuIU9lS1f8F0Oiq+UJ43GPc8=
    dependencies:
      ansi-regex "^2.0.0"
  
  strip-ansi@^6.0.0, strip-ansi@^6.0.1:
    version "6.0.1"
    resolved "http://172.16.0.199:8081/repository/npm-hosted/strip-ansi/-/strip-ansi-6.0.1.tgz#9e26c63d30f53443e9489495b2105d37b67a85d9"
    integrity sha1-nibGPTD1NEPpSJSVshBdN7Z6hdk=
    dependencies:
      ansi-regex "^5.0.1"
  
  strip-bom@4.0.0, strip-bom@^4.0.0:
    version "4.0.0"
    resolved "http://172.16.0.199:8081/repository/npm-hosted/strip-bom/-/strip-bom-4.0.0.tgz#9c3505c1db45bcedca3d9cf7a16f5c5aa3901878"
    integrity sha1-nDUFwdtFvO3KPZz3oW9cWqOQGHg=
  
  strip-bom@^3.0.0:
    version "3.0.0"
    resolved "http://172.16.0.199:8081/repository/npm-hosted/strip-bom/-/strip-bom-3.0.0.tgz#2334c18e9c759f7bdd56fdef7e9ae3d588e68ed3"
    integrity sha1-IzTBjpx1n3vdVv3vfprj1YjmjtM=
  
  strip-final-newline@^2.0.0:
    version "2.0.0"
    resolved "http://172.16.0.199:8081/repository/npm-hosted/strip-final-newline/-/strip-final-newline-2.0.0.tgz#89b852fb2fcbe936f6f4b3187afb0a12c1ab58ad"
    integrity sha1-ibhS+y/L6Tb29LMYevsKEsGrWK0=
  
  strip-indent@^3.0.0:
    version "3.0.0"
    resolved "http://172.16.0.199:8081/repository/npm-hosted/strip-indent/-/strip-indent-3.0.0.tgz#c32e1cee940b6b3432c771bc2c54bcce73cd3001"
    integrity sha1-wy4c7pQLazQyx3G8LFS8znPNMAE=
    dependencies:
      min-indent "^1.0.0"
  
  strip-json-comments@3.1.1, strip-json-comments@^3.1.0, strip-json-comments@^3.1.1:
    version "3.1.1"
    resolved "http://172.16.0.199:8081/repository/npm-hosted/strip-json-comments/-/strip-json-comments-3.1.1.tgz#31f1281b3832630434831c310c01cccda8cbe006"
    integrity sha1-MfEoGzgyYwQ0gxwxDAHMzajL4AY=
  
  strong-log-transformer@^2.1.0:
    version "2.1.0"
    resolved "http://172.16.0.199:8081/repository/npm-hosted/strong-log-transformer/-/strong-log-transformer-2.1.0.tgz#0f5ed78d325e0421ac6f90f7f10e691d6ae3ae10"
    integrity sha1-D17XjTJeBCGsb5D38Q5pHWrjrhA=
    dependencies:
      duplexer "^0.1.1"
      minimist "^1.2.0"
      through "^2.3.4"
  
  style-loader@^3.3.1:
    version "3.3.3"
    resolved "http://172.16.0.199:8081/repository/npm-hosted/style-loader/-/style-loader-3.3.3.tgz#bba8daac19930169c0c9c96706749a597ae3acff"
    integrity sha1-u6jarBmTAWnAyclnBnSaWXrjrP8=
  
  style-search@^0.1.0:
    version "0.1.0"
    resolved "http://172.16.0.199:8081/repository/npm-hosted/style-search/-/style-search-0.1.0.tgz#7958c793e47e32e07d2b5cafe5c0bf8e12e77902"
    integrity sha1-eVjHk+R+MuB9K1yv5cC/jhLneQI=
  
  stylehacks@^5.1.1:
    version "5.1.1"
    resolved "http://172.16.0.199:8081/repository/npm-hosted/stylehacks/-/stylehacks-5.1.1.tgz#7934a34eb59d7152149fa69d6e9e56f2fc34bcc9"
    integrity sha1-eTSjTrWdcVIUn6adbp5W8vw0vMk=
    dependencies:
      browserslist "^4.21.4"
      postcss-selector-parser "^6.0.4"
  
  stylelint-config-html@1.0.0:
    version "1.0.0"
    resolved "http://172.16.0.199:8081/repository/npm-hosted/stylelint-config-html/-/stylelint-config-html-1.0.0.tgz#172acb996ee4c854e8c670fcff77ff0d98d3bec2"
    integrity sha1-FyrLmW7kyFToxnD8/3f/DZjTvsI=
  
  stylelint-config-prettier@^9.0.3:
    version "9.0.5"
    resolved "http://172.16.0.199:8081/repository/npm-hosted/stylelint-config-prettier/-/stylelint-config-prettier-9.0.5.tgz#9f78bbf31c7307ca2df2dd60f42c7014ee9da56e"
    integrity sha1-n3i78xxzB8ot8t1g9CxwFO6dpW4=
  
  stylelint-config-recess-order@^3.0.0:
    version "3.1.0"
    resolved "http://172.16.0.199:8081/repository/npm-hosted/stylelint-config-recess-order/-/stylelint-config-recess-order-3.1.0.tgz#aeeddd658f726c1252d95efe54e79d246667ae1f"
    integrity sha1-ru3dZY9ybBJS2V7+VOedJGZnrh8=
    dependencies:
      stylelint-order "5.x"
  
  stylelint-config-recommended@^6.0.0:
    version "6.0.0"
    resolved "http://172.16.0.199:8081/repository/npm-hosted/stylelint-config-recommended/-/stylelint-config-recommended-6.0.0.tgz#fd2523a322836005ad9bf473d3e5534719c09f9d"
    integrity sha1-/SUjoyKDYAWtm/Rz0+VTRxnAn50=
  
  stylelint-config-standard@^23.0.0:
    version "23.0.0"
    resolved "http://172.16.0.199:8081/repository/npm-hosted/stylelint-config-standard/-/stylelint-config-standard-23.0.0.tgz#4ad58c74804c544cb4d30667c21a30ab14d1c17d"
    integrity sha1-StWMdIBMVEy00wZnwhowqxTRwX0=
    dependencies:
      stylelint-config-recommended "^6.0.0"
  
  stylelint-declaration-block-no-ignored-properties@^2.4.0:
    version "2.7.0"
    resolved "http://172.16.0.199:8081/repository/npm-hosted/stylelint-declaration-block-no-ignored-properties/-/stylelint-declaration-block-no-ignored-properties-2.7.0.tgz#78a4a03a5ec74a06b4abb226a31ff8fc57782a0e"
    integrity sha1-eKSgOl7HSga0q7Imox/4/Fd4Kg4=
  
  stylelint-order@5.x, stylelint-order@^5.0.0:
    version "5.0.0"
    resolved "http://172.16.0.199:8081/repository/npm-hosted/stylelint-order/-/stylelint-order-5.0.0.tgz#abd20f6b85ac640774cbe40e70d3fe9c6fdf4400"
    integrity sha1-q9IPa4WsZAd0y+QOcNP+nG/fRAA=
    dependencies:
      postcss "^8.3.11"
      postcss-sorting "^7.0.1"
  
  stylelint-prettier@^1.2.0:
    version "1.2.0"
    resolved "http://172.16.0.199:8081/repository/npm-hosted/stylelint-prettier/-/stylelint-prettier-1.2.0.tgz#a133d75c794ba820ee47136fc4bf8c72ea185427"
    integrity sha1-oTPXXHlLqCDuRxNvxL+McuoYVCc=
    dependencies:
      prettier-linter-helpers "^1.0.0"
  
  stylelint-webpack-plugin@^3.0.1:
    version "3.3.0"
    resolved "http://172.16.0.199:8081/repository/npm-hosted/stylelint-webpack-plugin/-/stylelint-webpack-plugin-3.3.0.tgz#3ba40e2b2b2b7d1802fa53618e01fc28bc21ffb3"
    integrity sha1-O6QOKysrfRgC+lNhjgH8KLwh/7M=
    dependencies:
      globby "^11.1.0"
      jest-worker "^28.1.0"
      micromatch "^4.0.5"
      normalize-path "^3.0.0"
      schema-utils "^4.0.0"
  
  stylelint@^14.0.0:
    version "14.16.1"
    resolved "http://172.16.0.199:8081/repository/npm-hosted/stylelint/-/stylelint-14.16.1.tgz#b911063530619a1bbe44c2b875fd8181ebdc742d"
    integrity sha1-uREGNTBhmhu+RMK4df2BgevcdC0=
    dependencies:
      "@csstools/selector-specificity" "^2.0.2"
      balanced-match "^2.0.0"
      colord "^2.9.3"
      cosmiconfig "^7.1.0"
      css-functions-list "^3.1.0"
      debug "^4.3.4"
      fast-glob "^3.2.12"
      fastest-levenshtein "^1.0.16"
      file-entry-cache "^6.0.1"
      global-modules "^2.0.0"
      globby "^11.1.0"
      globjoin "^0.1.4"
      html-tags "^3.2.0"
      ignore "^5.2.1"
      import-lazy "^4.0.0"
      imurmurhash "^0.1.4"
      is-plain-object "^5.0.0"
      known-css-properties "^0.26.0"
      mathml-tag-names "^2.1.3"
      meow "^9.0.0"
      micromatch "^4.0.5"
      normalize-path "^3.0.0"
      picocolors "^1.0.0"
      postcss "^8.4.19"
      postcss-media-query-parser "^0.2.3"
      postcss-resolve-nested-selector "^0.1.1"
      postcss-safe-parser "^6.0.0"
      postcss-selector-parser "^6.0.11"
      postcss-value-parser "^4.2.0"
      resolve-from "^5.0.0"
      string-width "^4.2.3"
      strip-ansi "^6.0.1"
      style-search "^0.1.0"
      supports-hyperlinks "^2.3.0"
      svg-tags "^1.0.0"
      table "^6.8.1"
      v8-compile-cache "^2.3.0"
      write-file-atomic "^4.0.2"
  
  stylis@^4.0.13:
    version "4.1.3"
    resolved "http://172.16.0.199:8081/repository/npm-hosted/stylis/-/stylis-4.1.3.tgz#fd2fbe79f5fed17c55269e16ed8da14c84d069f7"
    integrity sha1-/S++efX+0XxVJp4W7Y2hTITQafc=
  
  supports-color@^5.3.0, supports-color@^5.5.0:
    version "5.5.0"
    resolved "http://172.16.0.199:8081/repository/npm-hosted/supports-color/-/supports-color-5.5.0.tgz#e2e69a44ac8772f78a1ec0b35b689df6530efc8f"
    integrity sha1-4uaaRKyHcveKHsCzW2id9lMO/I8=
    dependencies:
      has-flag "^3.0.0"
  
  supports-color@^7.0.0, supports-color@^7.1.0:
    version "7.2.0"
    resolved "http://172.16.0.199:8081/repository/npm-hosted/supports-color/-/supports-color-7.2.0.tgz#1b7dcdcb32b8138801b3e478ba6a51caa89648da"
    integrity sha1-G33NyzK4E4gBs+R4umpRyqiWSNo=
    dependencies:
      has-flag "^4.0.0"
  
  supports-color@^8.0.0:
    version "8.1.1"
    resolved "http://172.16.0.199:8081/repository/npm-hosted/supports-color/-/supports-color-8.1.1.tgz#cd6fc17e28500cff56c1b86c0a7fd4a54a73005c"
    integrity sha1-zW/BfihQDP9WwbhsCn/UpUpzAFw=
    dependencies:
      has-flag "^4.0.0"
  
  supports-hyperlinks@^2.0.0, supports-hyperlinks@^2.3.0:
    version "2.3.0"
    resolved "http://172.16.0.199:8081/repository/npm-hosted/supports-hyperlinks/-/supports-hyperlinks-2.3.0.tgz#3943544347c1ff90b15effb03fc14ae45ec10624"
    integrity sha1-OUNUQ0fB/5CxXv+wP8FK5F7BBiQ=
    dependencies:
      has-flag "^4.0.0"
      supports-color "^7.0.0"
  
  supports-preserve-symlinks-flag@^1.0.0:
    version "1.0.0"
    resolved "http://172.16.0.199:8081/repository/npm-hosted/supports-preserve-symlinks-flag/-/supports-preserve-symlinks-flag-1.0.0.tgz#6eda4bd344a3c94aea376d4cc31bc77311039e09"
    integrity sha1-btpL00SjyUrqN21MwxvHcxEDngk=
  
  svg-tags@^1.0.0:
    version "1.0.0"
    resolved "http://172.16.0.199:8081/repository/npm-hosted/svg-tags/-/svg-tags-1.0.0.tgz#58f71cee3bd519b59d4b2a843b6c7de64ac04764"
    integrity sha1-WPcc7jvVGbWdSyqEO2x95krAR2Q=
  
  svgo@^2.7.0:
    version "2.8.0"
    resolved "http://172.16.0.199:8081/repository/npm-hosted/svgo/-/svgo-2.8.0.tgz#4ff80cce6710dc2795f0c7c74101e6764cfccd24"
    integrity sha1-T/gMzmcQ3CeV8MfHQQHmdkz8zSQ=
    dependencies:
      "@trysound/sax" "0.2.0"
      commander "^7.2.0"
      css-select "^4.1.3"
      css-tree "^1.1.3"
      csso "^4.2.0"
      picocolors "^1.0.0"
      stable "^0.1.8"
  
  symbol-tree@^3.2.4:
    version "3.2.4"
    resolved "http://172.16.0.199:8081/repository/npm-hosted/symbol-tree/-/symbol-tree-3.2.4.tgz#430637d248ba77e078883951fb9aa0eed7c63fa2"
    integrity sha1-QwY30ki6d+B4iDlR+5qg7tfGP6I=
  
  table@^6.8.1:
    version "6.8.1"
    resolved "http://172.16.0.199:8081/repository/npm-hosted/table/-/table-6.8.1.tgz#ea2b71359fe03b017a5fbc296204471158080bdf"
    integrity sha1-6itxNZ/gOwF6X7wpYgRHEVgIC98=
    dependencies:
      ajv "^8.0.1"
      lodash.truncate "^4.4.2"
      slice-ansi "^4.0.0"
      string-width "^4.2.3"
      strip-ansi "^6.0.1"
  
  tapable@^2.0.0, tapable@^2.1.1, tapable@^2.2.0, tapable@^2.2.1:
    version "2.2.1"
    resolved "http://172.16.0.199:8081/repository/npm-hosted/tapable/-/tapable-2.2.1.tgz#1967a73ef4060a82f12ab96af86d52fdb76eeca0"
    integrity sha1-GWenPvQGCoLxKrlq+G1S/bdu7KA=
  
  tar@^4.4.12:
    version "4.4.19"
    resolved "http://172.16.0.199:8081/repository/npm-hosted/tar/-/tar-4.4.19.tgz#2e4d7263df26f2b914dee10c825ab132123742f3"
    integrity sha1-Lk1yY98m8rkU3uEMglqxMhI3QvM=
    dependencies:
      chownr "^1.1.4"
      fs-minipass "^1.2.7"
      minipass "^2.9.0"
      minizlib "^1.3.3"
      mkdirp "^0.5.5"
      safe-buffer "^5.2.1"
      yallist "^3.1.1"
  
  tar@^6.0.2, tar@^6.1.0:
    version "6.2.0"
    resolved "http://172.16.0.199:8081/repository/npm-hosted/tar/-/tar-6.2.0.tgz#b14ce49a79cb1cd23bc9b016302dea5474493f73"
    integrity sha1-sUzkmnnLHNI7ybAWMC3qVHRJP3M=
    dependencies:
      chownr "^2.0.0"
      fs-minipass "^2.0.0"
      minipass "^5.0.0"
      minizlib "^2.1.1"
      mkdirp "^1.0.3"
      yallist "^4.0.0"
  
  temp-dir@^1.0.0:
    version "1.0.0"
    resolved "http://172.16.0.199:8081/repository/npm-hosted/temp-dir/-/temp-dir-1.0.0.tgz#0a7c0ea26d3a39afa7e0ebea9c1fc0bc4daa011d"
    integrity sha1-CnwOom06Oa+n4OvqnB/AvE2qAR0=
  
  temp-write@^4.0.0:
    version "4.0.0"
    resolved "http://172.16.0.199:8081/repository/npm-hosted/temp-write/-/temp-write-4.0.0.tgz#cd2e0825fc826ae72d201dc26eef3bf7e6fc9320"
    integrity sha1-zS4IJfyCauctIB3Cbu879+b8kyA=
    dependencies:
      graceful-fs "^4.1.15"
      is-stream "^2.0.0"
      make-dir "^3.0.0"
      temp-dir "^1.0.0"
      uuid "^3.3.2"
  
  terminal-link@^2.0.0:
    version "2.1.1"
    resolved "http://172.16.0.199:8081/repository/npm-hosted/terminal-link/-/terminal-link-2.1.1.tgz#14a64a27ab3c0df933ea546fba55f2d078edc994"
    integrity sha1-FKZKJ6s8Dfkz6lRvulXy0HjtyZQ=
    dependencies:
      ansi-escapes "^4.2.1"
      supports-hyperlinks "^2.0.0"
  
  terser-webpack-plugin@^5.1.3:
    version "5.3.6"
    resolved "http://172.16.0.199:8081/repository/npm-hosted/terser-webpack-plugin/-/terser-webpack-plugin-5.3.6.tgz#5590aec31aa3c6f771ce1b1acca60639eab3195c"
    integrity sha1-VZCuwxqjxvdxzhsazKYGOeqzGVw=
    dependencies:
      "@jridgewell/trace-mapping" "^0.3.14"
      jest-worker "^27.4.5"
      schema-utils "^3.1.1"
      serialize-javascript "^6.0.0"
      terser "^5.14.1"
  
  terser@^5.0.0, terser@^5.10.0, terser@^5.14.1:
    version "5.19.2"
    resolved "http://172.16.0.199:8081/repository/npm-hosted/terser/-/terser-5.19.2.tgz#bdb8017a9a4a8de4663a7983f45c506534f9234e"
    integrity sha1-vbgBeppKjeRmOnmD9FxQZTT5I04=
    dependencies:
      "@jridgewell/source-map" "^0.3.3"
      acorn "^8.8.2"
      commander "^2.20.0"
      source-map-support "~0.5.20"
  
  test-exclude@^6.0.0:
    version "6.0.0"
    resolved "http://172.16.0.199:8081/repository/npm-hosted/test-exclude/-/test-exclude-6.0.0.tgz#04a8698661d805ea6fa293b6cb9e63ac044ef15e"
    integrity sha1-BKhphmHYBepvopO2y55jrARO8V4=
    dependencies:
      "@istanbuljs/schema" "^0.1.2"
      glob "^7.1.4"
      minimatch "^3.0.4"
  
  text-extensions@^1.0.0:
    version "1.9.0"
    resolved "http://172.16.0.199:8081/repository/npm-hosted/text-extensions/-/text-extensions-1.9.0.tgz#1853e45fee39c945ce6f6c36b2d659b5aabc2a26"
    integrity sha1-GFPkX+45yUXOb2w2stZZtaq8KiY=
  
  text-table@^0.2.0:
    version "0.2.0"
    resolved "http://172.16.0.199:8081/repository/npm-hosted/text-table/-/text-table-0.2.0.tgz#7f5ee823ae805207c00af2df4a84ec3fcfa570b4"
    integrity sha1-f17oI66AUgfACvLfSoTsP8+lcLQ=
  
  throat@^6.0.1:
    version "6.0.1"
    resolved "http://172.16.0.199:8081/repository/npm-hosted/throat/-/throat-6.0.1.tgz#d514fedad95740c12c2d7fc70ea863eb51ade375"
    integrity sha1-1RT+2tlXQMEsLX/HDqhj61Gt43U=
  
  throttle-debounce@^5.0.0:
    version "5.0.0"
    resolved "http://172.16.0.199:8081/repository/npm-hosted/throttle-debounce/-/throttle-debounce-5.0.0.tgz#a17a4039e82a2ed38a5e7268e4132d6960d41933"
    integrity sha1-oXpAOegqLtOKXnJo5BMtaWDUGTM=
  
  through2@^2.0.0, through2@^2.0.1:
    version "2.0.5"
    resolved "http://172.16.0.199:8081/repository/npm-hosted/through2/-/through2-2.0.5.tgz#01c1e39eb31d07cb7d03a96a70823260b23132cd"
    integrity sha1-AcHjnrMdB8t9A6lqcIIyYLIxMs0=
    dependencies:
      readable-stream "~2.3.6"
      xtend "~4.0.1"
  
  through2@^4.0.0:
    version "4.0.2"
    resolved "http://172.16.0.199:8081/repository/npm-hosted/through2/-/through2-4.0.2.tgz#a7ce3ac2a7a8b0b966c80e7c49f0484c3b239764"
    integrity sha1-p846wqeosLlmyA58SfBITDsjl2Q=
    dependencies:
      readable-stream "3"
  
  through@2, "through@>=2.2.7 <3", through@^2.3.4, through@^2.3.6, through@^2.3.8:
    version "2.3.8"
    resolved "http://172.16.0.199:8081/repository/npm-hosted/through/-/through-2.3.8.tgz#0dd4c9ffaabc357960b1b724115d7e0e86a2e1f5"
    integrity sha1-DdTJ/6q8NXlgsbckEV1+Doai4fU=
  
  thunky@^1.0.2:
    version "1.1.0"
    resolved "http://172.16.0.199:8081/repository/npm-hosted/thunky/-/thunky-1.1.0.tgz#5abaf714a9405db0504732bbccd2cedd9ef9537d"
    integrity sha1-Wrr3FKlAXbBQRzK7zNLO3Z75U30=
  
  tmp@^0.0.33:
    version "0.0.33"
    resolved "http://172.16.0.199:8081/repository/npm-hosted/tmp/-/tmp-0.0.33.tgz#6d34335889768d21b2bcda0aa277ced3b1bfadf9"
    integrity sha1-bTQzWIl2jSGyvNoKonfO07G/rfk=
    dependencies:
      os-tmpdir "~1.0.2"
  
  tmpl@1.0.5:
    version "1.0.5"
    resolved "http://172.16.0.199:8081/repository/npm-hosted/tmpl/-/tmpl-1.0.5.tgz#8683e0b902bb9c20c4f726e3c0b69f36518c07cc"
    integrity sha1-hoPguQK7nCDE9ybjwLafNlGMB8w=
  
  to-fast-properties@^2.0.0:
    version "2.0.0"
    resolved "http://172.16.0.199:8081/repository/npm-hosted/to-fast-properties/-/to-fast-properties-2.0.0.tgz#dc5e698cbd079265bc73e0377681a4e4e83f616e"
    integrity sha1-3F5pjL0HkmW8c+A3doGk5Og/YW4=
  
  to-regex-range@^5.0.1:
    version "5.0.1"
    resolved "http://172.16.0.199:8081/repository/npm-hosted/to-regex-range/-/to-regex-range-5.0.1.tgz#1648c44aae7c8d988a326018ed72f5b4dd0392e4"
    integrity sha1-FkjESq58jZiKMmAY7XL1tN0DkuQ=
    dependencies:
      is-number "^7.0.0"
  
  toggle-selection@^1.0.6:
    version "1.0.6"
    resolved "http://172.16.0.199:8081/repository/npm-hosted/toggle-selection/-/toggle-selection-1.0.6.tgz#6e45b1263f2017fa0acc7d89d78b15b8bf77da32"
    integrity sha1-bkWxJj8gF/oKzH2J14sVuL932jI=
  
  toidentifier@1.0.1:
    version "1.0.1"
    resolved "http://172.16.0.199:8081/repository/npm-hosted/toidentifier/-/toidentifier-1.0.1.tgz#3be34321a88a820ed1bd80dfaa33e479fbb8dd35"
    integrity sha1-O+NDIaiKgg7RvYDfqjPkefu43TU=
  
  totalist@^1.0.0:
    version "1.1.0"
    resolved "http://172.16.0.199:8081/repository/npm-hosted/totalist/-/totalist-1.1.0.tgz#a4d65a3e546517701e3e5c37a47a70ac97fe56df"
    integrity sha1-pNZaPlRlF3AePlw3pHpwrJf+Vt8=
  
  touch@^3.1.0:
    version "3.1.0"
    resolved "http://172.16.0.199:8081/repository/npm-hosted/touch/-/touch-3.1.0.tgz#fe365f5f75ec9ed4e56825e0bb76d24ab74af83b"
    integrity sha1-/jZfX3XsntTlaCXgu3bSSrdK+Ds=
    dependencies:
      nopt "~1.0.10"
  
  tough-cookie@^4.0.0:
    version "4.1.2"
    resolved "http://172.16.0.199:8081/repository/npm-hosted/tough-cookie/-/tough-cookie-4.1.2.tgz#e53e84b85f24e0b65dd526f46628db6c85f6b874"
    integrity sha1-5T6EuF8k4LZd1Sb0ZijbbIX2uHQ=
    dependencies:
      psl "^1.1.33"
      punycode "^2.1.1"
      universalify "^0.2.0"
      url-parse "^1.5.3"
  
  tough-cookie@~2.5.0:
    version "2.5.0"
    resolved "http://172.16.0.199:8081/repository/npm-hosted/tough-cookie/-/tough-cookie-2.5.0.tgz#cd9fb2a0aa1d5a12b473bd9fb96fa3dcff65ade2"
    integrity sha1-zZ+yoKodWhK0c72fuW+j3P9lreI=
    dependencies:
      psl "^1.1.28"
      punycode "^2.1.1"
  
  tr46@^2.1.0:
    version "2.1.0"
    resolved "http://172.16.0.199:8081/repository/npm-hosted/tr46/-/tr46-2.1.0.tgz#fa87aa81ca5d5941da8cbf1f9b749dc969a4e240"
    integrity sha1-+oeqgcpdWUHajL8fm3SdyWmk4kA=
    dependencies:
      punycode "^2.1.1"
  
  tr46@~0.0.3:
    version "0.0.3"
    resolved "http://172.16.0.199:8081/repository/npm-hosted/tr46/-/tr46-0.0.3.tgz#8184fd347dac9cdc185992f3a6622e14b9d9ab6a"
    integrity sha1-gYT9NH2snNwYWZLzpmIuFLnZq2o=
  
  trim-newlines@^3.0.0:
    version "3.0.1"
    resolved "http://172.16.0.199:8081/repository/npm-hosted/trim-newlines/-/trim-newlines-3.0.1.tgz#260a5d962d8b752425b32f3a7db0dcacd176c144"
    integrity sha1-Jgpdli2LdSQlsy86fbDcrNF2wUQ=
  
  ts-node@^10.0.0:
    version "10.9.1"
    resolved "http://172.16.0.199:8081/repository/npm-hosted/ts-node/-/ts-node-10.9.1.tgz#e73de9102958af9e1f0b168a6ff320e25adcff4b"
    integrity sha1-5z3pEClYr54fCxaKb/Mg4lrc/0s=
    dependencies:
      "@cspotcode/source-map-support" "^0.8.0"
      "@tsconfig/node10" "^1.0.7"
      "@tsconfig/node12" "^1.0.7"
      "@tsconfig/node14" "^1.0.0"
      "@tsconfig/node16" "^1.0.2"
      acorn "^8.4.1"
      acorn-walk "^8.1.1"
      arg "^4.1.0"
      create-require "^1.1.0"
      diff "^4.0.1"
      make-error "^1.1.1"
      v8-compile-cache-lib "^3.0.1"
      yn "3.1.1"
  
  tsconfig-paths-webpack-plugin@^3.5.2:
    version "3.5.2"
    resolved "http://172.16.0.199:8081/repository/npm-hosted/tsconfig-paths-webpack-plugin/-/tsconfig-paths-webpack-plugin-3.5.2.tgz#01aafff59130c04a8c4ebc96a3045c43c376449a"
    integrity sha1-Aar/9ZEwwEqMTryWowRcQ8N2RJo=
    dependencies:
      chalk "^4.1.0"
      enhanced-resolve "^5.7.0"
      tsconfig-paths "^3.9.0"
  
  tsconfig-paths@^3.0.0, tsconfig-paths@^3.14.1, tsconfig-paths@^3.9.0:
    version "3.14.2"
    resolved "http://172.16.0.199:8081/repository/npm-hosted/tsconfig-paths/-/tsconfig-paths-3.14.2.tgz#6e32f1f79412decd261f92d633a9dc1cfa99f088"
    integrity sha1-bjLx95QS3s0mH5LWM6ncHPqZ8Ig=
    dependencies:
      "@types/json5" "^0.0.29"
      json5 "^1.0.2"
      minimist "^1.2.6"
      strip-bom "^3.0.0"
  
  tslib@^1.10.0, tslib@^1.8.1, tslib@^1.9.0:
    version "1.14.1"
    resolved "http://172.16.0.199:8081/repository/npm-hosted/tslib/-/tslib-1.14.1.tgz#cf2d38bdc34a134bcaf1091c41f6619e2f672d00"
    integrity sha1-zy04vcNKE0vK8QkcQfZhni9nLQA=
  
  tslib@^2.0.3, tslib@^2.1.0:
    version "2.3.0"
    resolved "http://172.16.0.199:8081/repository/npm-hosted/tslib/-/tslib-2.3.0.tgz#803b8cdab3e12ba581a4ca41c8839bbb0dacb09e"
    integrity sha1-gDuM2rPhK6WBpMpByIObuw2ssJ4=
  
  tsutils@^3.21.0:
    version "3.21.0"
    resolved "http://172.16.0.199:8081/repository/npm-hosted/tsutils/-/tsutils-3.21.0.tgz#b48717d394cea6c1e096983eed58e9d61715b623"
    integrity sha1-tIcX05TOpsHglpg+7Vjp1hcVtiM=
    dependencies:
      tslib "^1.8.1"
  
  tunnel-agent@^0.6.0:
    version "0.6.0"
    resolved "http://172.16.0.199:8081/repository/npm-hosted/tunnel-agent/-/tunnel-agent-0.6.0.tgz#27a5dea06b36b04a0a9966774b290868f0fc40fd"
    integrity sha1-J6XeoGs2sEoKmWZ3SykIaPD8QP0=
    dependencies:
      safe-buffer "^5.0.1"
  
  tweetnacl@^0.14.3, tweetnacl@~0.14.0:
    version "0.14.5"
    resolved "http://172.16.0.199:8081/repository/npm-hosted/tweetnacl/-/tweetnacl-0.14.5.tgz#5ae68177f192d4456269d108afa93ff8743f4f64"
    integrity sha1-WuaBd/GS1EViadEIr6k/+HQ/T2Q=
  
  type-check@^0.4.0, type-check@~0.4.0:
    version "0.4.0"
    resolved "http://172.16.0.199:8081/repository/npm-hosted/type-check/-/type-check-0.4.0.tgz#07b8203bfa7056c0657050e3ccd2c37730bab8f1"
    integrity sha1-B7ggO/pwVsBlcFDjzNLDdzC6uPE=
    dependencies:
      prelude-ls "^1.2.1"
  
  type-detect@4.0.8:
    version "4.0.8"
    resolved "http://172.16.0.199:8081/repository/npm-hosted/type-detect/-/type-detect-4.0.8.tgz#7646fb5f18871cfbb7749e69bd39a6388eb7450c"
    integrity sha1-dkb7XxiHHPu3dJ5pvTmmOI63RQw=
  
  type-fest@^0.13.1:
    version "0.13.1"
    resolved "http://172.16.0.199:8081/repository/npm-hosted/type-fest/-/type-fest-0.13.1.tgz#0172cb5bce80b0bd542ea348db50c7e21834d934"
    integrity sha1-AXLLW86AsL1ULqNI21DH4hg02TQ=
  
  type-fest@^0.18.0:
    version "0.18.1"
    resolved "http://172.16.0.199:8081/repository/npm-hosted/type-fest/-/type-fest-0.18.1.tgz#db4bc151a4a2cf4eebf9add5db75508db6cc841f"
    integrity sha1-20vBUaSiz07r+a3V23VQjbbMhB8=
  
  type-fest@^0.20.2:
    version "0.20.2"
    resolved "http://172.16.0.199:8081/repository/npm-hosted/type-fest/-/type-fest-0.20.2.tgz#1bf207f4b28f91583666cb5fbd327887301cd5f4"
    integrity sha1-G/IH9LKPkVg2ZstfvTJ4hzAc1fQ=
  
  type-fest@^0.21.3:
    version "0.21.3"
    resolved "http://172.16.0.199:8081/repository/npm-hosted/type-fest/-/type-fest-0.21.3.tgz#d260a24b0198436e133fa26a524a6d65fa3b2e37"
    integrity sha1-0mCiSwGYQ24TP6JqUkptZfo7Ljc=
  
  type-fest@^0.4.1:
    version "0.4.1"
    resolved "http://172.16.0.199:8081/repository/npm-hosted/type-fest/-/type-fest-0.4.1.tgz#8bdf77743385d8a4f13ba95f610f5ccd68c728f8"
    integrity sha1-i993dDOF2KTxO6lfYQ9czWjHKPg=
  
  type-fest@^0.6.0:
    version "0.6.0"
    resolved "http://172.16.0.199:8081/repository/npm-hosted/type-fest/-/type-fest-0.6.0.tgz#8d2a2370d3df886eb5c90ada1c5bf6188acf838b"
    integrity sha1-jSojcNPfiG61yQraHFv2GIrPg4s=
  
  type-fest@^0.8.1:
    version "0.8.1"
    resolved "http://172.16.0.199:8081/repository/npm-hosted/type-fest/-/type-fest-0.8.1.tgz#09e249ebde851d3b1e48d27c105444667f17b83d"
    integrity sha1-CeJJ696FHTseSNJ8EFREZn8XuD0=
  
  type-is@~1.6.18:
    version "1.6.18"
    resolved "http://172.16.0.199:8081/repository/npm-hosted/type-is/-/type-is-1.6.18.tgz#4e552cd05df09467dcbc4ef739de89f2cf37c131"
    integrity sha1-TlUs0F3wlGfcvE73Od6J8s83wTE=
    dependencies:
      media-typer "0.3.0"
      mime-types "~2.1.24"
  
  typed-array-buffer@^1.0.0:
    version "1.0.0"
    resolved "http://172.16.0.199:8081/repository/npm-hosted/typed-array-buffer/-/typed-array-buffer-1.0.0.tgz#18de3e7ed7974b0a729d3feecb94338d1472cd60"
    integrity sha1-GN4+fteXSwpynT/uy5QzjRRyzWA=
    dependencies:
      call-bind "^1.0.2"
      get-intrinsic "^1.2.1"
      is-typed-array "^1.1.10"
  
  typed-array-byte-length@^1.0.0:
    version "1.0.0"
    resolved "http://172.16.0.199:8081/repository/npm-hosted/typed-array-byte-length/-/typed-array-byte-length-1.0.0.tgz#d787a24a995711611fb2b87a4052799517b230d0"
    integrity sha1-14eiSplXEWEfsrh6QFJ5lReyMNA=
    dependencies:
      call-bind "^1.0.2"
      for-each "^0.3.3"
      has-proto "^1.0.1"
      is-typed-array "^1.1.10"
  
  typed-array-byte-offset@^1.0.0:
    version "1.0.0"
    resolved "http://172.16.0.199:8081/repository/npm-hosted/typed-array-byte-offset/-/typed-array-byte-offset-1.0.0.tgz#cbbe89b51fdef9cd6aaf07ad4707340abbc4ea0b"
    integrity sha1-y76JtR/e+c1qrwetRwc0CrvE6gs=
    dependencies:
      available-typed-arrays "^1.0.5"
      call-bind "^1.0.2"
      for-each "^0.3.3"
      has-proto "^1.0.1"
      is-typed-array "^1.1.10"
  
  typed-array-length@^1.0.4:
    version "1.0.4"
    resolved "http://172.16.0.199:8081/repository/npm-hosted/typed-array-length/-/typed-array-length-1.0.4.tgz#89d83785e5c4098bec72e08b319651f0eac9c1bb"
    integrity sha1-idg3heXECYvscuCLMZZR8OrJwbs=
    dependencies:
      call-bind "^1.0.2"
      for-each "^0.3.3"
      is-typed-array "^1.1.9"
  
  typedarray-to-buffer@^3.1.5:
    version "3.1.5"
    resolved "http://172.16.0.199:8081/repository/npm-hosted/typedarray-to-buffer/-/typedarray-to-buffer-3.1.5.tgz#a97ee7a9ff42691b9f783ff1bc5112fe3fca9080"
    integrity sha1-qX7nqf9CaRufeD/xvFES/j/KkIA=
    dependencies:
      is-typedarray "^1.0.0"
  
  typedarray@^0.0.6:
    version "0.0.6"
    resolved "http://172.16.0.199:8081/repository/npm-hosted/typedarray/-/typedarray-0.0.6.tgz#867ac74e3864187b1d3d47d996a78ec5c8830777"
    integrity sha1-hnrHTjhkGHsdPUfZlqeOxciDB3c=
  
  typescript@~4.8.0:
    version "4.8.2"
    resolved "http://172.16.0.199:8081/repository/npm-hosted/typescript/-/typescript-4.8.2.tgz#e3b33d5ccfb5914e4eeab6699cf208adee3fd790"
    integrity sha1-47M9XM+1kU5O6rZpnPIIre4/15A=
  
  uglify-js@^3.1.4:
    version "3.17.4"
    resolved "http://172.16.0.199:8081/repository/npm-hosted/uglify-js/-/uglify-js-3.17.4.tgz#61678cf5fa3f5b7eb789bb345df29afb8257c22c"
    integrity sha1-YWeM9fo/W363ibs0XfKa+4JXwiw=
  
  uid-number@0.0.6:
    version "0.0.6"
    resolved "http://172.16.0.199:8081/repository/npm-hosted/uid-number/-/uid-number-0.0.6.tgz#0ea10e8035e8eb5b8e4449f06da1c730663baa81"
    integrity sha1-DqEOgDXo61uOREnwbaHHMGY7qoE=
  
  umask@^1.1.0:
    version "1.1.0"
    resolved "http://172.16.0.199:8081/repository/npm-hosted/umask/-/umask-1.1.0.tgz#f29cebf01df517912bb58ff9c4e50fde8e33320d"
    integrity sha1-8pzr8B31F5ErtY/5xOUP3o4zMg0=
  
  unbox-primitive@^1.0.2:
    version "1.0.2"
    resolved "http://172.16.0.199:8081/repository/npm-hosted/unbox-primitive/-/unbox-primitive-1.0.2.tgz#29032021057d5e6cdbd08c5129c226dff8ed6f9e"
    integrity sha1-KQMgIQV9Xmzb0IxRKcIm3/jtb54=
    dependencies:
      call-bind "^1.0.2"
      has-bigints "^1.0.2"
      has-symbols "^1.0.3"
      which-boxed-primitive "^1.0.2"
  
  undefsafe@^2.0.5:
    version "2.0.5"
    resolved "http://172.16.0.199:8081/repository/npm-hosted/undefsafe/-/undefsafe-2.0.5.tgz#38733b9327bdcd226db889fb723a6efd162e6e2c"
    integrity sha1-OHM7kye9zSJtuIn7cjpu/RYubiw=
  
  undici-types@~5.26.4:
    version "5.26.5"
    resolved "http://172.16.0.199:8081/repository/npm-hosted/undici-types/-/undici-types-5.26.5.tgz#bcd539893d00b56e964fd2657a4866b221a65617"
    integrity sha1-vNU5iT0AtW6WT9JlekhmsiGmVhc=
  
  unicode-canonical-property-names-ecmascript@^2.0.0:
    version "2.0.0"
    resolved "http://172.16.0.199:8081/repository/npm-hosted/unicode-canonical-property-names-ecmascript/-/unicode-canonical-property-names-ecmascript-2.0.0.tgz#301acdc525631670d39f6146e0e77ff6bbdebddc"
    integrity sha1-MBrNxSVjFnDTn2FG4Od/9rvevdw=
  
  unicode-match-property-ecmascript@^2.0.0:
    version "2.0.0"
    resolved "http://172.16.0.199:8081/repository/npm-hosted/unicode-match-property-ecmascript/-/unicode-match-property-ecmascript-2.0.0.tgz#54fd16e0ecb167cf04cf1f756bdcc92eba7976c3"
    integrity sha1-VP0W4OyxZ88Ezx91a9zJLrp5dsM=
    dependencies:
      unicode-canonical-property-names-ecmascript "^2.0.0"
      unicode-property-aliases-ecmascript "^2.0.0"
  
  unicode-match-property-value-ecmascript@^2.1.0:
    version "2.1.0"
    resolved "http://172.16.0.199:8081/repository/npm-hosted/unicode-match-property-value-ecmascript/-/unicode-match-property-value-ecmascript-2.1.0.tgz#cb5fffdcd16a05124f5a4b0bf7c3770208acbbe0"
    integrity sha1-y1//3NFqBRJPWksL98N3Agisu+A=
  
  unicode-property-aliases-ecmascript@^2.0.0:
    version "2.1.0"
    resolved "http://172.16.0.199:8081/repository/npm-hosted/unicode-property-aliases-ecmascript/-/unicode-property-aliases-ecmascript-2.1.0.tgz#43d41e3be698bd493ef911077c9b131f827e8ccd"
    integrity sha1-Q9QeO+aYvUk++REHfJsTH4J+jM0=
  
  unionfs@^4.4.0:
    version "4.4.0"
    resolved "http://172.16.0.199:8081/repository/npm-hosted/unionfs/-/unionfs-4.4.0.tgz#b671112e505f70678052345cf5c2a33f0e6edde9"
    integrity sha1-tnERLlBfcGeAUjRc9cKjPw5u3ek=
    dependencies:
      fs-monkey "^1.0.0"
  
  unique-filename@^1.1.1:
    version "1.1.1"
    resolved "http://172.16.0.199:8081/repository/npm-hosted/unique-filename/-/unique-filename-1.1.1.tgz#1d69769369ada0583103a1e6ae87681b56573230"
    integrity sha1-HWl2k2mtoFgxA6HmrodoG1ZXMjA=
    dependencies:
      unique-slug "^2.0.0"
  
  unique-slug@^2.0.0:
    version "2.0.2"
    resolved "http://172.16.0.199:8081/repository/npm-hosted/unique-slug/-/unique-slug-2.0.2.tgz#baabce91083fc64e945b0f3ad613e264f7cd4e6c"
    integrity sha1-uqvOkQg/xk6UWw861hPiZPfNTmw=
    dependencies:
      imurmurhash "^0.1.4"
  
  unist-util-stringify-position@^2.0.0:
    version "2.0.3"
    resolved "http://172.16.0.199:8081/repository/npm-hosted/unist-util-stringify-position/-/unist-util-stringify-position-2.0.3.tgz#cce3bfa1cdf85ba7375d1d5b17bdc4cada9bd9da"
    integrity sha1-zOO/oc34W6c3XR1bF73Eytqb2do=
    dependencies:
      "@types/unist" "^2.0.2"
  
  universal-user-agent@^6.0.0:
    version "6.0.0"
    resolved "http://172.16.0.199:8081/repository/npm-hosted/universal-user-agent/-/universal-user-agent-6.0.0.tgz#3381f8503b251c0d9cd21bc1de939ec9df5480ee"
    integrity sha1-M4H4UDslHA2c0hvB3pOeyd9UgO4=
  
  universalify@^0.2.0:
    version "0.2.0"
    resolved "http://172.16.0.199:8081/repository/npm-hosted/universalify/-/universalify-0.2.0.tgz#6451760566fa857534745ab1dde952d1b1761be0"
    integrity sha1-ZFF2BWb6hXU0dFqx3elS0bF2G+A=
  
  universalify@^2.0.0:
    version "2.0.1"
    resolved "http://172.16.0.199:8081/repository/npm-hosted/universalify/-/universalify-2.0.1.tgz#168efc2180964e6386d061e094df61afe239b18d"
    integrity sha1-Fo78IYCWTmOG0GHglN9hr+I5sY0=
  
  unpipe@1.0.0, unpipe@~1.0.0:
    version "1.0.0"
    resolved "http://172.16.0.199:8081/repository/npm-hosted/unpipe/-/unpipe-1.0.0.tgz#b2bf4ee8514aae6165b4817829d21b2ef49904ec"
    integrity sha1-sr9O6FFKrmFltIF4KdIbLvSZBOw=
  
  untildify@^4.0.0:
    version "4.0.0"
    resolved "http://172.16.0.199:8081/repository/npm-hosted/untildify/-/untildify-4.0.0.tgz#2bc947b953652487e4600949fb091e3ae8cd919b"
    integrity sha1-K8lHuVNlJIfkYAlJ+wkeOujNkZs=
  
  upath@^2.0.1:
    version "2.0.1"
    resolved "http://172.16.0.199:8081/repository/npm-hosted/upath/-/upath-2.0.1.tgz#50c73dea68d6f6b990f51d279ce6081665d61a8b"
    integrity sha1-UMc96mjW9rmQ9R0nnOYIFmXWGos=
  
  update-browserslist-db@^1.0.13:
    version "1.0.13"
    resolved "http://172.16.0.199:8081/repository/npm-hosted/update-browserslist-db/-/update-browserslist-db-1.0.13.tgz#3c5e4f5c083661bd38ef64b6328c26ed6c8248c4"
    integrity sha1-PF5PXAg2Yb0472S2Mowm7WyCSMQ=
    dependencies:
      escalade "^3.1.1"
      picocolors "^1.0.0"
  
  update-browserslist-db@^1.0.9:
    version "1.0.11"
    resolved "http://172.16.0.199:8081/repository/npm-hosted/update-browserslist-db/-/update-browserslist-db-1.0.11.tgz#9a2a641ad2907ae7b3616506f4b977851db5b940"
    integrity sha1-mipkGtKQeuezYWUG9Ll3hR21uUA=
    dependencies:
      escalade "^3.1.1"
      picocolors "^1.0.0"
  
  uri-js@^4.2.2:
    version "4.4.1"
    resolved "http://172.16.0.199:8081/repository/npm-hosted/uri-js/-/uri-js-4.4.1.tgz#9b1a52595225859e55f669d928f88c6c57f2a77e"
    integrity sha1-mxpSWVIlhZ5V9mnZKPiMbFfyp34=
    dependencies:
      punycode "^2.1.0"
  
  url-parse@^1.5.3:
    version "1.5.10"
    resolved "http://172.16.0.199:8081/repository/npm-hosted/url-parse/-/url-parse-1.5.10.tgz#9d3c2f736c1d75dd3bd2be507dcc111f1e2ea9c1"
    integrity sha1-nTwvc2wddd070r5QfcwRHx4uqcE=
    dependencies:
      querystringify "^2.1.1"
      requires-port "^1.0.0"
  
  use-sync-external-store@^1.0.0:
    version "1.2.0"
    resolved "http://172.16.0.199:8081/repository/npm-hosted/use-sync-external-store/-/use-sync-external-store-1.2.0.tgz#7dbefd6ef3fe4e767a0cf5d7287aacfb5846928a"
    integrity sha1-fb79bvP+TnZ6DPXXKHqs+1hGkoo=
  
  util-deprecate@^1.0.1, util-deprecate@^1.0.2, util-deprecate@~1.0.1:
    version "1.0.2"
    resolved "http://172.16.0.199:8081/repository/npm-hosted/util-deprecate/-/util-deprecate-1.0.2.tgz#450d4dc9fa70de732762fbd2d4a28981419a0ccf"
    integrity sha1-RQ1Nyfpw3nMnYvvS1KKJgUGaDM8=
  
  util-promisify@^2.1.0:
    version "2.1.0"
    resolved "http://172.16.0.199:8081/repository/npm-hosted/util-promisify/-/util-promisify-2.1.0.tgz#3c2236476c4d32c5ff3c47002add7c13b9a82a53"
    integrity sha1-PCI2R2xNMsX/PEcAKt18E7moKlM=
    dependencies:
      object.getownpropertydescriptors "^2.0.3"
  
  utila@~0.4:
    version "0.4.0"
    resolved "http://172.16.0.199:8081/repository/npm-hosted/utila/-/utila-0.4.0.tgz#8a16a05d445657a3aea5eecc5b12a4fa5379772c"
    integrity sha1-ihagXURWV6Oupe7MWxKk+lN5dyw=
  
  utility-types@^3.10.0:
    version "3.10.0"
    resolved "http://172.16.0.199:8081/repository/npm-hosted/utility-types/-/utility-types-3.10.0.tgz#ea4148f9a741015f05ed74fd615e1d20e6bed82b"
    integrity sha1-6kFI+adBAV8F7XT9YV4dIOa+2Cs=
  
  utils-merge@1.0.1:
    version "1.0.1"
    resolved "http://172.16.0.199:8081/repository/npm-hosted/utils-merge/-/utils-merge-1.0.1.tgz#9f95710f50a267947b2ccc124741c1028427e713"
    integrity sha1-n5VxD1CiZ5R7LMwSR0HBAoQn5xM=
  
  uuid@^3.3.2:
    version "3.4.0"
    resolved "http://172.16.0.199:8081/repository/npm-hosted/uuid/-/uuid-3.4.0.tgz#b23e4358afa8a202fe7a100af1f5f883f02007ee"
    integrity sha1-sj5DWK+oogL+ehAK8fX4g/AgB+4=
  
  uuid@^8.3.2:
    version "8.3.2"
    resolved "http://172.16.0.199:8081/repository/npm-hosted/uuid/-/uuid-8.3.2.tgz#80d5b5ced271bb9af6c445f21a1a04c606cefbe2"
    integrity sha1-gNW1ztJxu5r2xEXyGhoExgbO++I=
  
  v8-compile-cache-lib@^3.0.1:
    version "3.0.1"
    resolved "http://172.16.0.199:8081/repository/npm-hosted/v8-compile-cache-lib/-/v8-compile-cache-lib-3.0.1.tgz#6336e8d71965cb3d35a1bbb7868445a7c05264bf"
    integrity sha1-Yzbo1xllyz01obu3hoRFp8BSZL8=
  
  v8-compile-cache@^2.3.0:
    version "2.4.0"
    resolved "http://172.16.0.199:8081/repository/npm-hosted/v8-compile-cache/-/v8-compile-cache-2.4.0.tgz#cdada8bec61e15865f05d097c5f4fd30e94dc128"
    integrity sha1-za2ovsYeFYZfBdCXxfT9MOlNwSg=
  
  v8-to-istanbul@^8.1.0:
    version "8.1.1"
    resolved "http://172.16.0.199:8081/repository/npm-hosted/v8-to-istanbul/-/v8-to-istanbul-8.1.1.tgz#77b752fd3975e31bbcef938f85e9bd1c7a8d60ed"
    integrity sha1-d7dS/Tl14xu875OPhem9HHqNYO0=
    dependencies:
      "@types/istanbul-lib-coverage" "^2.0.1"
      convert-source-map "^1.6.0"
      source-map "^0.7.3"
  
  validate-npm-package-license@^3.0.1, validate-npm-package-license@^3.0.4:
    version "3.0.4"
    resolved "http://172.16.0.199:8081/repository/npm-hosted/validate-npm-package-license/-/validate-npm-package-license-3.0.4.tgz#fc91f6b9c7ba15c857f4cb2c5defeec39d4f410a"
    integrity sha1-/JH2uce6FchX9MssXe/uw51PQQo=
    dependencies:
      spdx-correct "^3.0.0"
      spdx-expression-parse "^3.0.0"
  
  validate-npm-package-name@^3.0.0:
    version "3.0.0"
    resolved "http://172.16.0.199:8081/repository/npm-hosted/validate-npm-package-name/-/validate-npm-package-name-3.0.0.tgz#5fa912d81eb7d0c74afc140de7317f0ca7df437e"
    integrity sha1-X6kS2B630MdK/BQN5zF/DKffQ34=
    dependencies:
      builtins "^1.0.3"
  
  validate-npm-package-name@^4.0.0:
    version "4.0.0"
    resolved "http://172.16.0.199:8081/repository/npm-hosted/validate-npm-package-name/-/validate-npm-package-name-4.0.0.tgz#fe8f1c50ac20afdb86f177da85b3600f0ac0d747"
    integrity sha1-/o8cUKwgr9uG8XfahbNgDwrA10c=
    dependencies:
      builtins "^5.0.0"
  
  vary@~1.1.2:
    version "1.1.2"
    resolved "http://172.16.0.199:8081/repository/npm-hosted/vary/-/vary-1.1.2.tgz#2299f02c6ded30d4a5961b0b9f74524a18f634fc"
    integrity sha1-IpnwLG3tMNSllhsLn3RSShj2NPw=
  
  verror@1.10.0:
    version "1.10.0"
    resolved "http://172.16.0.199:8081/repository/npm-hosted/verror/-/verror-1.10.0.tgz#3a105ca17053af55d6e270c1f8288682e18da400"
    integrity sha1-OhBcoXBTr1XW4nDB+CiGguGNpAA=
    dependencies:
      assert-plus "^1.0.0"
      core-util-is "1.0.2"
      extsprintf "^1.2.0"
  
  vue-eslint-parser@^8.0.1:
    version "8.3.0"
    resolved "http://172.16.0.199:8081/repository/npm-hosted/vue-eslint-parser/-/vue-eslint-parser-8.3.0.tgz#5d31129a1b3dd89c0069ca0a1c88f970c360bd0d"
    integrity sha1-XTESmhs92JwAacoKHIj5cMNgvQ0=
    dependencies:
      debug "^4.3.2"
      eslint-scope "^7.0.0"
      eslint-visitor-keys "^3.1.0"
      espree "^9.0.0"
      esquery "^1.4.0"
      lodash "^4.17.21"
      semver "^7.3.5"
  
  vue-loader@^16.8.3:
    version "16.8.3"
    resolved "http://172.16.0.199:8081/repository/npm-hosted/vue-loader/-/vue-loader-16.8.3.tgz#d43e675def5ba9345d6c7f05914c13d861997087"
    integrity sha1-1D5nXe9bqTRdbH8FkUwT2GGZcIc=
    dependencies:
      chalk "^4.1.0"
      hash-sum "^2.0.0"
      loader-utils "^2.0.0"
  
  vue-style-loader@^4.1.3:
    version "4.1.3"
    resolved "http://172.16.0.199:8081/repository/npm-hosted/vue-style-loader/-/vue-style-loader-4.1.3.tgz#6d55863a51fa757ab24e89d9371465072aa7bc35"
    integrity sha1-bVWGOlH6dXqyTonZNxRlByqnvDU=
    dependencies:
      hash-sum "^1.0.2"
      loader-utils "^1.0.2"
  
  w3c-hr-time@^1.0.2:
    version "1.0.2"
    resolved "http://172.16.0.199:8081/repository/npm-hosted/w3c-hr-time/-/w3c-hr-time-1.0.2.tgz#0a89cdf5cc15822df9c360543676963e0cc308cd"
    integrity sha1-ConN9cwVgi35w2BUNnaWPgzDCM0=
    dependencies:
      browser-process-hrtime "^1.0.0"
  
  w3c-xmlserializer@^2.0.0:
    version "2.0.0"
    resolved "http://172.16.0.199:8081/repository/npm-hosted/w3c-xmlserializer/-/w3c-xmlserializer-2.0.0.tgz#3e7104a05b75146cc60f564380b7f683acf1020a"
    integrity sha1-PnEEoFt1FGzGD1ZDgLf2g6zxAgo=
    dependencies:
      xml-name-validator "^3.0.0"
  
  walker@^1.0.7:
    version "1.0.8"
    resolved "http://172.16.0.199:8081/repository/npm-hosted/walker/-/walker-1.0.8.tgz#bd498db477afe573dc04185f011d3ab8a8d7653f"
    integrity sha1-vUmNtHev5XPcBBhfAR06uKjXZT8=
    dependencies:
      makeerror "1.0.12"
  
  watchpack@^2.4.0:
    version "2.4.0"
    resolved "http://172.16.0.199:8081/repository/npm-hosted/watchpack/-/watchpack-2.4.0.tgz#fa33032374962c78113f93c7f2fb4c54c9862a5d"
    integrity sha1-+jMDI3SWLHgRP5PH8vtMVMmGKl0=
    dependencies:
      glob-to-regexp "^0.4.1"
      graceful-fs "^4.1.2"
  
  wbuf@^1.1.0, wbuf@^1.7.3:
    version "1.7.3"
    resolved "http://172.16.0.199:8081/repository/npm-hosted/wbuf/-/wbuf-1.7.3.tgz#c1d8d149316d3ea852848895cb6a0bfe887b87df"
    integrity sha1-wdjRSTFtPqhShIiVy2oL/oh7h98=
    dependencies:
      minimalistic-assert "^1.0.0"
  
  wcwidth@^1.0.0, wcwidth@^1.0.1:
    version "1.0.1"
    resolved "http://172.16.0.199:8081/repository/npm-hosted/wcwidth/-/wcwidth-1.0.1.tgz#f0b0dcf915bc5ff1528afadb2c0e17b532da2fe8"
    integrity sha1-8LDc+RW8X/FSivrbLA4XtTLaL+g=
    dependencies:
      defaults "^1.0.3"
  
  webidl-conversions@^3.0.0:
    version "3.0.1"
    resolved "http://172.16.0.199:8081/repository/npm-hosted/webidl-conversions/-/webidl-conversions-3.0.1.tgz#24534275e2a7bc6be7bc86611cc16ae0a5654871"
    integrity sha1-JFNCdeKnvGvnvIZhHMFq4KVlSHE=
  
  webidl-conversions@^5.0.0:
    version "5.0.0"
    resolved "http://172.16.0.199:8081/repository/npm-hosted/webidl-conversions/-/webidl-conversions-5.0.0.tgz#ae59c8a00b121543a2acc65c0434f57b0fc11aff"
    integrity sha1-rlnIoAsSFUOirMZcBDT1ew/BGv8=
  
  webidl-conversions@^6.1.0:
    version "6.1.0"
    resolved "http://172.16.0.199:8081/repository/npm-hosted/webidl-conversions/-/webidl-conversions-6.1.0.tgz#9111b4d7ea80acd40f5270d666621afa78b69514"
    integrity sha1-kRG01+qArNQPUnDWZmIa+ni2lRQ=
  
  webpack-bundle-analyzer@^4.5.0:
    version "4.9.0"
    resolved "http://172.16.0.199:8081/repository/npm-hosted/webpack-bundle-analyzer/-/webpack-bundle-analyzer-4.9.0.tgz#fc093c4ab174fd3dcbd1c30b763f56d10141209d"
    integrity sha1-/Ak8SrF0/T3L0cMLdj9W0QFBIJ0=
    dependencies:
      "@discoveryjs/json-ext" "0.5.7"
      acorn "^8.0.4"
      acorn-walk "^8.0.0"
      chalk "^4.1.0"
      commander "^7.2.0"
      gzip-size "^6.0.0"
      lodash "^4.17.20"
      opener "^1.5.2"
      sirv "^1.0.7"
      ws "^7.3.1"
  
  webpack-dev-middleware@^5.3.1:
    version "5.3.3"
    resolved "http://172.16.0.199:8081/repository/npm-hosted/webpack-dev-middleware/-/webpack-dev-middleware-5.3.3.tgz#efae67c2793908e7311f1d9b06f2a08dcc97e51f"
    integrity sha1-765nwnk5COcxHx2bBvKgjcyX5R8=
    dependencies:
      colorette "^2.0.10"
      memfs "^3.4.3"
      mime-types "^2.1.31"
      range-parser "^1.2.1"
      schema-utils "^4.0.0"
  
  webpack-dev-server@4.9.3:
    version "4.9.3"
    resolved "http://172.16.0.199:8081/repository/npm-hosted/webpack-dev-server/-/webpack-dev-server-4.9.3.tgz#2360a5d6d532acb5410a668417ad549ee3b8a3c9"
    integrity sha1-I2Cl1tUyrLVBCmaEF61UnuO4o8k=
    dependencies:
      "@types/bonjour" "^3.5.9"
      "@types/connect-history-api-fallback" "^1.3.5"
      "@types/express" "^4.17.13"
      "@types/serve-index" "^1.9.1"
      "@types/serve-static" "^1.13.10"
      "@types/sockjs" "^0.3.33"
      "@types/ws" "^8.5.1"
      ansi-html-community "^0.0.8"
      bonjour-service "^1.0.11"
      chokidar "^3.5.3"
      colorette "^2.0.10"
      compression "^1.7.4"
      connect-history-api-fallback "^2.0.0"
      default-gateway "^6.0.3"
      express "^4.17.3"
      graceful-fs "^4.2.6"
      html-entities "^2.3.2"
      http-proxy-middleware "^2.0.3"
      ipaddr.js "^2.0.1"
      open "^8.0.9"
      p-retry "^4.5.0"
      rimraf "^3.0.2"
      schema-utils "^4.0.0"
      selfsigned "^2.0.1"
      serve-index "^1.9.1"
      sockjs "^0.3.24"
      spdy "^4.0.2"
      webpack-dev-middleware "^5.3.1"
      ws "^8.4.2"
  
  webpack-sources@^3.2.3:
    version "3.2.3"
    resolved "http://172.16.0.199:8081/repository/npm-hosted/webpack-sources/-/webpack-sources-3.2.3.tgz#2d4daab8451fd4b240cc27055ff6a0c2ccea0cde"
    integrity sha1-LU2quEUf1LJAzCcFX/agwszqDN4=
  
  webpack@5.74.0:
    version "5.74.0"
    resolved "http://172.16.0.199:8081/repository/npm-hosted/webpack/-/webpack-5.74.0.tgz#02a5dac19a17e0bb47093f2be67c695102a55980"
    integrity sha1-AqXawZoX4LtHCT8r5nxpUQKlWYA=
    dependencies:
      "@types/eslint-scope" "^3.7.3"
      "@types/estree" "^0.0.51"
      "@webassemblyjs/ast" "1.11.1"
      "@webassemblyjs/wasm-edit" "1.11.1"
      "@webassemblyjs/wasm-parser" "1.11.1"
      acorn "^8.7.1"
      acorn-import-assertions "^1.7.6"
      browserslist "^4.14.5"
      chrome-trace-event "^1.0.2"
      enhanced-resolve "^5.10.0"
      es-module-lexer "^0.9.0"
      eslint-scope "5.1.1"
      events "^3.2.0"
      glob-to-regexp "^0.4.1"
      graceful-fs "^4.2.9"
      json-parse-even-better-errors "^2.3.1"
      loader-runner "^4.2.0"
      mime-types "^2.1.27"
      neo-async "^2.6.2"
      schema-utils "^3.1.0"
      tapable "^2.1.1"
      terser-webpack-plugin "^5.1.3"
      watchpack "^2.4.0"
      webpack-sources "^3.2.3"
  
  websocket-driver@>=0.5.1, websocket-driver@^0.7.4:
    version "0.7.4"
    resolved "http://172.16.0.199:8081/repository/npm-hosted/websocket-driver/-/websocket-driver-0.7.4.tgz#89ad5295bbf64b480abcba31e4953aca706f5760"
    integrity sha1-ia1Slbv2S0gKvLox5JU6ynBvV2A=
    dependencies:
      http-parser-js ">=0.5.1"
      safe-buffer ">=5.1.0"
      websocket-extensions ">=0.1.1"
  
  websocket-extensions@>=0.1.1:
    version "0.1.4"
    resolved "http://172.16.0.199:8081/repository/npm-hosted/websocket-extensions/-/websocket-extensions-0.1.4.tgz#7f8473bc839dfd87608adb95d7eb075211578a42"
    integrity sha1-f4RzvIOd/YdgituV1+sHUhFXikI=
  
  whatwg-encoding@^1.0.5:
    version "1.0.5"
    resolved "http://172.16.0.199:8081/repository/npm-hosted/whatwg-encoding/-/whatwg-encoding-1.0.5.tgz#5abacf777c32166a51d085d6b4f3e7d27113ddb0"
    integrity sha1-WrrPd3wyFmpR0IXWtPPn0nET3bA=
    dependencies:
      iconv-lite "0.4.24"
  
  whatwg-mimetype@^2.3.0:
    version "2.3.0"
    resolved "http://172.16.0.199:8081/repository/npm-hosted/whatwg-mimetype/-/whatwg-mimetype-2.3.0.tgz#3d4b1e0312d2079879f826aff18dbeeca5960fbf"
    integrity sha1-PUseAxLSB5h5+Cav8Y2+7KWWD78=
  
  whatwg-url@^5.0.0:
    version "5.0.0"
    resolved "http://172.16.0.199:8081/repository/npm-hosted/whatwg-url/-/whatwg-url-5.0.0.tgz#966454e8765462e37644d3626f6742ce8b70965d"
    integrity sha1-lmRU6HZUYuN2RNNib2dCzotwll0=
    dependencies:
      tr46 "~0.0.3"
      webidl-conversions "^3.0.0"
  
  whatwg-url@^8.0.0, whatwg-url@^8.4.0, whatwg-url@^8.5.0:
    version "8.7.0"
    resolved "http://172.16.0.199:8081/repository/npm-hosted/whatwg-url/-/whatwg-url-8.7.0.tgz#656a78e510ff8f3937bc0bcbe9f5c0ac35941b77"
    integrity sha1-ZWp45RD/jzk3vAvL6fXArDWUG3c=
    dependencies:
      lodash "^4.7.0"
      tr46 "^2.1.0"
      webidl-conversions "^6.1.0"
  
  which-boxed-primitive@^1.0.2:
    version "1.0.2"
    resolved "http://172.16.0.199:8081/repository/npm-hosted/which-boxed-primitive/-/which-boxed-primitive-1.0.2.tgz#13757bc89b209b049fe5d86430e21cf40a89a8e6"
    integrity sha1-E3V7yJsgmwSf5dhkMOIc9AqJqOY=
    dependencies:
      is-bigint "^1.0.1"
      is-boolean-object "^1.1.0"
      is-number-object "^1.0.4"
      is-string "^1.0.5"
      is-symbol "^1.0.3"
  
  which-pm-runs@^1.0.0:
    version "1.1.0"
    resolved "http://172.16.0.199:8081/repository/npm-hosted/which-pm-runs/-/which-pm-runs-1.1.0.tgz#35ccf7b1a0fce87bd8b92a478c9d045785d3bf35"
    integrity sha1-Ncz3saD86HvYuSpHjJ0EV4XTvzU=
  
  which-typed-array@^1.1.11, which-typed-array@^1.1.13:
    version "1.1.13"
    resolved "http://172.16.0.199:8081/repository/npm-hosted/which-typed-array/-/which-typed-array-1.1.13.tgz#870cd5be06ddb616f504e7b039c4c24898184d36"
    integrity sha1-hwzVvgbdthb1BOewOcTCSJgYTTY=
    dependencies:
      available-typed-arrays "^1.0.5"
      call-bind "^1.0.4"
      for-each "^0.3.3"
      gopd "^1.0.1"
      has-tostringtag "^1.0.0"
  
  which-typed-array@^1.1.9:
    version "1.1.9"
    resolved "http://172.16.0.199:8081/repository/npm-hosted/which-typed-array/-/which-typed-array-1.1.9.tgz#307cf898025848cf995e795e8423c7f337efbde6"
    integrity sha1-MHz4mAJYSM+ZXnlehCPH8zfvveY=
    dependencies:
      available-typed-arrays "^1.0.5"
      call-bind "^1.0.2"
      for-each "^0.3.3"
      gopd "^1.0.1"
      has-tostringtag "^1.0.0"
      is-typed-array "^1.1.10"
  
  which@^1.2.14, which@^1.2.9, which@^1.3.1:
    version "1.3.1"
    resolved "http://172.16.0.199:8081/repository/npm-hosted/which/-/which-1.3.1.tgz#a45043d54f5805316da8d62f9f50918d3da70b0a"
    integrity sha1-pFBD1U9YBTFtqNYvn1CRjT2nCwo=
    dependencies:
      isexe "^2.0.0"
  
  which@^2.0.1, which@^2.0.2:
    version "2.0.2"
    resolved "http://172.16.0.199:8081/repository/npm-hosted/which/-/which-2.0.2.tgz#7c6a8dd0a636a0327e10b59c9286eee93f3f51b1"
    integrity sha1-fGqN0KY2oDJ+ELWckobu6T8/UbE=
    dependencies:
      isexe "^2.0.0"
  
  wide-align@^1.1.0:
    version "1.1.5"
    resolved "http://172.16.0.199:8081/repository/npm-hosted/wide-align/-/wide-align-1.1.5.tgz#df1d4c206854369ecf3c9a4898f1b23fbd9d15d3"
    integrity sha1-3x1MIGhUNp7PPJpImPGyP72dFdM=
    dependencies:
      string-width "^1.0.2 || 2 || 3 || 4"
  
  word-wrap@^1.0.3:
    version "1.2.5"
    resolved "http://172.16.0.199:8081/repository/npm-hosted/word-wrap/-/word-wrap-1.2.5.tgz#d2c45c6dd4fbce621a66f136cbe328afd0410b34"
    integrity sha1-0sRcbdT7zmIaZvE2y+Mor9BBCzQ=
  
  wordwrap@^1.0.0:
    version "1.0.0"
    resolved "http://172.16.0.199:8081/repository/npm-hosted/wordwrap/-/wordwrap-1.0.0.tgz#27584810891456a4171c8d0226441ade90cbcaeb"
    integrity sha1-J1hIEIkUVqQXHI0CJkQa3pDLyus=
  
  wrap-ansi@^6.2.0:
    version "6.2.0"
    resolved "http://172.16.0.199:8081/repository/npm-hosted/wrap-ansi/-/wrap-ansi-6.2.0.tgz#e9393ba07102e6c91a3b221478f0257cd2856e53"
    integrity sha1-6Tk7oHEC5skaOyIUePAlfNKFblM=
    dependencies:
      ansi-styles "^4.0.0"
      string-width "^4.1.0"
      strip-ansi "^6.0.0"
  
  wrap-ansi@^7.0.0:
    version "7.0.0"
    resolved "http://172.16.0.199:8081/repository/npm-hosted/wrap-ansi/-/wrap-ansi-7.0.0.tgz#67e145cff510a6a6984bdf1152911d69d2eb9e43"
    integrity sha1-Z+FFz/UQpqaYS98RUpEdadLrnkM=
    dependencies:
      ansi-styles "^4.0.0"
      string-width "^4.1.0"
      strip-ansi "^6.0.0"
  
  wrappy@1:
    version "1.0.2"
    resolved "http://172.16.0.199:8081/repository/npm-hosted/wrappy/-/wrappy-1.0.2.tgz#b5243d8f3ec1aa35f1364605bc0d1036e30ab69f"
    integrity sha1-tSQ9jz7BqjXxNkYFvA0QNuMKtp8=
  
  write-file-atomic@^2.4.2:
    version "2.4.3"
    resolved "http://172.16.0.199:8081/repository/npm-hosted/write-file-atomic/-/write-file-atomic-2.4.3.tgz#1fd2e9ae1df3e75b8d8c367443c692d4ca81f481"
    integrity sha1-H9Lprh3z51uNjDZ0Q8aS1MqB9IE=
    dependencies:
      graceful-fs "^4.1.11"
      imurmurhash "^0.1.4"
      signal-exit "^3.0.2"
  
  write-file-atomic@^3.0.0, write-file-atomic@^3.0.3:
    version "3.0.3"
    resolved "http://172.16.0.199:8081/repository/npm-hosted/write-file-atomic/-/write-file-atomic-3.0.3.tgz#56bd5c5a5c70481cd19c571bd39ab965a5de56e8"
    integrity sha1-Vr1cWlxwSBzRnFcb05q5ZaXeVug=
    dependencies:
      imurmurhash "^0.1.4"
      is-typedarray "^1.0.0"
      signal-exit "^3.0.2"
      typedarray-to-buffer "^3.1.5"
  
  write-file-atomic@^4.0.2:
    version "4.0.2"
    resolved "http://172.16.0.199:8081/repository/npm-hosted/write-file-atomic/-/write-file-atomic-4.0.2.tgz#a9df01ae5b77858a027fd2e80768ee433555fcfd"
    integrity sha1-qd8Brlt3hYoCf9LoB2juQzVV/P0=
    dependencies:
      imurmurhash "^0.1.4"
      signal-exit "^3.0.7"
  
  write-json-file@^3.2.0:
    version "3.2.0"
    resolved "http://172.16.0.199:8081/repository/npm-hosted/write-json-file/-/write-json-file-3.2.0.tgz#65bbdc9ecd8a1458e15952770ccbadfcff5fe62a"
    integrity sha1-Zbvcns2KFFjhWVJ3DMut/P9f5io=
    dependencies:
      detect-indent "^5.0.0"
      graceful-fs "^4.1.15"
      make-dir "^2.1.0"
      pify "^4.0.1"
      sort-keys "^2.0.0"
      write-file-atomic "^2.4.2"
  
  write-json-file@^4.3.0:
    version "4.3.0"
    resolved "http://172.16.0.199:8081/repository/npm-hosted/write-json-file/-/write-json-file-4.3.0.tgz#908493d6fd23225344af324016e4ca8f702dd12d"
    integrity sha1-kIST1v0jIlNErzJAFuTKj3At0S0=
    dependencies:
      detect-indent "^6.0.0"
      graceful-fs "^4.1.15"
      is-plain-obj "^2.0.0"
      make-dir "^3.0.0"
      sort-keys "^4.0.0"
      write-file-atomic "^3.0.0"
  
  write-pkg@^4.0.0:
    version "4.0.0"
    resolved "http://172.16.0.199:8081/repository/npm-hosted/write-pkg/-/write-pkg-4.0.0.tgz#675cc04ef6c11faacbbc7771b24c0abbf2a20039"
    integrity sha1-Z1zATvbBH6rLvHdxskwKu/KiADk=
    dependencies:
      sort-keys "^2.0.0"
      type-fest "^0.4.1"
      write-json-file "^3.2.0"
  
  ws@^7.3.1, ws@^7.4.6:
    version "7.5.9"
    resolved "http://172.16.0.199:8081/repository/npm-hosted/ws/-/ws-7.5.9.tgz#54fa7db29f4c7cec68b1ddd3a89de099942bb591"
    integrity sha1-VPp9sp9MfOxosd3TqJ3gmZQrtZE=
  
  ws@^8.4.2:
    version "8.11.0"
    resolved "http://172.16.0.199:8081/repository/npm-hosted/ws/-/ws-8.11.0.tgz#6a0d36b8edfd9f96d8b25683db2f8d7de6e8e143"
    integrity sha1-ag02uO39n5bYslaD2y+Nfebo4UM=
  
  xml-name-validator@^3.0.0:
    version "3.0.0"
    resolved "http://172.16.0.199:8081/repository/npm-hosted/xml-name-validator/-/xml-name-validator-3.0.0.tgz#6ae73e06de4d8c6e47f9fb181f78d648ad457c6a"
    integrity sha1-auc+Bt5NjG5H+fsYH3jWSK1FfGo=
  
  xmlchars@^2.2.0:
    version "2.2.0"
    resolved "http://172.16.0.199:8081/repository/npm-hosted/xmlchars/-/xmlchars-2.2.0.tgz#060fe1bcb7f9c76fe2a17db86a9bc3ab894210cb"
    integrity sha1-Bg/hvLf5x2/ioX24apvDq4lCEMs=
  
  xtend@~4.0.1:
    version "4.0.2"
    resolved "http://172.16.0.199:8081/repository/npm-hosted/xtend/-/xtend-4.0.2.tgz#bb72779f5fa465186b1f438f674fa347fdb5db54"
    integrity sha1-u3J3n1+kZRhrH0OPZ0+jR/2121Q=
  
  y18n@^5.0.5:
    version "5.0.8"
    resolved "http://172.16.0.199:8081/repository/npm-hosted/y18n/-/y18n-5.0.8.tgz#7f4934d0f7ca8c56f95314939ddcd2dd91ce1d55"
    integrity sha1-f0k00PfKjFb5UxSTndzS3ZHOHVU=
  
  yallist@^3.0.0, yallist@^3.0.2, yallist@^3.1.1:
    version "3.1.1"
    resolved "http://172.16.0.199:8081/repository/npm-hosted/yallist/-/yallist-3.1.1.tgz#dbb7daf9bfd8bac9ab45ebf602b8cbad0d5d08fd"
    integrity sha1-27fa+b/YusmrRev2ArjLrQ1dCP0=
  
  yallist@^4.0.0:
    version "4.0.0"
    resolved "http://172.16.0.199:8081/repository/npm-hosted/yallist/-/yallist-4.0.0.tgz#9bb92790d9c0effec63be73519e11a35019a3a72"
    integrity sha1-m7knkNnA7/7GO+c1GeEaNQGaOnI=
  
  yaml@^1.10.0, yaml@^1.10.2:
    version "1.10.2"
    resolved "http://172.16.0.199:8081/repository/npm-hosted/yaml/-/yaml-1.10.2.tgz#2301c5ffbf12b467de8da2333a459e29e7920e4b"
    integrity sha1-IwHF/78StGfejaIzOkWeKeeSDks=
  
  yargs-parser@20.2.4:
    version "20.2.4"
    resolved "http://172.16.0.199:8081/repository/npm-hosted/yargs-parser/-/yargs-parser-20.2.4.tgz#b42890f14566796f85ae8e3a25290d205f154a54"
    integrity sha1-tCiQ8UVmeW+Fro46JSkNIF8VSlQ=
  
  yargs-parser@^20.2.2, yargs-parser@^20.2.3:
    version "20.2.9"
    resolved "http://172.16.0.199:8081/repository/npm-hosted/yargs-parser/-/yargs-parser-20.2.9.tgz#2eb7dc3b0289718fc295f362753845c41a0c94ee"
    integrity sha1-LrfcOwKJcY/ClfNidThFxBoMlO4=
  
  yargs@^16.1.0, yargs@^16.2.0:
    version "16.2.0"
    resolved "http://172.16.0.199:8081/repository/npm-hosted/yargs/-/yargs-16.2.0.tgz#1c82bf0f6b6a66eafce7ef30e376f49a12477f66"
    integrity sha1-HIK/D2tqZur85+8w43b0mhJHf2Y=
    dependencies:
      cliui "^7.0.2"
      escalade "^3.1.1"
      get-caller-file "^2.0.5"
      require-directory "^2.1.1"
      string-width "^4.2.0"
      y18n "^5.0.5"
      yargs-parser "^20.2.2"
  
  yn@3.1.1:
    version "3.1.1"
    resolved "http://172.16.0.199:8081/repository/npm-hosted/yn/-/yn-3.1.1.tgz#1e87401a09d767c1d5eab26a6e4c185182d2eb50"
    integrity sha1-HodAGgnXZ8HV6rJqbkwYUYLS61A=
  
  yocto-queue@^0.1.0:
    version "0.1.0"
    resolved "http://172.16.0.199:8081/repository/npm-hosted/yocto-queue/-/yocto-queue-0.1.0.tgz#0294eb3dee05028d31ee1a5fa2c556a6aaf10a1b"
    integrity sha1-ApTrPe4FAo0x7hpfosVWpqrxChs=
